id,title,release_date,release_year,genres_list,director,top_cast,budget,revenue,profit,roi,vote_average,vote_count,popularity,runtime,original_language
19995,Avatar,2009-12-10,2009.0,"['Action', 'Adventure', 'Fantasy', 'Science Fiction']",James Cameron,"['Sam Worthington', 'Zoe Saldana', 'Sigourney Weaver']",237000000,2787965087,2550965087,1076.356576793249,7.2,11800,150.437577,162.0,en
285,Pirates of the Caribbean: At World's End,2007-05-19,2007.0,"['Adventure', 'Fantasy', 'Action']",Gore Verbinski,"['Johnny Depp', 'Orlando Bloom', 'Keira Knightley']",300000000,961000000,661000000,220.33333333333331,6.9,4500,139.082615,169.0,en
206647,Spectre,2015-10-26,2015.0,"['Action', 'Adventure', 'Crime']",Sam Mendes,"['Daniel Craig', 'Christoph Waltz', 'Léa Seydoux']",245000000,880674609,635674609,259.45902408163266,6.3,4466,107.376788,148.0,en
49026,The Dark Knight Rises,2012-07-16,2012.0,"['Action', 'Crime', 'Drama', 'Thriller']",Christopher Nolan,"['Christian Bale', 'Michael Caine', 'Gary Oldman']",250000000,1084939099,834939099,333.97563959999997,7.6,9106,112.31295,165.0,en
49529,John Carter,2012-03-07,2012.0,"['Action', 'Adventure', 'Science Fiction']",Andrew Stanton,"['Taylor Kitsch', 'Lynn Collins', 'Samantha Morton']",260000000,284139100,24139100,9.284269230769231,6.1,2124,43.926995,132.0,en
559,Spider-Man 3,2007-05-01,2007.0,"['Fantasy', 'Action', 'Adventure']",Sam Raimi,"['Tobey Maguire', 'Kirsten Dunst', 'James Franco']",258000000,890871626,632871626,245.29907984496126,5.9,3576,115.699814,139.0,en
38757,Tangled,2010-11-24,2010.0,"['Animation', 'Family']",Byron Howard,"['Zachary Levi', 'Mandy Moore', 'Donna Murphy']",260000000,591794936,331794936,127.61343692307692,7.4,3330,48.681969,100.0,en
99861,Avengers: Age of Ultron,2015-04-22,2015.0,"['Action', 'Adventure', 'Science Fiction']",Joss Whedon,"['Robert Downey Jr.', 'Chris Hemsworth', 'Mark Ruffalo']",280000000,1405403694,1125403694,401.9298907142857,7.3,6767,134.279229,141.0,en
767,Harry Potter and the Half-Blood Prince,2009-07-07,2009.0,"['Adventure', 'Fantasy', 'Family']",David Yates,"['Daniel Radcliffe', 'Rupert Grint', 'Emma Watson']",250000000,933959197,683959197,273.5836788,7.4,5293,98.885637,153.0,en
209112,Batman v Superman: Dawn of Justice,2016-03-23,2016.0,"['Action', 'Adventure', 'Fantasy']",Zack Snyder,"['Ben Affleck', 'Henry Cavill', 'Gal Gadot']",250000000,873260194,623260194,249.3040776,5.7,7004,155.790452,151.0,en
1452,Superman Returns,2006-06-28,2006.0,"['Adventure', 'Fantasy', 'Action', 'Science Fiction']",Bryan Singer,"['Brandon Routh', 'Kevin Spacey', 'Kate Bosworth']",270000000,391081192,121081192,44.84488592592592,5.4,1400,57.925623,154.0,en
10764,Quantum of Solace,2008-10-30,2008.0,"['Adventure', 'Action', 'Thriller', 'Crime']",Marc Forster,"['Daniel Craig', 'Olga Kurylenko', 'Mathieu Amalric']",200000000,586090727,386090727,193.04536349999998,6.1,2965,107.928811,106.0,en
58,Pirates of the Caribbean: Dead Man's Chest,2006-06-20,2006.0,"['Adventure', 'Fantasy', 'Action']",Gore Verbinski,"['Johnny Depp', 'Orlando Bloom', 'Keira Knightley']",200000000,1065659812,865659812,432.829906,7.0,5246,145.847379,151.0,en
57201,The Lone Ranger,2013-07-03,2013.0,"['Action', 'Adventure', 'Western']",Gore Verbinski,"['Johnny Depp', 'Armie Hammer', 'William Fichtner']",255000000,89289910,-165710090,-64.98434901960785,5.9,2311,49.046956,149.0,en
49521,Man of Steel,2013-06-12,2013.0,"['Action', 'Adventure', 'Fantasy', 'Science Fiction']",Zack Snyder,"['Henry Cavill', 'Amy Adams', 'Michael Shannon']",225000000,662845518,437845518,194.598008,6.5,6359,99.398009,143.0,en
2454,The Chronicles of Narnia: Prince Caspian,2008-05-15,2008.0,"['Adventure', 'Family', 'Fantasy']",Andrew Adamson,"['Ben Barnes', 'William Moseley', 'Anna Popplewell']",225000000,419651413,194651413,86.51173911111111,6.3,1630,53.978602,150.0,en
24428,The Avengers,2012-04-25,2012.0,"['Science Fiction', 'Action', 'Adventure']",Joss Whedon,"['Robert Downey Jr.', 'Chris Evans', 'Mark Ruffalo']",220000000,1519557910,1299557910,590.708140909091,7.4,11776,144.448633,143.0,en
1865,Pirates of the Caribbean: On Stranger Tides,2011-05-14,2011.0,"['Adventure', 'Action', 'Fantasy']",Rob Marshall,"['Johnny Depp', 'Penélope Cruz', 'Ian McShane']",380000000,1045713802,665713802,175.18784263157895,6.4,4948,135.413856,136.0,en
41154,Men in Black 3,2012-05-23,2012.0,"['Action', 'Comedy', 'Science Fiction']",Barry Sonnenfeld,"['Will Smith', 'Tommy Lee Jones', 'Josh Brolin']",225000000,624026776,399026776,177.34523377777776,6.2,4160,52.035179,106.0,en
122917,The Hobbit: The Battle of the Five Armies,2014-12-10,2014.0,"['Action', 'Adventure', 'Fantasy']",Peter Jackson,"['Martin Freeman', 'Ian McKellen', 'Richard Armitage']",250000000,956019788,706019788,282.4079152,7.1,4760,120.965743,144.0,en
1930,The Amazing Spider-Man,2012-06-27,2012.0,"['Action', 'Adventure', 'Fantasy']",Marc Webb,"['Andrew Garfield', 'Emma Stone', 'Rhys Ifans']",215000000,752215857,537215857,249.86784046511627,6.5,6586,89.866276,136.0,en
20662,Robin Hood,2010-05-12,2010.0,"['Action', 'Adventure']",Ridley Scott,"['Russell Crowe', 'Cate Blanchett', 'Max von Sydow']",200000000,310669540,110669540,55.33477,6.2,1398,37.668301,140.0,en
57158,The Hobbit: The Desolation of Smaug,2013-12-11,2013.0,"['Adventure', 'Fantasy']",Peter Jackson,"['Martin Freeman', 'Ian McKellen', 'Richard Armitage']",250000000,958400000,708400000,283.36,7.6,4524,94.370564,161.0,en
2268,The Golden Compass,2007-12-04,2007.0,"['Adventure', 'Fantasy']",Chris Weitz,"['Dakota Blue Richards', 'Nicole Kidman', 'Daniel Craig']",180000000,372234864,192234864,106.79714666666666,5.8,1303,42.990906,113.0,en
254,King Kong,2005-12-14,2005.0,"['Adventure', 'Drama', 'Action']",Peter Jackson,"['Naomi Watts', 'Jack Black', 'Adrien Brody']",207000000,550000000,343000000,165.70048309178745,6.6,2337,61.22601,187.0,en
597,Titanic,1997-11-18,1997.0,"['Drama', 'Romance', 'Thriller']",James Cameron,"['Kate Winslet', 'Leonardo DiCaprio', 'Frances Fisher']",200000000,1845034188,1645034188,822.517094,7.5,7562,100.025899,194.0,en
271110,Captain America: Civil War,2016-04-27,2016.0,"['Adventure', 'Action', 'Science Fiction']",Anthony Russo,"['Chris Evans', 'Robert Downey Jr.', 'Scarlett Johansson']",250000000,1153304495,903304495,361.321798,7.1,7241,198.372395,147.0,en
44833,Battleship,2012-04-11,2012.0,"['Thriller', 'Action', 'Adventure', 'Science Fiction']",Peter Berg,"['Taylor Kitsch', 'Alexander Skarsgård', 'Rihanna']",209000000,303025485,94025485,44.98827033492823,5.5,2114,64.928382,131.0,en
135397,Jurassic World,2015-06-09,2015.0,"['Action', 'Adventure', 'Science Fiction', 'Thriller']",Colin Trevorrow,"['Chris Pratt', 'Bryce Dallas Howard', 'Irrfan Khan']",150000000,1513528810,1363528810,909.0192066666667,6.5,8662,418.708552,124.0,en
37724,Skyfall,2012-10-25,2012.0,"['Action', 'Adventure', 'Thriller']",Sam Mendes,"['Daniel Craig', 'Judi Dench', 'Javier Bardem']",200000000,1108561013,908561013,454.28050649999994,6.9,7604,93.004993,143.0,en
558,Spider-Man 2,2004-06-25,2004.0,"['Action', 'Adventure', 'Fantasy']",Sam Raimi,"['Tobey Maguire', 'Kirsten Dunst', 'James Franco']",200000000,783766341,583766341,291.8831705,6.7,4321,35.149586,127.0,en
68721,Iron Man 3,2013-04-18,2013.0,"['Action', 'Adventure', 'Science Fiction']",Shane Black,"['Robert Downey Jr.', 'Gwyneth Paltrow', 'Don Cheadle']",200000000,1215439994,1015439994,507.719997,6.8,8806,77.68208,130.0,en
12155,Alice in Wonderland,2010-03-03,2010.0,"['Family', 'Fantasy', 'Adventure']",Tim Burton,"['Mia Wasikowska', 'Johnny Depp', 'Anne Hathaway']",200000000,1025491110,825491110,412.74555499999997,6.4,4645,78.530105,108.0,en
36668,X-Men: The Last Stand,2006-05-24,2006.0,"['Adventure', 'Action', 'Science Fiction', 'Thriller']",Brett Ratner,"['Hugh Jackman', 'Halle Berry', 'Ian McKellen']",210000000,459359555,249359555,118.74264523809524,6.3,3525,3.857526,104.0,en
62211,Monsters University,2013-06-20,2013.0,"['Animation', 'Family']",Dan Scanlon,"['Billy Crystal', 'John Goodman', 'Steve Buscemi']",200000000,743559607,543559607,271.7798035,7.0,3528,89.186492,104.0,en
8373,Transformers: Revenge of the Fallen,2009-06-19,2009.0,"['Science Fiction', 'Action', 'Adventure']",Michael Bay,"['Shia LaBeouf', 'Megan Fox', 'Josh Duhamel']",150000000,836297228,686297228,457.53148533333336,6.0,3138,21.939663,150.0,en
91314,Transformers: Age of Extinction,2014-06-25,2014.0,"['Science Fiction', 'Action', 'Adventure']",Michael Bay,"['Mark Wahlberg', 'Stanley Tucci', 'Kelsey Grammer']",210000000,1091405097,881405097,419.71671285714285,5.8,3095,116.840296,165.0,en
68728,Oz: The Great and Powerful,2013-03-07,2013.0,"['Fantasy', 'Adventure', 'Family']",Sam Raimi,"['James Franco', 'Mila Kunis', 'Rachel Weisz']",200000000,491868548,291868548,145.93427400000002,5.7,3530,46.985445,130.0,en
102382,The Amazing Spider-Man 2,2014-04-16,2014.0,"['Action', 'Adventure', 'Fantasy']",Marc Webb,"['Andrew Garfield', 'Emma Stone', 'Jamie Foxx']",200000000,705717432,505717432,252.858716,6.5,4179,89.270217,142.0,en
20526,TRON: Legacy,2010-12-10,2010.0,"['Adventure', 'Action', 'Science Fiction']",Joseph Kosinski,"['Garrett Hedlund', 'Jeff Bridges', 'Olivia Wilde']",170000000,400062763,230062763,135.3310370588235,6.3,2841,73.79505,125.0,en
49013,Cars 2,2011-06-11,2011.0,"['Animation', 'Family', 'Adventure', 'Comedy']",John Lasseter,"['Owen Wilson', 'Larry the Cable Guy', 'Michael Caine']",200000000,559852396,359852396,179.926198,5.8,2033,49.98659,106.0,en
44912,Green Lantern,2011-06-16,2011.0,"['Adventure', 'Action', 'Thriller', 'Science Fiction']",Martin Campbell,"['Ryan Reynolds', 'Blake Lively', 'Peter Sarsgaard']",200000000,219851172,19851172,9.925586000000001,5.1,2487,51.872839,114.0,en
10193,Toy Story 3,2010-06-16,2010.0,"['Animation', 'Family', 'Comedy']",Lee Unkrich,"['Tom Hanks', 'Tim Allen', 'Ned Beatty']",200000000,1066969703,866969703,433.4848515,7.6,4597,59.995418,103.0,en
534,Terminator Salvation,2009-05-20,2009.0,"['Action', 'Science Fiction', 'Thriller']",McG,"['Christian Bale', 'Sam Worthington', 'Anton Yelchin']",200000000,371353001,171353001,85.6765005,5.9,2463,71.862892,115.0,en
168259,Furious 7,2015-04-01,2015.0,['Action'],James Wan,"['Vin Diesel', 'Paul Walker', 'Dwayne Johnson']",190000000,1506249360,1316249360,692.7628210526316,7.3,4176,102.322217,137.0,en
72190,World War Z,2013-06-20,2013.0,"['Action', 'Drama', 'Horror', 'Science Fiction', 'Thriller']",Marc Forster,"['Brad Pitt', 'Mireille Enos', 'Abigail Hargrove']",200000000,531865000,331865000,165.9325,6.7,5560,81.834855,116.0,en
127585,X-Men: Days of Future Past,2014-05-15,2014.0,"['Action', 'Adventure', 'Fantasy', 'Science Fiction']",Bryan Singer,"['Hugh Jackman', 'James McAvoy', 'Michael Fassbender']",250000000,747862775,497862775,199.14511,7.5,6032,118.078691,131.0,en
54138,Star Trek Into Darkness,2013-05-05,2013.0,"['Action', 'Adventure', 'Science Fiction']",J.J. Abrams,"['Chris Pine', 'Zachary Quinto', 'Zoe Saldana']",190000000,467365246,277365246,145.98170842105262,7.4,4418,78.291018,132.0,en
81005,Jack the Giant Slayer,2013-02-27,2013.0,"['Action', 'Family', 'Fantasy']",Bryan Singer,"['Nicholas Hoult', 'Eleanor Tomlinson', 'Ewan McGregor']",195000000,197687603,2687603,1.3782579487179487,5.5,2598,43.349855,114.0,en
64682,The Great Gatsby,2013-05-10,2013.0,"['Drama', 'Romance']",Baz Luhrmann,"['Leonardo DiCaprio', 'Tobey Maguire', 'Carey Mulligan']",105000000,351040419,246040419,234.32420857142856,7.3,3769,61.196071,143.0,en
9543,Prince of Persia: The Sands of Time,2010-05-19,2010.0,"['Adventure', 'Fantasy', 'Action', 'Romance']",Mike Newell,"['Jake Gyllenhaal', 'Gemma Arterton', 'Ben Kingsley']",150000000,335154643,185154643,123.43642866666667,6.2,2317,62.169881,116.0,en
68726,Pacific Rim,2013-07-11,2013.0,"['Action', 'Science Fiction', 'Adventure']",Guillermo del Toro,"['Idris Elba', 'Charlie Hunnam', 'Charlie Day']",180000000,407602906,227602906,126.44605888888889,6.7,4794,56.523205,131.0,en
38356,Transformers: Dark of the Moon,2011-06-28,2011.0,"['Action', 'Science Fiction', 'Adventure']",Michael Bay,"['Shia LaBeouf', 'John Malkovich', 'Ken Jeong']",195000000,1123746996,928746996,476.2805107692308,6.1,3299,28.529607,154.0,en
217,Indiana Jones and the Kingdom of the Crystal Skull,2008-05-21,2008.0,"['Adventure', 'Action']",Steven Spielberg,"['Harrison Ford', 'Cate Blanchett', 'Shia LaBeouf']",185000000,786636033,601636033,325.2086664864865,5.7,2495,75.674458,122.0,en
105864,The Good Dinosaur,2015-11-14,2015.0,"['Adventure', 'Animation', 'Family']",Peter Sohn,"['Raymond Ochoa', 'Jack Bright', 'Jeffrey Wright']",175000000,331926147,156926147,89.672084,6.6,1736,51.692953,93.0,en
62177,Brave,2012-06-21,2012.0,"['Animation', 'Adventure', 'Comedy', 'Family', 'Action', 'Fantasy']",Brenda Chapman,"['Kelly Macdonald', 'Julie Walters', 'Billy Connolly']",185000000,538983207,353983207,191.34227405405406,6.7,4641,125.114374,93.0,en
188927,Star Trek Beyond,2016-07-07,2016.0,"['Action', 'Adventure', 'Science Fiction']",Justin Lin,"['Chris Pine', 'Zachary Quinto', 'Karl Urban']",185000000,343471816,158471816,85.66044108108109,6.6,2568,65.352913,122.0,en
10681,WALL·E,2008-06-22,2008.0,"['Animation', 'Family']",Andrew Stanton,"['Ben Burtt', 'Elissa Knight', 'Jeff Garlin']",180000000,521311860,341311860,189.6177,7.8,6296,66.390712,98.0,en
5174,Rush Hour 3,2007-08-08,2007.0,"['Action', 'Comedy', 'Crime', 'Thriller']",Brett Ratner,"['Chris Tucker', 'Jackie Chan', 'Hiroyuki Sanada']",140000000,258022233,118022233,84.30159499999999,6.1,783,22.57178,91.0,en
14161,2012,2009-10-10,2009.0,"['Action', 'Adventure', 'Science Fiction']",Roland Emmerich,"['John Cusack', 'Amanda Peet', 'Chiwetel Ejiofor']",200000000,769653595,569653595,284.8267975,5.6,4903,45.274225,158.0,en
17979,A Christmas Carol,2009-11-04,2009.0,"['Animation', 'Drama']",Robert Zemeckis,"['Gary Oldman', 'Jim Carrey', 'Steve Valentine']",200000000,325233863,125233863,62.61693149999999,6.6,1095,39.744242,96.0,en
76757,Jupiter Ascending,2015-02-04,2015.0,"['Science Fiction', 'Fantasy', 'Action', 'Adventure']",Lilly Wachowski,"['Mila Kunis', 'Channing Tatum', 'Sean Bean']",176000003,183987723,7987720,4.538477195366866,5.2,2768,85.36908,124.0,en
258489,The Legend of Tarzan,2016-06-29,2016.0,"['Action', 'Adventure']",David Yates,"['Alexander Skarsgård', 'Margot Robbie', 'Christoph Waltz']",180000000,356743061,176743061,98.19058944444444,5.5,2430,42.741719,109.0,en
411,"The Chronicles of Narnia: The Lion, the Witch and the Wardrobe",2005-12-07,2005.0,"['Adventure', 'Family', 'Fantasy']",Andrew Adamson,"['William Moseley', 'Anna Popplewell', 'Skandar Keynes']",180000000,748806957,568806957,316.003865,6.7,2629,67.391328,143.0,en
246655,X-Men: Apocalypse,2016-05-18,2016.0,['Science Fiction'],Bryan Singer,"['James McAvoy', 'Michael Fassbender', 'Jennifer Lawrence']",178000000,543934787,365934787,205.58134101123596,6.4,4721,139.272042,144.0,en
155,The Dark Knight,2008-07-16,2008.0,"['Drama', 'Action', 'Crime', 'Thriller']",Christopher Nolan,"['Christian Bale', 'Heath Ledger', 'Aaron Eckhart']",185000000,1004558444,819558444,443.00456432432435,8.2,12002,187.322927,152.0,en
14160,Up,2009-05-13,2009.0,"['Animation', 'Comedy', 'Family', 'Adventure']",Pete Docter,"['Ed Asner', 'Christopher Plummer', 'Jordan Nagai']",175000000,735099082,560099082,320.0566182857143,7.7,6870,92.201962,96.0,en
15512,Monsters vs Aliens,2009-03-19,2009.0,"['Animation', 'Family', 'Adventure', 'Science Fiction']",Conrad Vernon,"['Seth Rogen', 'Reese Witherspoon', 'Hugh Laurie']",175000000,381509870,206509870,118.00564,6.0,1423,36.167578,94.0,en
1726,Iron Man,2008-04-30,2008.0,"['Action', 'Science Fiction', 'Adventure']",Jon Favreau,"['Robert Downey Jr.', 'Terrence Howard', 'Jeff Bridges']",140000000,585174222,445174222,317.98158714285717,7.4,8776,120.725053,126.0,en
44826,Hugo,2011-11-22,2011.0,"['Adventure', 'Drama', 'Family']",Martin Scorsese,"['Ben Kingsley', 'Sacha Baron Cohen', 'Asa Butterfield']",170000000,185770160,15770160,9.276564705882354,7.0,2141,32.319043,126.0,en
8487,Wild Wild West,1999-06-29,1999.0,"['Action', 'Adventure', 'Comedy', 'Science Fiction', 'Western']",Barry Sonnenfeld,"['Will Smith', 'Kevin Kline', 'Kenneth Branagh']",170000000,222104681,52104681,30.649812352941176,5.1,1020,40.748915,106.0,en
1735,The Mummy: Tomb of the Dragon Emperor,2008-07-01,2008.0,"['Adventure', 'Action', 'Fantasy']",Rob Cohen,"['Brendan Fraser', 'Jet Li', 'John Hannah']",145000000,401128639,256128639,176.64044068965518,5.2,1387,60.034162,112.0,en
297761,Suicide Squad,2016-08-02,2016.0,"['Action', 'Adventure', 'Crime', 'Fantasy', 'Science Fiction']",David Ayer,"['Will Smith', 'Margot Robbie', 'Joel Kinnaman']",175000000,745000000,570000000,325.7142857142857,5.9,7458,90.23792,123.0,en
2698,Evan Almighty,2007-06-09,2007.0,"['Fantasy', 'Comedy', 'Family']",Tom Shadyac,"['Steve Carell', 'Lauren Graham', 'John Goodman']",175000000,173000000,-2000000,-1.1428571428571428,5.3,1151,27.082182,96.0,en
137113,Edge of Tomorrow,2014-05-27,2014.0,"['Action', 'Science Fiction']",Doug Liman,"['Tom Cruise', 'Emily Blunt', 'Brendan Gleeson']",178000000,370541256,192541256,108.16924494382023,7.6,4858,79.456485,113.0,en
9804,Waterworld,1995-07-28,1995.0,"['Adventure', 'Action']",Kevin Reynolds,"['Kevin Costner', 'Chaim Girafi', 'Rick Aviles']",175000000,264218220,89218220,50.98184,5.9,992,44.640292,135.0,en
14869,G.I. Joe: The Rise of Cobra,2009-08-04,2009.0,"['Adventure', 'Action', 'Thriller', 'Science Fiction']",Stephen Sommers,"['Dennis Quaid', 'Channing Tatum', 'Marlon Wayans']",175000000,302469017,127469017,72.83943828571428,5.6,1962,32.852443,118.0,en
150540,Inside Out,2015-06-09,2015.0,"['Drama', 'Comedy', 'Animation', 'Family']",Pete Docter,"['Amy Poehler', 'Phyllis Smith', 'Richard Kind']",175000000,857611174,682611174,390.063528,8.0,6560,128.655964,94.0,en
278927,The Jungle Book,2016-04-07,2016.0,"['Family', 'Adventure', 'Drama', 'Fantasy']",Jon Favreau,"['Neel Sethi', 'Bill Murray', 'Ben Kingsley']",175000000,966550600,791550600,452.31462857142856,6.7,2892,94.199316,106.0,en
10138,Iron Man 2,2010-04-28,2010.0,"['Adventure', 'Action', 'Science Fiction']",Jon Favreau,"['Robert Downey Jr.', 'Gwyneth Paltrow', 'Don Cheadle']",200000000,623933331,423933331,211.9666655,6.6,6849,77.300194,124.0,en
58595,Snow White and the Huntsman,2012-05-30,2012.0,"['Adventure', 'Fantasy', 'Drama']",Rupert Sanders,"['Kristen Stewart', 'Charlize Theron', 'Chris Hemsworth']",170000000,396600000,226600000,133.29411764705884,5.8,3118,77.178973,127.0,en
102651,Maleficent,2014-05-28,2014.0,"['Fantasy', 'Adventure', 'Action', 'Family', 'Romance']",Robert Stromberg,"['Angelina Jolie', 'Elle Fanning', 'Sharlto Copley']",180000000,758539785,578539785,321.4109916666667,7.0,4496,110.620647,97.0,en
119450,Dawn of the Planet of the Apes,2014-06-26,2014.0,"['Science Fiction', 'Action', 'Drama', 'Thriller']",Matt Reeves,"['Andy Serkis', 'Jason Clarke', 'Gary Oldman']",170000000,710644566,540644566,318.02621529411766,7.3,4410,243.791743,130.0,en
79698,The Lovers,2015-02-13,2015.0,"['Action', 'Adventure', 'Science Fiction', 'Romance']",Roland Joffé,"['Josh Hartnett', 'Simone Kessell', 'Tamsin Egerton']",27000000,0,-27000000,-100.0,4.8,34,2.418535,109.0,en
64686,47 Ronin,2013-12-06,2013.0,"['Drama', 'Action', 'Adventure', 'Fantasy']",Carl Rinsch,"['Keanu Reeves', 'Hiroyuki Sanada', 'Kou Shibasaki']",175000000,150962475,-24037525,-13.73572857142857,5.9,1326,41.796339,119.0,en
100402,Captain America: The Winter Soldier,2014-03-20,2014.0,"['Action', 'Adventure', 'Science Fiction']",Anthony Russo,"['Chris Evans', 'Samuel L. Jackson', 'Scarlett Johansson']",170000000,714766572,544766572,320.45092470588236,7.6,5764,72.225265,136.0,en
10192,Shrek Forever After,2010-05-16,2010.0,"['Comedy', 'Adventure', 'Fantasy', 'Animation', 'Family']",Mike Mitchell,"['Mike Myers', 'Eddie Murphy', 'Cameron Diaz']",165000000,752600867,587600867,356.1217375757576,6.0,1959,44.041186,93.0,en
158852,Tomorrowland,2015-05-19,2015.0,"['Adventure', 'Family', 'Mystery', 'Science Fiction']",Brad Bird,"['Britt Robertson', 'George Clooney', 'Raffey Cassidy']",190000000,209154322,19154322,10.081222105263157,6.2,2846,130.311355,130.0,en
177572,Big Hero 6,2014-10-24,2014.0,"['Adventure', 'Family', 'Animation', 'Action', 'Comedy']",Chris Williams,"['Scott Adsit', 'Ryan Potter', 'Daniel Henney']",165000000,652105443,487105443,295.21542,7.8,6135,203.73459,102.0,en
82690,Wreck-It Ralph,2012-11-01,2012.0,"['Family', 'Animation', 'Comedy', 'Adventure']",Rich Moore,"['John C. Reilly', 'Sarah Silverman', 'Jack McBrayer']",165000000,471222889,306222889,185.5896296969697,7.1,4570,62.341073,108.0,en
5255,The Polar Express,2004-11-10,2004.0,"['Adventure', 'Animation', 'Family', 'Fantasy']",Robert Zemeckis,"['Tom Hanks', 'Michael Jeter', 'Nona Gaye']",165000000,305875730,140875730,85.37923030303031,6.4,1474,47.323228,100.0,en
47933,Independence Day: Resurgence,2016-06-22,2016.0,"['Action', 'Adventure', 'Science Fiction']",Roland Emmerich,"['Liam Hemsworth', 'Jeff Goldblum', 'Bill Pullman']",165000000,389681935,224681935,136.1708696969697,4.9,2491,48.775723,120.0,en
10191,How to Train Your Dragon,2010-03-05,2010.0,"['Fantasy', 'Adventure', 'Animation', 'Family']",Chris Sanders,"['Jay Baruchel', 'Gerard Butler', 'Craig Ferguson']",165000000,494878759,329878759,199.9265206060606,7.5,4227,67.263269,98.0,en
296,Terminator 3: Rise of the Machines,2003-07-02,2003.0,"['Action', 'Thriller', 'Science Fiction']",Jonathan Mostow,"['Arnold Schwarzenegger', 'Nick Stahl', 'Claire Danes']",200000000,435000000,235000000,117.5,5.9,2143,69.405188,109.0,en
118340,Guardians of the Galaxy,2014-07-30,2014.0,"['Action', 'Science Fiction', 'Adventure']",James Gunn,"['Chris Pratt', 'Zoe Saldana', 'Dave Bautista']",170000000,773328629,603328629,354.8991935294118,7.9,9742,481.098624,121.0,en
157336,Interstellar,2014-11-05,2014.0,"['Adventure', 'Drama', 'Science Fiction']",Christopher Nolan,"['Matthew McConaughey', 'Jessica Chastain', 'Anne Hathaway']",165000000,675120017,510120017,309.16364666666664,8.1,10867,724.247784,169.0,en
27205,Inception,2010-07-14,2010.0,"['Action', 'Thriller', 'Science Fiction', 'Mystery', 'Adventure']",Christopher Nolan,"['Leonardo DiCaprio', 'Joseph Gordon-Levitt', 'Ellen Page']",160000000,825532764,665532764,415.9579775,8.1,13752,167.58371,148.0,en
315011,Shin Godzilla,2016-07-29,2016.0,"['Action', 'Adventure', 'Drama', 'Horror', 'Science Fiction']",Hideaki Anno,"['Hiroki Hasegawa', 'Yutaka Takenouchi', 'Satomi Ishihara']",15000000,77000000,62000000,413.33333333333337,6.5,143,9.476999,120.0,ja
49051,The Hobbit: An Unexpected Journey,2012-11-26,2012.0,"['Adventure', 'Fantasy', 'Action']",Peter Jackson,"['Ian McKellen', 'Martin Freeman', 'Richard Armitage']",250000000,1021103568,771103568,308.4414272,7.0,8297,108.849621,169.0,en
9799,The Fast and the Furious,2001-06-22,2001.0,"['Action', 'Crime', 'Thriller']",Rob Cohen,"['Paul Walker', 'Vin Diesel', 'Michelle Rodriguez']",38000000,207283925,169283925,445.48401315789476,6.6,3428,6.909942,106.0,en
4922,The Curious Case of Benjamin Button,2008-11-24,2008.0,"['Fantasy', 'Drama', 'Thriller', 'Mystery', 'Romance']",David Fincher,"['Cate Blanchett', 'Brad Pitt', 'Tilda Swinton']",150000000,333932083,183932083,122.62138866666668,7.3,3292,60.269279,166.0,en
49538,X-Men: First Class,2011-05-24,2011.0,"['Action', 'Science Fiction', 'Adventure']",Matthew Vaughn,"['James McAvoy', 'Michael Fassbender', 'Jennifer Lawrence']",160000000,353624124,193624124,121.0150775,7.1,5181,3.195174,132.0,en
131634,The Hunger Games: Mockingjay - Part 2,2015-11-18,2015.0,"['Action', 'Adventure', 'Science Fiction']",Francis Lawrence,"['Jennifer Lawrence', 'Josh Hutcherson', 'Liam Hemsworth']",160000000,653428261,493428261,308.392663125,6.6,3984,127.284427,137.0,en
27022,The Sorcerer's Apprentice,2010-07-13,2010.0,"['Fantasy', 'Adventure', 'Action', 'Comedy', 'Drama']",Jon Turteltaub,"['Nicolas Cage', 'Jay Baruchel', 'Monica Bellucci']",150000000,215283742,65283742,43.52249466666667,5.8,1470,35.580815,109.0,en
503,Poseidon,2006-05-12,2006.0,"['Adventure', 'Action', 'Drama', 'Thriller']",Wolfgang Petersen,"['Kurt Russell', 'Richard Dreyfuss', 'Josh Lucas']",160000000,181674817,21674817,13.546760625000001,5.5,583,21.133748,99.0,en
241259,Alice Through the Looking Glass,2016-05-25,2016.0,['Fantasy'],James Bobin,"['Johnny Depp', 'Mia Wasikowska', 'Anne Hathaway']",170000000,299370084,129370084,76.1000494117647,6.5,1725,56.268916,113.0,en
810,Shrek the Third,2007-05-17,2007.0,"['Fantasy', 'Adventure', 'Animation', 'Comedy', 'Family']",Chris Miller,"['Mike Myers', 'Eddie Murphy', 'Cameron Diaz']",160000000,798958165,638958165,399.348853125,6.0,2278,42.986467,93.0,en
68735,Warcraft,2016-05-25,2016.0,"['Action', 'Adventure', 'Fantasy']",Duncan Jones,"['Paula Patton', 'Travis Fimmel', 'Ben Foster']",160000000,433677183,273677183,171.048239375,6.3,2268,63.148529,123.0,en
87101,Terminator Genisys,2015-06-23,2015.0,"['Science Fiction', 'Action', 'Thriller', 'Adventure']",Alan Taylor,"['Arnold Schwarzenegger', 'Jason Clarke', 'Emilia Clarke']",155000000,440603537,285603537,184.26034645161292,5.8,3631,202.042635,126.0,en
10140,The Chronicles of Narnia: The Voyage of the Dawn Treader,2010-08-13,2010.0,"['Adventure', 'Family', 'Fantasy']",Michael Apted,"['Skandar Keynes', 'Georgie Henley', 'Simon Pegg']",155000000,415686217,260686217,168.18465612903225,6.2,1514,49.661984,113.0,en
676,Pearl Harbor,2001-05-21,2001.0,"['History', 'Romance', 'War']",Michael Bay,"['Ben Affleck', 'Josh Hartnett', 'Kate Beckinsale']",140000000,449220945,309220945,220.8721035714286,6.6,1791,34.20669,183.0,en
1858,Transformers,2007-06-27,2007.0,"['Adventure', 'Science Fiction', 'Action']",Michael Bay,"['Shia LaBeouf', 'Josh Duhamel', 'Megan Fox']",150000000,709709780,559709780,373.13985333333335,6.6,4040,25.468493,144.0,en
1966,Alexander,2004-11-21,2004.0,"['War', 'History', 'Action', 'Adventure', 'Drama', 'Romance']",Oliver Stone,"['Colin Farrell', 'Angelina Jolie', 'Val Kilmer']",155000000,167298192,12298192,7.934317419354839,5.6,927,39.019229,175.0,en
675,Harry Potter and the Order of the Phoenix,2007-06-28,2007.0,"['Adventure', 'Fantasy', 'Family', 'Mystery']",David Yates,"['Daniel Radcliffe', 'Rupert Grint', 'Emma Watson']",150000000,938212738,788212738,525.4751586666667,7.4,5494,78.144395,138.0,en
674,Harry Potter and the Goblet of Fire,2005-11-05,2005.0,"['Adventure', 'Fantasy', 'Family']",Mike Newell,"['Daniel Radcliffe', 'Rupert Grint', 'Emma Watson']",150000000,895921036,745921036,497.28069066666666,7.5,5608,101.250416,157.0,en
8960,Hancock,2008-07-01,2008.0,"['Fantasy', 'Action']",Peter Berg,"['Will Smith', 'Charlize Theron', 'Jason Bateman']",150000000,624029371,474029371,316.0195806666667,6.2,2961,56.758411,92.0,en
6479,I Am Legend,2007-12-14,2007.0,"['Drama', 'Horror', 'Action', 'Thriller', 'Science Fiction']",Francis Lawrence,"['Will Smith', 'Alice Braga', 'Charlie Tahan']",150000000,585349010,435349010,290.2326733333333,6.9,4853,70.867401,101.0,en
118,Charlie and the Chocolate Factory,2005-07-13,2005.0,"['Adventure', 'Comedy', 'Family', 'Fantasy']",Tim Burton,"['Johnny Depp', 'Freddie Highmore', 'David Kelly']",150000000,474968763,324968763,216.64584200000002,6.7,3624,53.905592,115.0,en
2062,Ratatouille,2007-06-22,2007.0,"['Animation', 'Comedy', 'Family', 'Fantasy']",Jan Pinkava,"['Patton Oswalt', 'Ian Holm', 'Lou Romano']",150000000,623722818,473722818,315.815212,7.5,4369,65.677399,111.0,en
272,Batman Begins,2005-06-10,2005.0,"['Action', 'Crime', 'Drama']",Christopher Nolan,"['Christian Bale', 'Michael Caine', 'Liam Neeson']",150000000,374218673,224218673,149.47911533333334,7.5,7359,115.040024,140.0,en
10527,Madagascar: Escape 2 Africa,2008-10-30,2008.0,"['Family', 'Animation']",Eric Darnell,"['Ben Stiller', 'Jada Pinkett Smith', 'David Schwimmer']",150000000,603900354,453900354,302.600236,6.2,1810,44.141021,89.0,en
18360,Night at the Museum: Battle of the Smithsonian,2009-05-20,2009.0,"['Adventure', 'Fantasy', 'Action', 'Comedy', 'Family']",Shawn Levy,"['Ben Stiller', 'Amy Adams', 'Owen Wilson']",150000000,413106170,263106170,175.40411333333333,5.9,1971,81.781591,105.0,en
2080,X-Men Origins: Wolverine,2009-04-28,2009.0,"['Adventure', 'Action', 'Thriller', 'Science Fiction']",Gavin Hood,"['Hugh Jackman', 'Liev Schreiber', 'Danny Huston']",150000000,373062864,223062864,148.708576,6.2,4021,5.954334,107.0,en
605,The Matrix Revolutions,2003-11-05,2003.0,"['Adventure', 'Action', 'Thriller', 'Science Fiction']",Lilly Wachowski,"['Keanu Reeves', 'Laurence Fishburne', 'Carrie-Anne Moss']",150000000,424988211,274988211,183.325474,6.4,3096,73.313918,129.0,en
109445,Frozen,2013-11-27,2013.0,"['Animation', 'Adventure', 'Family']",Chris Buck,"['Kristen Bell', 'Idina Menzel', 'Jonathan Groff']",150000000,1274219009,1124219009,749.4793393333333,7.3,5295,165.125366,102.0,en
604,The Matrix Reloaded,2003-05-15,2003.0,"['Adventure', 'Action', 'Thriller', 'Science Fiction']",Lilly Wachowski,"['Keanu Reeves', 'Carrie-Anne Moss', 'Laurence Fishburne']",150000000,738599701,588599701,392.3998006666667,6.7,3443,70.78591,138.0,en
76338,Thor: The Dark World,2013-10-29,2013.0,"['Action', 'Adventure', 'Fantasy']",Alan Taylor,"['Chris Hemsworth', 'Natalie Portman', 'Tom Hiddleston']",170000000,644571402,474571402,279.1596482352941,6.8,4755,99.499595,112.0,en
76341,Mad Max: Fury Road,2015-05-13,2015.0,"['Action', 'Adventure', 'Science Fiction', 'Thriller']",George Miller,"['Tom Hardy', 'Charlize Theron', 'Nicholas Hoult']",150000000,378858340,228858340,152.57222666666667,7.2,9427,434.278564,120.0,en
13448,Angels & Demons,2009-05-13,2009.0,"['Thriller', 'Mystery']",Ron Howard,"['Tom Hanks', 'Ewan McGregor', 'Ayelet Zurer']",150000000,356613439,206613439,137.74229266666666,6.5,2129,67.447636,138.0,en
10195,Thor,2011-04-21,2011.0,"['Adventure', 'Fantasy', 'Action']",Kenneth Branagh,"['Chris Hemsworth', 'Natalie Portman', 'Tom Hiddleston']",150000000,449326618,299326618,199.55107866666665,6.6,6525,86.493424,115.0,en
13053,Bolt,2008-11-21,2008.0,"['Animation', 'Family', 'Adventure', 'Comedy']",Chris Williams,"['John Travolta', 'Miley Cyrus', 'Susie Essman']",150000000,309979994,159979994,106.65332933333333,6.3,1750,41.845878,98.0,en
19585,G-Force,2009-07-21,2009.0,"['Fantasy', 'Action', 'Adventure', 'Family', 'Comedy']",Hoyt Yeatman,"['Sam Rockwell', 'Penélope Cruz', 'Tracy Morgan']",150000000,292817841,142817841,95.211894,5.1,510,26.710398,88.0,en
57165,Wrath of the Titans,2012-03-27,2012.0,['Adventure'],Jonathan Liebesman,"['Sam Worthington', 'Liam Neeson', 'Ralph Fiennes']",150000000,301000000,151000000,100.66666666666666,5.5,1431,44.927635,99.0,en
62213,Dark Shadows,2012-05-08,2012.0,"['Comedy', 'Fantasy']",Tim Burton,"['Johnny Depp', 'Michelle Pfeiffer', 'Helena Bonham Carter']",150000000,245527149,95527149,63.684766,5.7,2320,50.306728,113.0,en
177677,Mission: Impossible - Rogue Nation,2015-07-23,2015.0,"['Action', 'Adventure', 'Thriller']",Christopher McQuarrie,"['Tom Cruise', 'Rebecca Ferguson', 'Simon Pegg']",150000000,682330139,532330139,354.8867593333333,7.1,3224,114.522237,131.0,en
7978,The Wolfman,2010-02-11,2010.0,"['Drama', 'Horror', 'Thriller']",Joe Johnston,"['Benicio del Toro', 'Anthony Hopkins', 'Emily Blunt']",150000000,0,-150000000,-100.0,5.5,549,21.214571,102.0,en
5559,Bee Movie,2007-10-28,2007.0,"['Family', 'Animation', 'Adventure', 'Comedy']",Steve Hickner,"['Jerry Seinfeld', 'Renée Zellweger', 'Jim Cummings']",150000000,287594577,137594577,91.729718,5.7,1171,29.332905,91.0,en
49444,Kung Fu Panda 2,2011-05-25,2011.0,"['Animation', 'Family']",Jennifer Yuh Nelson,"['Jack Black', 'Angelina Jolie', 'Dustin Hoffman']",150000000,665692281,515692281,343.794854,6.7,1880,51.247321,91.0,en
10196,The Last Airbender,2010-06-30,2010.0,"['Action', 'Adventure', 'Family', 'Fantasy']",M. Night Shyamalan,"['Noah Ringer', 'Nicola Peltz', 'Jackson Rathbone']",150000000,318502923,168502923,112.335282,4.7,1151,33.769336,103.0,en
956,Mission: Impossible III,2006-05-03,2006.0,"['Adventure', 'Action', 'Thriller']",J.J. Abrams,"['Tom Cruise', 'Philip Seymour Hoffman', 'Ving Rhames']",150000000,397850012,247850012,165.23334133333333,6.5,2028,63.079003,126.0,en
117251,White House Down,2013-06-27,2013.0,"['Action', 'Drama', 'Thriller']",Roland Emmerich,"['Channing Tatum', 'Jamie Foxx', 'Joey King']",150000000,205366737,55366737,36.911158,6.4,1891,39.004588,131.0,en
50321,Mars Needs Moms,2011-03-09,2011.0,"['Adventure', 'Animation', 'Family']",Simon Wells,"['Seth Green', 'Joan Cusack', 'Dan Fogler']",150000000,38992758,-111007242,-74.004828,5.5,199,12.362599,88.0,en
11619,Flushed Away,2006-10-22,2006.0,"['Adventure', 'Animation', 'Comedy', 'Family']",David Bowers,"['Hugh Jackman', 'Kate Winslet', 'Ian McKellen']",149000000,64459316,-84540684,-56.73871409395973,6.0,874,22.550135,85.0,en
266647,Pan,2015-09-24,2015.0,"['Adventure', 'Family', 'Fantasy']",Joe Wright,"['Levi Miller', 'Garrett Hedlund', 'Hugh Jackman']",150000000,128388320,-21611680,-14.407786666666667,5.9,954,48.03528,111.0,en
82703,Mr. Peabody & Sherman,2014-02-07,2014.0,"['Animation', 'Adventure', 'Family']",Rob Minkoff,"['Ty Burrell', 'Max Charles', 'Ariel Winter']",145000000,272912430,127912430,88.21546896551725,6.7,843,38.73494,92.0,en
652,Troy,2004-05-13,2004.0,"['Adventure', 'Drama', 'War']",Wolfgang Petersen,"['Brad Pitt', 'Orlando Bloom', 'Eric Bana']",175000000,497409852,322409852,184.23420114285713,6.9,2759,66.803149,163.0,en
80321,Madagascar 3: Europe's Most Wanted,2012-06-06,2012.0,"['Animation', 'Family']",Conrad Vernon,"['Ben Stiller', 'Sacha Baron Cohen', 'David Schwimmer']",145000000,746921274,601921274,415.11812,6.4,1808,44.989192,93.0,en
36669,Die Another Day,2002-11-17,2002.0,"['Adventure', 'Action', 'Thriller']",Lee Tamahori,"['Pierce Brosnan', 'Halle Berry', 'Rosamund Pike']",140000000,431971116,291971116,208.55079714285716,5.8,1092,54.159392,133.0,en
43074,Ghostbusters,2016-07-14,2016.0,"['Action', 'Fantasy', 'Comedy']",Paul Feig,"['Melissa McCarthy', 'Kristen Wiig', 'Kate McKinnon']",144000000,229147509,85147509,59.13021458333333,5.3,2142,66.21806,116.0,en
95,Armageddon,1998-07-01,1998.0,"['Action', 'Thriller', 'Science Fiction', 'Adventure']",Michael Bay,"['Bruce Willis', 'Billy Bob Thornton', 'Ben Affleck']",140000000,553799566,413799566,295.57111857142854,6.4,2482,58.485967,151.0,en
608,Men in Black II,2002-07-03,2002.0,"['Action', 'Adventure', 'Comedy', 'Science Fiction']",Barry Sonnenfeld,"['Tommy Lee Jones', 'Will Smith', 'Rip Torn']",140000000,441818803,301818803,215.58485928571426,6.0,3114,91.332849,88.0,en
2310,Beowulf,2007-11-05,2007.0,"['Adventure', 'Action', 'Animation']",Robert Zemeckis,"['Ray Winstone', 'Angelina Jolie', 'Anthony Hopkins']",70000000,195735876,125735876,179.62268,5.5,841,35.601665,115.0,en
140300,Kung Fu Panda 3,2016-01-23,2016.0,"['Action', 'Adventure', 'Animation', 'Comedy', 'Family']",Jennifer Yuh Nelson,"['Jack Black', 'Bryan Cranston', 'Dustin Hoffman']",145000000,521170825,376170825,259.4281551724138,6.7,1603,56.747978,95.0,en
56292,Mission: Impossible - Ghost Protocol,2011-12-07,2011.0,"['Action', 'Thriller', 'Adventure']",Brad Bird,"['Tom Cruise', 'Jeremy Renner', 'Simon Pegg']",145000000,694713380,549713380,379.11267586206895,6.8,3972,77.77477,133.0,en
81188,Rise of the Guardians,2012-11-21,2012.0,"['Fantasy', 'Animation', 'Family']",Peter Ramsey,"['Chris Pine', 'Alec Baldwin', 'Jude Law']",145000000,306941670,161941670,111.68391034482758,7.1,1922,61.788035,97.0,en
7552,Fun with Dick and Jane,2005-12-21,2005.0,['Comedy'],Dean Parisot,"['Jim Carrey', 'Téa Leoni', 'Alec Baldwin']",100000000,202026112,102026112,102.026112,5.9,627,25.159168,90.0,en
616,The Last Samurai,2003-12-05,2003.0,"['Drama', 'Action', 'War', 'History']",Edward Zwick,"['Tom Cruise', 'Ken Watanabe', 'William Atherton']",140000000,456758981,316758981,226.25641500000003,7.3,1895,52.341226,154.0,en
147441,Exodus: Gods and Kings,2014-12-03,2014.0,"['Adventure', 'Drama', 'Action']",Ridley Scott,"['Christian Bale', 'Joel Edgerton', 'John Turturro']",140000000,268031828,128031828,91.45130571428571,5.6,1921,101.599427,150.0,en
13475,Star Trek,2009-05-06,2009.0,"['Science Fiction', 'Action', 'Adventure']",J.J. Abrams,"['Chris Pine', 'Zachary Quinto', 'Leonard Nimoy']",150000000,385680446,235680446,157.12029733333333,7.4,4518,73.616808,127.0,en
557,Spider-Man,2002-05-01,2002.0,"['Fantasy', 'Action']",Sam Raimi,"['Tobey Maguire', 'Willem Dafoe', 'Kirsten Dunst']",139000000,821708551,682708551,491.15723093525185,6.8,5265,82.502566,121.0,en
82702,How to Train Your Dragon 2,2014-06-12,2014.0,"['Fantasy', 'Action', 'Adventure', 'Animation', 'Comedy', 'Family']",Dean DeBlois,"['Jay Baruchel', 'Gerard Butler', 'Kristen Wiig']",145000000,609123048,464123048,320.08486068965516,7.6,3106,100.21391,102.0,en
205584,Gods of Egypt,2016-02-25,2016.0,['Fantasy'],Alex Proyas,"['Brenton Thwaites', 'Nikolaj Coster-Waldau', 'Gerard Butler']",140000000,150680864,10680864,7.629188571428572,5.3,1277,56.257249,127.0,en
10048,Stealth,2005-07-28,2005.0,['Action'],Rob Cohen,"['Josh Lucas', 'Jessica Biel', 'Jamie Foxx']",135000000,76932943,-58067057,-43.01263481481482,4.9,331,17.88953,121.0,en
13183,Watchmen,2009-03-05,2009.0,"['Action', 'Mystery', 'Science Fiction']",Zack Snyder,"['Malin Åkerman', 'Billy Crudup', 'Carla Gugino']",130000000,185258983,55258983,42.50691,7.0,2811,64.798873,163.0,en
944,Lethal Weapon 4,1998-07-10,1998.0,"['Action', 'Adventure', 'Comedy', 'Crime', 'Thriller']",Richard Donner,"['Mel Gibson', 'Danny Glover', 'Joe Pesci']",140000000,285444603,145444603,103.88900214285715,6.3,767,24.855701,127.0,en
1927,Hulk,2003-06-19,2003.0,"['Drama', 'Action', 'Science Fiction']",Ang Lee,"['Eric Bana', 'Jennifer Connelly', 'Sam Elliott']",137000000,245360480,108360480,79.09524087591241,5.3,1533,34.981698,138.0,en
72559,G.I. Joe: Retaliation,2013-03-26,2013.0,"['Adventure', 'Action', 'Science Fiction', 'Thriller']",Jon M. Chu,"['Dwayne Johnson', 'D.J. Cotrona', 'Adrianne Palicki']",130000000,371876278,241876278,186.05867538461538,5.4,3025,59.325589,110.0,en
7364,Sahara,2005-04-06,2005.0,"['Action', 'Adventure', 'Comedy', 'Drama', 'Mystery']",Breck Eisner,"['Matthew McConaughey', 'Penélope Cruz', 'Steve Zahn']",130000000,119269486,-10730514,-8.254241538461539,5.7,434,21.605568,124.0,en
2114,Final Fantasy: The Spirits Within,2001-07-02,2001.0,"['Adventure', 'Action', 'Animation', 'Fantasy', 'Science Fiction', 'Thriller']",Hironobu Sakaguchi,"['Donald Sutherland', 'Ming-Na Wen', 'Alec Baldwin']",137000000,85131830,-51868170,-37.85997810218978,5.9,433,26.074908,106.0,en
1771,Captain America: The First Avenger,2011-07-22,2011.0,"['Action', 'Adventure', 'Science Fiction']",Joe Johnston,"['Chris Evans', 'Hugo Weaving', 'Tommy Lee Jones']",140000000,370569774,230569774,164.69269571428572,6.6,7047,74.506246,124.0,en
36643,The World Is Not Enough,1999-11-08,1999.0,"['Adventure', 'Action', 'Thriller']",Michael Apted,"['Pierce Brosnan', 'Sophie Marceau', 'Robert Carlyle']",135000000,361832400,226832400,168.024,6.0,862,39.604363,128.0,en
8619,Master and Commander: The Far Side of the World,2003-11-14,2003.0,['Adventure'],Peter Weir,"['Russell Crowe', 'Paul Bettany', ""James D'Arcy""]",150000000,212011111,62011111,41.34074066666666,6.9,790,36.973031,138.0,en
50620,The Twilight Saga: Breaking Dawn - Part 2,2012-11-13,2012.0,"['Adventure', 'Fantasy', 'Drama', 'Romance']",Bill Condon,"['Kristen Stewart', 'Robert Pattinson', 'Taylor Lautner']",120000000,829000000,709000000,590.8333333333334,6.1,2553,99.687084,115.0,en
65759,Happy Feet Two,2011-11-17,2011.0,"['Animation', 'Comedy', 'Family']",George Miller,"['Elijah Wood', 'Robin Williams', 'Pink']",130000000,150406466,20406466,15.697281538461539,5.8,373,17.7735,100.0,en
1724,The Incredible Hulk,2008-06-12,2008.0,"['Science Fiction', 'Action', 'Adventure']",Louis Leterrier,"['Edward Norton', 'Liv Tyler', 'Tim Roth']",150000000,163712074,13712074,9.141382666666667,6.1,3021,62.898336,114.0,en
267935,The BFG,2016-06-01,2016.0,"['Adventure', 'Family', 'Fantasy']",Steven Spielberg,"['Ruby Barnhill', 'Mark Rylance', 'Rebecca Hall']",140000000,183345589,43345589,30.961135000000002,6.0,1000,44.19092,120.0,en
281957,The Revenant,2015-12-25,2015.0,"['Western', 'Drama', 'Adventure', 'Thriller']",Alejandro González Iñárritu,"['Leonardo DiCaprio', 'Tom Hardy', 'Will Poulter']",135000000,532950503,397950503,294.7781503703704,7.3,6396,100.635882,156.0,en
77950,Turbo,2013-07-11,2013.0,"['Animation', 'Family']",David Soren,"['Ryan Reynolds', 'Paul Giamatti', 'Michael Peña']",135000000,282570682,147570682,109.3116162962963,6.1,1074,44.765377,96.0,en
44896,Rango,2011-03-02,2011.0,"['Animation', 'Comedy', 'Family', 'Western', 'Adventure']",Gore Verbinski,"['Johnny Depp', 'Isla Fisher', 'Ned Beatty']",135000000,245724603,110724603,82.01822444444444,6.6,2051,29.91353,107.0,en
270946,Penguins of Madagascar,2014-11-22,2014.0,"['Family', 'Animation', 'Adventure', 'Comedy']",Eric Darnell,"['Tom McGrath', 'Chris Miller', 'Christopher Knights']",132000000,373552094,241552094,182.99401060606058,6.5,1346,84.366984,92.0,en
2503,The Bourne Ultimatum,2007-08-03,2007.0,"['Action', 'Drama', 'Mystery', 'Thriller']",Paul Greengrass,"['Matt Damon', 'Julia Stiles', 'David Strathairn']",70000000,442824138,372824138,532.6059114285714,7.3,2888,45.381501,115.0,en
9502,Kung Fu Panda,2008-06-04,2008.0,"['Adventure', 'Animation', 'Family', 'Comedy']",Mark Osborne,"['Jack Black', 'Dustin Hoffman', 'Angelina Jolie']",130000000,631744560,501744560,385.95735384615386,6.9,3145,84.689648,90.0,en
102899,Ant-Man,2015-07-14,2015.0,"['Science Fiction', 'Action', 'Adventure']",Peyton Reed,"['Paul Rudd', 'Michael Douglas', 'Evangeline Lilly']",130000000,519311965,389311965,299.4707423076923,7.0,5880,120.09361,117.0,en
101299,The Hunger Games: Catching Fire,2013-11-15,2013.0,"['Adventure', 'Action', 'Science Fiction']",Francis Lawrence,"['Jennifer Lawrence', 'Josh Hutcherson', 'Liam Hemsworth']",130000000,847423452,717423452,551.8641938461539,7.4,6495,76.310119,146.0,en
228161,Home,2015-03-18,2015.0,"['Fantasy', 'Comedy', 'Animation', 'Science Fiction', 'Family']",Tim Johnson,"['Jim Parsons', 'Rihanna', 'Steve Martin']",135000000,368871007,233871007,173.23778296296297,6.8,1519,63.473086,94.0,en
74,War of the Worlds,2005-06-28,2005.0,"['Adventure', 'Thriller', 'Science Fiction']",Steven Spielberg,"['Tom Cruise', 'Dakota Fanning', 'Miranda Otto']",132000000,591739379,459739379,348.28740833333336,6.2,2322,48.572726,116.0,en
8961,Bad Boys II,2003-07-18,2003.0,"['Adventure', 'Action', 'Comedy', 'Thriller', 'Crime']",Michael Bay,"['Martin Lawrence', 'Will Smith', 'Jordi Mollà']",130000000,273339556,143339556,110.26119692307692,6.3,1564,38.068736,147.0,en
417859,Puss in Boots,2011-10-28,2011.0,"['Action', 'Adventure', 'Animation', 'Family', 'Fantasy']",Chris Miller,"['Antonio Banderas', 'Salma Hayek', 'Zach Galifianakis']",130000000,554987477,424987477,326.9134438461538,6.4,451,20.678787,90.0,en
27576,Salt,2010-07-21,2010.0,"['Action', 'Mystery', 'Thriller']",Phillip Noyce,"['Angelina Jolie', 'Liev Schreiber', 'Chiwetel Ejiofor']",110000000,293329073,183329073,166.66279363636363,6.2,2093,48.829437,100.0,en
86834,Noah,2014-03-20,2014.0,"['Drama', 'Adventure']",Darren Aronofsky,"['Russell Crowe', 'Jennifer Connelly', 'Emma Watson']",125000000,362637473,237637473,190.1099784,5.6,2350,46.115758,139.0,en
17578,The Adventures of Tintin,2011-10-25,2011.0,"['Adventure', 'Animation', 'Mystery']",Steven Spielberg,"['Jamie Bell', 'Andy Serkis', 'Daniel Craig']",130000000,371940071,241940071,186.10774692307692,6.7,2061,89.938296,107.0,en
673,Harry Potter and the Prisoner of Azkaban,2004-05-31,2004.0,"['Adventure', 'Fantasy', 'Family']",Alfonso Cuarón,"['Daniel Radcliffe', 'Rupert Grint', 'Emma Watson']",130000000,789804554,659804554,507.5419646153846,7.7,5877,79.679601,141.0,en
6972,Australia,2008-11-18,2008.0,['Drama'],Baz Luhrmann,"['Nicole Kidman', 'Hugh Jackman', 'Essie Davis']",130000000,49554002,-80445998,-61.88153692307692,6.3,694,28.840997,165.0,en
82700,After Earth,2013-05-30,2013.0,"['Science Fiction', 'Action', 'Adventure']",M. Night Shyamalan,"['Jaden Smith', 'Will Smith', 'Sophie Okonedo']",130000000,243843127,113843127,87.57163615384616,5.0,2532,42.840582,100.0,en
10567,Dinosaur,2000-05-19,2000.0,"['Animation', 'Family']",Ralph Zondag,"['D. B. Sweeney', 'Alfre Woodard', 'Ossie Davis']",127500000,354248063,226748063,177.8416180392157,6.2,542,26.548594,82.0,en
181533,Night at the Museum: Secret of the Tomb,2014-12-17,2014.0,"['Adventure', 'Comedy', 'Fantasy', 'Family']",Shawn Levy,"['Ben Stiller', 'Rami Malek', 'Rebel Wilson']",127000000,349424282,222424282,175.13722992125983,6.1,1851,115.597753,97.0,en
38055,Megamind,2010-10-28,2010.0,"['Animation', 'Action', 'Comedy', 'Family', 'Science Fiction']",Tom McGrath,"['Will Ferrell', 'Brad Pitt', 'Tina Fey']",130000000,321887208,191887208,147.60554461538462,6.7,1918,68.757242,95.0,en
671,Harry Potter and the Philosopher's Stone,2001-11-16,2001.0,"['Adventure', 'Fantasy', 'Family']",Chris Columbus,"['Daniel Radcliffe', 'Rupert Grint', 'Emma Watson']",125000000,976475550,851475550,681.18044,7.5,7006,109.984351,152.0,en
49524,R.I.P.D.,2013-07-18,2013.0,"['Fantasy', 'Action', 'Comedy', 'Crime']",Robert Schwentke,"['Jeff Bridges', 'Ryan Reynolds', 'Kevin Bacon']",130000000,61648500,-68351500,-52.57807692307692,5.4,1260,39.448066,96.0,en
22,Pirates of the Caribbean: The Curse of the Black Pearl,2003-07-09,2003.0,"['Adventure', 'Fantasy', 'Action']",Gore Verbinski,"['Johnny Depp', 'Geoffrey Rush', 'Orlando Bloom']",140000000,655011224,515011224,367.86516,7.5,6985,271.972889,143.0,en
131631,The Hunger Games: Mockingjay - Part 1,2014-11-18,2014.0,"['Science Fiction', 'Adventure', 'Thriller']",Francis Lawrence,"['Jennifer Lawrence', 'Josh Hutcherson', 'Liam Hemsworth']",125000000,752100229,627100229,501.6801832,6.6,5584,206.227151,123.0,en
591,The Da Vinci Code,2006-05-17,2006.0,"['Thriller', 'Mystery']",Ron Howard,"['Tom Hanks', 'Audrey Tautou', 'Ian McKellen']",125000000,767820459,642820459,514.2563672,6.5,2704,45.313197,149.0,en
172385,Rio 2,2014-03-19,2014.0,"['Animation', 'Adventure', 'Comedy', 'Family']",Carlos Saldanha,"['Jesse Eisenberg', 'Anne Hathaway', 'Leslie Mann']",103000000,500188435,397188435,385.6198398058253,6.3,978,42.40024,102.0,en
36658,X2,2003-04-24,2003.0,"['Adventure', 'Action', 'Science Fiction', 'Thriller']",Bryan Singer,"['Patrick Stewart', 'Hugh Jackman', 'Ian McKellen']",110000000,407711549,297711549,270.6468627272727,6.8,3506,2.871739,133.0,en
51497,Fast Five,2011-04-20,2011.0,"['Action', 'Thriller', 'Crime']",Justin Lin,"['Vin Diesel', 'Paul Walker', 'Jordana Brewster']",125000000,626137675,501137675,400.91013999999996,7.1,2438,7.255718,130.0,en
58574,Sherlock Holmes: A Game of Shadows,2011-11-22,2011.0,"['Adventure', 'Action', 'Crime', 'Mystery']",Guy Ritchie,"['Robert Downey Jr.', 'Jude Law', 'Jared Harris']",125000000,334615000,209615000,167.692,7.0,3886,81.499621,129.0,en
18823,Clash of the Titans,2010-04-01,2010.0,"['Adventure', 'Fantasy', 'Action']",Louis Leterrier,"['Sam Worthington', 'Liam Neeson', 'Ralph Fiennes']",125000000,232713139,107713139,86.17051119999999,5.6,2233,47.686442,106.0,en
861,Total Recall,1990-06-01,1990.0,"['Action', 'Adventure', 'Science Fiction']",Paul Verhoeven,"['Arnold Schwarzenegger', 'Sharon Stone', 'Rachel Ticotin']",65000000,261317921,196317921,302.02757076923075,7.1,1710,43.129703,113.0,en
1911,The 13th Warrior,1999-08-27,1999.0,"['Adventure', 'Fantasy', 'Action']",John McTiernan,"['Antonio Banderas', 'Vladimir Kulich', 'Dennis Storhøi']",160000000,61698899,-98301101,-61.438188125,6.4,510,27.220157,102.0,en
49040,The Bourne Legacy,2012-08-08,2012.0,"['Action', 'Thriller']",Tony Gilroy,"['Jeremy Renner', 'Rachel Weisz', 'Edward Norton']",130000000,276572938,146572938,112.74841384615384,6.0,2651,90.33681,120.0,en
415,Batman & Robin,1997-06-20,1997.0,"['Action', 'Crime', 'Fantasy']",Joel Schumacher,"['George Clooney', ""Chris O'Donnell"", 'Arnold Schwarzenegger']",125000000,238207122,113207122,90.5656976,4.2,1418,50.073575,125.0,en
8871,How the Grinch Stole Christmas,2000-11-17,2000.0,"['Family', 'Comedy', 'Fantasy']",Ron Howard,"['Jim Carrey', 'Taylor Momsen', 'Jeffrey Tambor']",123000000,345141403,222141403,180.60276666666667,6.2,1386,45.419668,104.0,en
435,The Day After Tomorrow,2004-05-26,2004.0,"['Action', 'Adventure', 'Science Fiction', 'Thriller']",Roland Emmerich,"['Dennis Quaid', 'Jake Gyllenhaal', 'Emmy Rossum']",125000000,544272402,419272402,335.4179216,6.2,2392,41.380094,124.0,en
955,Mission: Impossible II,2000-05-24,2000.0,"['Adventure', 'Action', 'Thriller']",John Woo,"['Tom Cruise', 'Dougray Scott', 'Thandie Newton']",125000000,546388105,421388105,337.110484,5.9,1928,54.931334,123.0,en
2133,The Perfect Storm,2000-03-15,2000.0,['Drama'],Wolfgang Petersen,"['George Clooney', 'Mark Wahlberg', 'Diane Lane']",120000000,325756637,205756637,171.46386416666667,6.2,597,25.752118,130.0,en
1979,Fantastic 4: Rise of the Silver Surfer,2007-06-13,2007.0,"['Adventure', 'Fantasy', 'Action', 'Thriller']",Tim Story,"['Ioan Gruffudd', 'Jessica Alba', 'Chris Evans']",130000000,289047763,159047763,122.34443307692308,5.4,2589,60.810723,92.0,en
87827,Life of Pi,2012-11-20,2012.0,"['Adventure', 'Drama', 'Action']",Ang Lee,"['Suraj Sharma', 'Irrfan Khan', 'Ayush Tandon']",120000000,609016565,489016565,407.51380416666666,7.2,5797,51.328145,127.0,en
1250,Ghost Rider,2007-02-16,2007.0,"['Thriller', 'Action', 'Fantasy', 'Horror']",Mark Steven Johnson,"['Nicolas Cage', 'Eva Mendes', 'Wes Bentley']",110000000,228738393,118738393,107.94399363636364,5.2,1712,46.834704,114.0,en
324668,Jason Bourne,2016-07-27,2016.0,"['Action', 'Thriller']",Paul Greengrass,"['Matt Damon', 'Alicia Vikander', 'Tommy Lee Jones']",120000000,415484914,295484914,246.23742833333333,5.9,2341,62.641286,123.0,en
9471,Charlie's Angels: Full Throttle,2003-06-27,2003.0,"['Action', 'Adventure', 'Comedy']",McG,"['Cameron Diaz', 'Drew Barrymore', 'Lucy Liu']",120000000,259175788,139175788,115.97982333333334,5.2,914,33.616115,106.0,en
70981,Prometheus,2012-05-30,2012.0,"['Science Fiction', 'Adventure', 'Mystery']",Ridley Scott,"['Noomi Rapace', 'Michael Fassbender', 'Guy Pearce']",130000000,403170142,273170142,210.13087846153846,6.3,5080,68.889395,124.0,en
10996,Stuart Little 2,2002-07-19,2002.0,"['Family', 'Adventure', 'Animation', 'Comedy']",Rob Minkoff,"['Michael J. Fox', 'Geena Davis', 'Hugh Laurie']",120000000,169956806,49956806,41.63067166666667,5.4,613,27.990284,78.0,en
68724,Elysium,2013-08-07,2013.0,"['Science Fiction', 'Action', 'Drama', 'Thriller']",Neill Blomkamp,"['Matt Damon', 'Jodie Foster', 'Sharlto Copley']",115000000,286140700,171140700,148.818,6.4,3439,67.33767,109.0,en
2789,The Chronicles of Riddick,2004-06-11,2004.0,"['Action', 'Science Fiction']",David Twohy,"['Vin Diesel', 'Thandie Newton', 'Karl Urban']",105000000,115772733,10772733,10.259745714285714,6.3,1570,27.835436,119.0,en
97020,RoboCop,2014-01-30,2014.0,"['Action', 'Science Fiction']",José Padilha,"['Joel Kinnaman', 'Gary Oldman', 'Michael Keaton']",120000000,242688965,122688965,102.24080416666668,5.7,2342,66.757869,102.0,en
7459,Speed Racer,2008-05-09,2008.0,"['Action', 'Family', 'Science Fiction']",Lilly Wachowski,"['Emile Hirsch', 'Christina Ricci', 'Matthew Fox']",120000000,93945766,-26054234,-21.711861666666664,5.7,354,17.060695,135.0,en
42888,How Do You Know,2010-12-17,2010.0,"['Comedy', 'Drama', 'Romance']",James L. Brooks,"['Reese Witherspoon', 'Paul Rudd', 'Owen Wilson']",120000000,48668907,-71331093,-59.442577500000006,4.9,223,11.137655,121.0,en
37834,Knight and Day,2010-06-15,2010.0,"['Action', 'Comedy']",James Mangold,"['Tom Cruise', 'Cameron Diaz', 'Peter Sarsgaard']",117000000,261930431,144930431,123.87216324786326,5.9,1547,44.906918,109.0,en
75612,Oblivion,2013-04-10,2013.0,"['Action', 'Science Fiction', 'Adventure', 'Mystery']",Joseph Kosinski,"['Tom Cruise', 'Morgan Freeman', 'Olga Kurylenko']",120000000,286168572,166168572,138.47381000000001,6.4,4800,67.698004,124.0,en
1895,Star Wars: Episode III - Revenge of the Sith,2005-05-17,2005.0,"['Science Fiction', 'Adventure', 'Action']",George Lucas,"['Ewan McGregor', 'Natalie Portman', 'Hayden Christensen']",113000000,850000000,737000000,652.2123893805309,7.1,4116,44.108427,140.0,en
1894,Star Wars: Episode II - Attack of the Clones,2002-05-15,2002.0,"['Adventure', 'Action', 'Science Fiction']",George Lucas,"['Ewan McGregor', 'Natalie Portman', 'Hayden Christensen']",120000000,649398328,529398328,441.1652733333334,6.4,3992,43.987061,142.0,en
585,"Monsters, Inc.",2001-11-01,2001.0,"['Animation', 'Comedy', 'Family']",Pete Docter,"['John Goodman', 'Billy Crystal', 'Mary Gibbs']",115000000,562816256,447816256,389.40544,7.5,5996,106.815545,92.0,en
76170,The Wolverine,2013-07-23,2013.0,"['Action', 'Science Fiction', 'Adventure', 'Fantasy']",James Mangold,"['Hugh Jackman', 'Hiroyuki Sanada', 'Famke Janssen']",120000000,415440673,295440673,246.20056083333336,6.3,4053,15.953444,126.0,en
1893,Star Wars: Episode I - The Phantom Menace,1999-05-19,1999.0,"['Adventure', 'Action', 'Science Fiction']",George Lucas,"['Liam Neeson', 'Ewan McGregor', 'Natalie Portman']",115000000,924317558,809317558,703.7543982608696,6.3,4432,54.035265,136.0,en
49519,The Croods,2013-03-20,2013.0,"['Adventure', 'Animation', 'Comedy', 'Family', 'Fantasy']",Chris Sanders,"['Nicolas Cage', 'Emma Stone', 'Ryan Reynolds']",135000000,585178928,450178928,333.4658725925926,6.8,2399,64.183321,98.0,en
2395,Asterix at the Olympic Games,2008-01-13,2008.0,"['Fantasy', 'Adventure', 'Comedy', 'Family']",Thomas Langmann,"['Clovis Cornillac', 'Gérard Depardieu', 'Franck Dubosc']",97250400,132900000,35649600,36.657535598825305,5.0,471,20.344364,116.0,fr
12100,Windtalkers,2002-06-14,2002.0,"['Drama', 'Action', 'History', 'War']",John Woo,"['Nicolas Cage', 'Adam Beach', 'Peter Stormare']",115000000,77628265,-37371735,-32.497160869565214,5.8,341,18.714197,134.0,en
290595,The Huntsman: Winter's War,2016-04-06,2016.0,"['Action', 'Adventure', 'Drama']",Cedric Nicolas-Troyan,"['Chris Hemsworth', 'Charlize Theron', 'Emily Blunt']",115000000,164602163,49602163,43.132315652173915,6.0,1523,60.467984,114.0,en
98566,Teenage Mutant Ninja Turtles,2014-08-07,2014.0,"['Science Fiction', 'Action', 'Adventure', 'Fantasy', 'Comedy']",Jonathan Liebesman,"['Megan Fox', 'Will Arnett', 'William Fichtner']",125000000,477200000,352200000,281.76,5.8,2636,143.350376,101.0,en
49047,Gravity,2013-09-27,2013.0,"['Science Fiction', 'Thriller', 'Drama']",Alfonso Cuarón,"['Sandra Bullock', 'George Clooney', 'Ed Harris']",105000000,716392705,611392705,582.2787666666667,7.3,5751,110.153618,91.0,en
9619,Dante's Peak,1997-02-07,1997.0,"['Action', 'Adventure', 'Thriller']",Roger Donaldson,"['Pierce Brosnan', 'Linda Hamilton', 'Jamie Renée Smith']",116000000,178127760,62127760,53.55841379310344,5.7,428,16.90444,108.0,en
308531,Teenage Mutant Ninja Turtles: Out of the Shadows,2016-06-01,2016.0,"['Fantasy', 'Action', 'Adventure', 'Comedy']",Dave Green,"['Megan Fox', 'Stephen Amell', 'Will Arnett']",135000000,245623848,110623848,81.94359111111112,5.8,963,39.873791,112.0,en
166424,Fantastic Four,2015-08-05,2015.0,"['Action', 'Adventure', 'Science Fiction']",Josh Trank,"['Miles Teller', 'Kate Mara', 'Michael B. Jordan']",120000000,167977596,47977596,39.98133,4.4,2278,38.126095,100.0,en
1593,Night at the Museum,2006-10-20,2006.0,"['Action', 'Adventure', 'Comedy', 'Family', 'Fantasy']",Shawn Levy,"['Ben Stiller', 'Jake Cherry', 'Carla Gugino']",110000000,574480841,464480841,422.25531,6.3,2862,48.780039,108.0,en
254128,San Andreas,2015-05-27,2015.0,"['Action', 'Drama', 'Thriller']",Brad Peyton,"['Dwayne Johnson', 'Alexandra Daddario', 'Carla Gugino']",110000000,470490832,360490832,327.7189381818182,6.0,2968,100.412364,114.0,en
714,Tomorrow Never Dies,1997-12-11,1997.0,"['Adventure', 'Action', 'Thriller']",Roger Spottiswoode,"['Pierce Brosnan', 'Jonathan Pryce', 'Michelle Yeoh']",110000000,333011068,223011068,202.73733454545453,6.0,925,42.887121,119.0,en
2024,The Patriot,2000-06-28,2000.0,"['Drama', 'History', 'War', 'Action']",Roland Emmerich,"['Mel Gibson', 'Heath Ledger', 'Joely Richardson']",110000000,215294342,105294342,95.72212909090909,6.8,1099,23.657284,165.0,en
163,Ocean's Twelve,2004-12-09,2004.0,"['Thriller', 'Crime']",Steven Soderbergh,"['George Clooney', 'Brad Pitt', 'Catherine Zeta-Jones']",110000000,362744280,252744280,229.76752727272728,6.4,2124,76.840712,125.0,en
787,Mr. & Mrs. Smith,2005-06-07,2005.0,"['Action', 'Comedy', 'Drama', 'Thriller']",Doug Liman,"['Angelina Jolie', 'Brad Pitt', 'Vince Vaughn']",110000000,478207520,368207520,334.7341090909091,6.5,2965,44.635452,120.0,en
262500,Insurgent,2015-03-18,2015.0,"['Adventure', 'Science Fiction', 'Thriller']",Robert Schwentke,"['Shailene Woodley', 'Theo James', 'Kate Winslet']",110000000,295238201,185238201,168.39836454545454,6.2,3829,103.718387,119.0,en
2567,The Aviator,2004-12-17,2004.0,['Drama'],Martin Scorsese,"['Leonardo DiCaprio', 'Cate Blanchett', 'Kate Beckinsale']",116000000,102000000,-14000000,-12.068965517241379,7.0,1489,45.616098,170.0,en
38745,Gulliver's Travels,2010-12-25,2010.0,['Comedy'],Rob Letterman,"['Jack Black', 'Amanda Peet', 'Emily Blunt']",112000000,237382724,125382724,111.94886071428571,4.9,621,22.845143,85.0,en
40805,The Green Hornet,2011-01-12,2011.0,"['Action', 'Crime', 'Comedy']",Michel Gondry,"['Seth Rogen', 'Jay Chou', 'Christoph Waltz']",120000000,227817248,107817248,89.84770666666667,5.5,1251,31.703608,119.0,en
53182,300: Rise of an Empire,2014-03-05,2014.0,"['Action', 'War']",Noam Murro,"['Sullivan Stapleton', 'Eva Green', 'Lena Headey']",110000000,337580051,227580051,206.89095545454546,6.1,2397,71.510596,102.0,en
41513,The Smurfs,2011-07-29,2011.0,"['Animation', 'Family', 'Adventure', 'Comedy', 'Fantasy']",Raja Gosnell,"['Hank Azaria', 'Neil Patrick Harris', 'Jayma Mays']",110000000,563749323,453749323,412.4993845454545,5.5,1179,36.65422,103.0,en
13700,Home on the Range,2004-04-02,2004.0,"['Animation', 'Family']",Will Finn,"['Roseanne Barr', 'Judi Dench', 'Jennifer Tilly']",110000000,103951461,-6048539,-5.498671818181818,5.7,389,19.625972,76.0,en
262504,Allegiant,2016-03-09,2016.0,"['Adventure', 'Science Fiction']",Robert Schwentke,"['Shailene Woodley', 'Theo James', 'Zoë Kravitz']",110000000,179246868,69246868,62.95169818181818,5.9,1998,86.105615,121.0,en
39254,Real Steel,2011-09-28,2011.0,"['Action', 'Science Fiction', 'Drama']",Shawn Levy,"['Hugh Jackman', 'Dakota Goyo', 'Evangeline Lilly']",110000000,299268508,189268508,172.06228,6.6,2692,37.195046,127.0,en
77931,The Smurfs 2,2013-07-30,2013.0,"['Fantasy', 'Family', 'Comedy', 'Animation']",Raja Gosnell,"['Hank Azaria', 'Neil Patrick Harris', 'Brendan Gleeson']",105000000,347434178,242434178,230.8896933333333,5.5,695,32.473628,105.0,en
1639,Speed 2: Cruise Control,1997-06-13,1997.0,"['Action', 'Adventure', 'Thriller']",Jan de Bont,"['Sandra Bullock', 'Jason Patric', 'Willem Dafoe']",160000000,164508066,4508066,2.81754125,4.1,434,23.336875,121.0,en
80274,Ender's Game,2013-10-23,2013.0,"['Science Fiction', 'Action', 'Adventure']",Gavin Hood,"['Asa Butterfield', 'Harrison Ford', 'Hailee Steinfeld']",110000000,125537191,15537191,14.12471909090909,6.6,2303,45.94834,114.0,en
1571,Live Free or Die Hard,2007-06-20,2007.0,"['Action', 'Thriller']",Len Wiseman,"['Bruce Willis', 'Justin Long', 'Timothy Olyphant']",110000000,383531464,273531464,248.6649672727273,6.4,2089,48.93337,128.0,en
120,The Lord of the Rings: The Fellowship of the Ring,2001-12-18,2001.0,"['Adventure', 'Fantasy', 'Action']",Peter Jackson,"['Elijah Wood', 'Ian McKellen', 'Cate Blanchett']",93000000,871368364,778368364,836.9552301075269,8.0,8705,138.049577,178.0,en
10204,Around the World in 80 Days,2004-06-16,2004.0,"['Action', 'Adventure', 'Comedy']",Frank Coraci,"['Jackie Chan', 'Steve Coogan', 'Cécile de France']",110000000,72178895,-37821105,-34.382822727272725,5.7,672,22.643776,120.0,en
8489,Ali,2001-12-11,2001.0,['Drama'],Michael Mann,"['Will Smith', 'Jamie Foxx', 'Jon Voight']",107000000,87713825,-19286175,-18.02446261682243,6.7,447,18.866672,157.0,en
10588,The Cat in the Hat,2003-11-21,2003.0,"['Comedy', 'Fantasy', 'Family']",Bo Welch,"['Mike Myers', 'Dakota Fanning', 'Spencer Breslin']",0,0,0,,4.9,366,18.251129,82.0,en
2048,"I, Robot",2004-07-15,2004.0,"['Action', 'Science Fiction']",Alex Proyas,"['Will Smith', 'Bridget Moynahan', 'Alan Tudyk']",120000000,347234916,227234916,189.36243,6.7,3793,95.914473,115.0,en
1495,Kingdom of Heaven,2005-05-03,2005.0,"['Drama', 'Action', 'Adventure', 'History', 'War']",Ridley Scott,"['Orlando Bloom', 'Eva Green', 'Jeremy Irons']",130000000,211643158,81643158,62.80242923076923,6.6,1157,44.490453,144.0,en
10137,Stuart Little,1999-12-17,1999.0,"['Animation', 'Fantasy', 'Family', 'Comedy']",Rob Minkoff,"['Michael J. Fox', 'Geena Davis', 'Hugh Laurie']",133000000,300135367,167135367,125.66568947368421,5.8,959,30.475297,84.0,en
10198,The Princess and the Frog,2009-12-08,2009.0,"['Romance', 'Family', 'Animation', 'Music']",Ron Clements,"['Anika Noni Rose', 'Bruno Campos', 'Keith David']",105000000,267045765,162045765,154.3293,6.7,1247,62.479574,97.0,en
286217,The Martian,2015-09-30,2015.0,"['Drama', 'Adventure', 'Science Fiction']",Ridley Scott,"['Matt Damon', 'Jessica Chastain', 'Kristen Wiig']",108000000,630161890,522161890,483.4832314814815,7.6,7268,167.93287,141.0,en
1635,The Island,2005-07-20,2005.0,"['Action', 'Thriller', 'Science Fiction', 'Adventure']",Michael Bay,"['Ewan McGregor', 'Scarlett Johansson', 'Djimon Hounsou']",126000000,162949164,36949164,29.324733333333334,6.5,1770,37.68056,136.0,en
24113,Town & Country,2001-04-27,2001.0,"['Comedy', 'Romance']",Peter Chelsom,"['Warren Beatty', 'Diane Keaton', 'Goldie Hawn']",90000000,10372291,-79627709,-88.47523222222222,3.7,16,1.004579,104.0,en
9679,Gone in Sixty Seconds,2000-06-09,2000.0,"['Action', 'Crime', 'Thriller']",Dominic Sena,"['Nicolas Cage', 'Angelina Jolie', 'Giovanni Ribisi']",90000000,237202299,147202299,163.55811,6.1,1485,52.995628,118.0,en
98,Gladiator,2000-05-01,2000.0,"['Action', 'Drama', 'Adventure']",Ridley Scott,"['Russell Crowe', 'Joaquin Phoenix', 'Connie Nielsen']",103000000,457640427,354640427,344.3110941747573,7.9,5439,95.301296,155.0,en
180,Minority Report,2002-06-20,2002.0,"['Action', 'Thriller', 'Science Fiction', 'Mystery']",Steven Spielberg,"['Tom Cruise', 'Colin Farrell', 'Samantha Morton']",102000000,358372926,256372926,251.34600588235293,7.1,2608,65.948959,145.0,en
672,Harry Potter and the Chamber of Secrets,2002-11-13,2002.0,"['Adventure', 'Fantasy', 'Family']",Chris Columbus,"['Daniel Radcliffe', 'Rupert Grint', 'Emma Watson']",100000000,876688482,776688482,776.6884819999999,7.4,5815,132.397737,161.0,en
36557,Casino Royale,2006-11-14,2006.0,"['Adventure', 'Action', 'Thriller']",Martin Campbell,"['Daniel Craig', 'Eva Green', 'Mads Mikkelsen']",150000000,599045960,449045960,299.3639733333334,7.3,3855,88.935165,144.0,en
869,Planet of the Apes,2001-07-25,2001.0,"['Thriller', 'Science Fiction', 'Action', 'Adventure']",Tim Burton,"['Mark Wahlberg', 'Tim Roth', 'Helena Bonham Carter']",100000000,362211740,262211740,262.21174,5.6,1243,51.188633,119.0,en
280,Terminator 2: Judgment Day,1991-07-01,1991.0,"['Action', 'Thriller', 'Science Fiction']",James Cameron,"['Arnold Schwarzenegger', 'Linda Hamilton', 'Robert Patrick']",100000000,520000000,420000000,420.0,7.7,4185,101.74155,137.0,en
11322,Public Enemies,2009-07-01,2009.0,"['History', 'Crime', 'Drama']",Michael Mann,"['Christian Bale', 'Johnny Depp', 'Giovanni Ribisi']",80000000,214104620,134104620,167.630775,6.5,1344,33.691694,140.0,en
4982,American Gangster,2007-11-02,2007.0,"['Drama', 'Crime']",Ridley Scott,"['Denzel Washington', 'Russell Crowe', 'Chiwetel Ejiofor']",100000000,266465037,166465037,166.465037,7.4,1502,42.361215,157.0,en
36955,True Lies,1994-07-14,1994.0,"['Action', 'Thriller']",James Cameron,"['Arnold Schwarzenegger', 'Jamie Lee Curtis', 'Tom Arnold']",115000000,378882411,263882411,229.46296608695653,6.8,1116,38.729418,141.0,en
18487,The Taking of Pelham 1 2 3,2009-06-11,2009.0,"['Thriller', 'Drama', 'Crime']",Tony Scott,"['Denzel Washington', 'John Travolta', 'Luis Guzmán']",100000000,150166126,50166126,50.166126,6.2,954,40.597856,106.0,en
39451,Little Fockers,2010-12-21,2010.0,"['Comedy', 'Romance']",Paul Weitz,"['Robert De Niro', 'Ben Stiller', 'Owen Wilson']",100000000,310650585,210650585,210.650585,5.4,1060,32.389353,98.0,en
27581,The Other Guys,2010-08-06,2010.0,"['Action', 'Comedy', 'Crime']",Adam McKay,"['Will Ferrell', 'Mark Wahlberg', 'Eva Mendes']",100000000,170432927,70432927,70.432927,6.1,1383,24.399642,107.0,en
9268,Eraser,1996-06-21,1996.0,"['Action', 'Drama', 'Mystery', 'Thriller']",Chuck Russell,"['Arnold Schwarzenegger', 'James Caan', 'Vanessa Williams']",100000000,242295562,142295562,142.295562,5.6,543,24.507987,115.0,en
68718,Django Unchained,2012-12-25,2012.0,"['Drama', 'Western']",Quentin Tarantino,"['Jamie Foxx', 'Christoph Waltz', 'Leonardo DiCaprio']",100000000,425368238,325368238,325.36823799999996,7.8,10099,82.121691,165.0,en
10545,The Hunchback of Notre Dame,1996-06-21,1996.0,"['Drama', 'Animation', 'Family']",Gary Trousdale,"['Tom Hulce', 'Demi Moore', 'Tony Jay']",100000000,100138851,138851,0.138851,6.8,1129,46.727941,91.0,en
11688,The Emperor's New Groove,2000-12-09,2000.0,"['Adventure', 'Animation', 'Comedy', 'Family', 'Fantasy']",Mark Dindal,"['David Spade', 'John Goodman', 'Eartha Kitt']",100000000,169327687,69327687,69.327687,7.2,1490,51.113717,78.0,en
76163,The Expendables 2,2012-08-08,2012.0,"['Action', 'Adventure', 'Thriller']",Simon West,"['Sylvester Stallone', 'Jason Statham', 'Dolph Lundgren']",100000000,312573423,212573423,212.573423,6.1,2896,53.732892,103.0,en
2059,National Treasure,2004-11-19,2004.0,"['Adventure', 'Action', 'Thriller', 'Mystery']",Jon Turteltaub,"['Nicolas Cage', 'Diane Kruger', 'Justin Bartha']",100000000,347451894,247451894,247.45189399999998,6.4,1926,58.849256,131.0,en
2486,Eragon,2006-12-14,2006.0,"['Fantasy', 'Action', 'Adventure', 'Family']",Stefen Fangmeier,"['Ed Speleers', 'Jeremy Irons', 'Sienna Guillory']",100000000,249288105,149288105,149.288105,4.9,967,30.863434,104.0,en
16523,Where the Wild Things Are,2009-10-16,2009.0,"['Family', 'Fantasy']",Spike Jonze,"['Max Records', 'Catherine Keener', 'Lauren Ambrose']",100000000,100086793,86793,0.08679300000000001,6.4,572,31.586215,101.0,en
116711,Epic,2013-05-15,2013.0,"['Animation', 'Adventure', 'Family', 'Fantasy']",Chris Wedge,"['Josh Hutcherson', 'Amanda Seyfried', 'Colin Farrell']",100000000,268426634,168426634,168.426634,6.4,1121,36.711378,102.0,en
37710,The Tourist,2010-12-08,2010.0,"['Action', 'Thriller', 'Romance']",Florian Henckel von Donnersmarck,"['Johnny Depp', 'Angelina Jolie', 'Paul Bettany']",100000000,278731369,178731369,178.731369,6.0,1699,41.426678,103.0,en
9946,End of Days,1999-11-24,1999.0,"['Action', 'Fantasy', 'Horror', 'Mystery']",Peter Hyams,"['Arnold Schwarzenegger', 'Gabriel Byrne', 'Kevin Pollak']",100000000,211989043,111989043,111.98904300000001,5.5,482,20.652943,121.0,en
1372,Blood Diamond,2006-12-07,2006.0,"['Drama', 'Thriller', 'Action']",Edward Zwick,"['Leonardo DiCaprio', 'Djimon Hounsou', 'Jennifer Connelly']",100000000,170877916,70877916,70.877916,7.3,2281,52.792678,143.0,en
106646,The Wolf of Wall Street,2013-12-25,2013.0,"['Crime', 'Drama', 'Comedy']",Martin Scorsese,"['Leonardo DiCaprio', 'Jonah Hill', 'Margot Robbie']",100000000,392000694,292000694,292.000694,7.9,6571,95.007934,180.0,en
414,Batman Forever,1995-05-31,1995.0,"['Action', 'Crime', 'Fantasy']",Joel Schumacher,"['Val Kilmer', 'Tommy Lee Jones', 'Jim Carrey']",100000000,336529144,236529144,236.529144,5.2,1498,48.205606,121.0,en
563,Starship Troopers,1997-11-06,1997.0,"['Adventure', 'Action', 'Thriller', 'Science Fiction']",Paul Verhoeven,"['Casper Van Dien', 'Dina Meyer', 'Denise Richards']",105000000,121214377,16214377,15.44226380952381,6.7,1560,58.782359,129.0,en
83542,Cloud Atlas,2012-10-26,2012.0,"['Drama', 'Science Fiction']",Tom Tykwer,"['Tom Hanks', 'Halle Berry', 'Jim Broadbent']",102000000,130482868,28482868,27.924380392156863,6.6,2977,73.872343,172.0,en
41216,Legend of the Guardians: The Owls of Ga'Hoole,2010-07-10,2010.0,"['Animation', 'Adventure', 'Family', 'Fantasy']",Zack Snyder,"['Emily Barclay', 'Abbie Cornish', 'Essie Davis']",80000000,140073390,60073390,75.0917375,6.5,703,37.321848,97.0,en
314,Catwoman,2004-07-22,2004.0,"['Action', 'Crime']",Pitof,"['Halle Berry', 'Benjamin Bratt', 'Sharon Stone']",100000000,82102379,-17897621,-17.897621,4.2,808,32.271938,104.0,en
184315,Hercules,2014-07-23,2014.0,"['Action', 'Adventure']",Brett Ratner,"['Dwayne Johnson', 'Ian McShane', 'John Hurt']",100000000,243400000,143400000,143.4,5.6,1680,76.842247,99.0,en
9016,Treasure Planet,2002-11-26,2002.0,"['Adventure', 'Animation', 'Family', 'Fantasy', 'Science Fiction']",Ron Clements,"['Joseph Gordon-Levitt', 'Brian Murray', 'David Hyde Pierce']",140000000,109578115,-30421885,-21.72991785714286,7.2,948,38.924136,95.0,en
18162,Land of the Lost,2009-06-05,2009.0,"['Adventure', 'Comedy', 'Science Fiction']",Brad Silberling,"['Will Ferrell', 'Anna Friel', 'Danny McBride']",100000000,68688831,-31311169,-31.311169,5.3,381,19.38841,102.0,en
138103,The Expendables 3,2014-08-04,2014.0,"['Action', 'Adventure', 'Thriller']",Patrick Hughes,"['Sylvester Stallone', 'Jason Statham', 'Harrison Ford']",90000000,206172544,116172544,129.08060444444445,6.1,1795,61.025639,127.0,en
257088,Point Break,2015-12-03,2015.0,"['Action', 'Crime', 'Thriller']",Ericson Core,"['Edgar Ramírez', 'Luke Bracey', 'Teresa Palmer']",105000000,133718711,28718711,27.351153333333333,5.5,783,33.507289,114.0,en
10214,Son of the Mask,2005-02-18,2005.0,"['Fantasy', 'Comedy', 'Family', 'Adventure']",Lawrence Guterman,"['Jamie Kennedy', 'Alan Cumming', 'Traylor Howard']",84000000,0,-84000000,-100.0,3.6,338,17.815595,94.0,en
205775,In the Heart of the Sea,2015-11-20,2015.0,"['Thriller', 'Drama', 'Adventure', 'Action', 'History']",Ron Howard,"['Chris Hemsworth', 'Benjamin Walker', 'Cillian Murphy']",100000000,93820758,-6179242,-6.179242,6.5,1276,50.767332,122.0,en
11692,The Adventures of Pluto Nash,2002-08-15,2002.0,"['Action', 'Comedy', 'Science Fiction']",Ron Underwood,"['Eddie Murphy', 'Randy Quaid', 'Rosario Dawson']",100000000,7103973,-92896027,-92.896027,4.4,142,12.092241,95.0,en
22972,Green Zone,2010-03-11,2010.0,"['War', 'Action', 'Adventure', 'Drama', 'Thriller']",Paul Greengrass,"['Matt Damon', 'Greg Kinnear', 'Brendan Gleeson']",100000000,94882889,-5117111,-5.1171109999999995,6.4,717,30.254021,115.0,en
227973,The Peanuts Movie,2015-11-05,2015.0,['Animation'],Steve Martino,"['Noah Schnapp', 'Bill Melendez', 'Venus Schultheis']",99000000,246233113,147233113,148.72031616161615,6.5,604,34.308098,88.0,en
29193,The Spanish Prisoner,1997-09-08,1997.0,"['Crime', 'Drama', 'Mystery', 'Thriller']",David Mamet,"['Steve Martin', 'Campbell Scott', 'Ben Gazzara']",10000000,13835130,3835130,38.3513,7.1,73,3.091077,110.0,en
1734,The Mummy Returns,2001-04-28,2001.0,"['Adventure', 'Action', 'Fantasy']",Stephen Sommers,"['Brendan Fraser', 'Rachel Weisz', 'John Hannah']",98000000,433013274,335013274,341.85027959183674,6.0,2206,41.862983,130.0,en
3131,Gangs of New York,2002-12-14,2002.0,"['Drama', 'History', 'Crime']",Martin Scorsese,"['Leonardo DiCaprio', 'Daniel Day-Lewis', 'Cameron Diaz']",100000000,193772504,93772504,93.772504,7.1,1910,46.160048,167.0,en
76758,The Flowers of War,2011-12-15,2011.0,"['Drama', 'History', 'War']",Zhang Yimou,"['Christian Bale', 'Ni Ni', 'Tong Dawei']",94000000,95311434,1311434,1.3951425531914894,7.1,187,12.516546,145.0,zh
9408,Surf's Up,2007-06-08,2007.0,"['Animation', 'Comedy', 'Family']",Ash Brannon,"['Shia LaBeouf', 'Jeff Bridges', 'Zooey Deschanel']",85000000,149044513,64044513,75.34648588235294,5.9,601,23.230851,85.0,en
9890,The Stepford Wives,2004-06-10,2004.0,"['Action', 'Comedy', 'Science Fiction']",Frank Oz,"['Nicole Kidman', 'Matthew Broderick', 'Bette Midler']",90000000,102000000,12000000,13.333333333333334,5.4,334,19.224754,93.0,en
855,Black Hawk Down,2001-12-28,2001.0,"['Action', 'History', 'War']",Ridley Scott,"['Josh Hartnett', 'Ewan McGregor', 'Jason Isaacs']",92000000,172989651,80989651,88.03222934782609,7.2,1811,44.455166,144.0,en
77953,The Campaign,2012-08-09,2012.0,['Comedy'],Jay Roach,"['Will Ferrell', 'Zach Galifianakis', 'Dylan McDermott']",0,104907746,104907746,inf,5.6,578,16.460356,85.0,en
18,The Fifth Element,1997-05-07,1997.0,"['Adventure', 'Fantasy', 'Action', 'Thriller', 'Science Fiction']",Luc Besson,"['Bruce Willis', 'Gary Oldman', 'Ian Holm']",90000000,263920180,173920180,193.24464444444445,7.3,3885,109.528572,126.0,en
37786,Sex and the City 2,2010-05-26,2010.0,"['Comedy', 'Drama', 'Romance']",Michael Patrick King,"['Sarah Jessica Parker', 'Kristin Davis', 'Cynthia Nixon']",100000000,288347692,188347692,188.34769200000002,5.4,426,18.325897,146.0,en
10501,The Road to El Dorado,2000-03-31,2000.0,"['Adventure', 'Animation', 'Comedy', 'Family']",Don Michael Paul,"['Kenneth Branagh', 'Kevin Kline', 'Rosie Perez']",95000000,76432727,-18567273,-19.544497894736843,7.0,858,37.054554,89.0,en
57800,Ice Age: Continental Drift,2012-06-26,2012.0,"['Animation', 'Comedy', 'Adventure', 'Family']",Steve Martino,"['John Leguizamo', 'Ray Romano', 'Chris Wedge']",95000000,877244782,782244782,823.4155599999999,6.2,2672,65.229868,88.0,en
150689,Cinderella,2015-03-12,2015.0,"['Romance', 'Fantasy', 'Family', 'Drama']",Kenneth Branagh,"['Lily James', 'Cate Blanchett', 'Richard Madden']",95000000,543514353,448514353,472.1203715789474,6.7,2374,101.187052,105.0,en
7980,The Lovely Bones,2009-12-26,2009.0,"['Fantasy', 'Drama']",Peter Jackson,"['Rachel Weisz', 'Mark Wahlberg', 'Susan Sarandon']",65000000,93525586,28525586,43.88551692307692,6.6,1065,29.257137,136.0,en
12,Finding Nemo,2003-05-30,2003.0,"['Animation', 'Family']",Andrew Stanton,"['Albert Brooks', 'Ellen DeGeneres', 'Alexander Gould']",94000000,940335536,846335536,900.3569531914893,7.6,6122,85.688789,100.0,en
122,The Lord of the Rings: The Return of the King,2003-12-01,2003.0,"['Adventure', 'Fantasy', 'Action']",Peter Jackson,"['Elijah Wood', 'Ian McKellen', 'Viggo Mortensen']",94000000,1118888979,1024888979,1090.3074244680852,8.1,8064,123.630332,201.0,en
121,The Lord of the Rings: The Two Towers,2002-12-18,2002.0,"['Adventure', 'Fantasy', 'Action']",Peter Jackson,"['Elijah Wood', 'Ian McKellen', 'Viggo Mortensen']",79000000,926287400,847287400,1072.5156962025317,8.0,7487,106.914973,179.0,en
68737,Seventh Son,2014-12-12,2014.0,"['Adventure', 'Fantasy']",Sergei Bodrov,"['Jeff Bridges', 'Julianne Moore', 'Ben Barnes']",95000000,114178613,19178613,20.188013684210524,5.2,957,63.628459,102.0,en
1995,Lara Croft: Tomb Raider,2001-06-11,2001.0,"['Adventure', 'Fantasy', 'Action', 'Thriller']",Simon West,"['Angelina Jolie', 'Jon Voight', 'Iain Glen']",115000000,274703340,159703340,138.8724695652174,5.7,2192,41.498631,100.0,en
157353,Transcendence,2014-04-16,2014.0,"['Thriller', 'Science Fiction', 'Drama', 'Mystery']",Wally Pfister,"['Johnny Depp', 'Paul Bettany', 'Rebecca Hall']",100000000,103039258,3039258,3.039258,5.9,2295,58.991388,119.0,en
331,Jurassic Park III,2001-07-18,2001.0,"['Adventure', 'Action', 'Thriller', 'Science Fiction']",Joe Johnston,"['Sam Neill', 'William H. Macy', 'Téa Leoni']",93000000,368780809,275780809,296.53850430107525,5.7,2077,1.859364,92.0,en
61791,Rise of the Planet of the Apes,2011-08-03,2011.0,"['Thriller', 'Action', 'Drama', 'Science Fiction']",Rupert Wyatt,"['James Franco', 'Freida Pinto', 'John Lithgow']",93000000,482860185,389860185,419.20450000000005,7.0,4347,138.433168,105.0,en
8204,The Spiderwick Chronicles,2008-02-14,2008.0,"['Adventure', 'Family', 'Fantasy']",Mark Waters,"['Freddie Highmore', 'Mary-Louise Parker', 'Nick Nolte']",90000000,162839667,72839667,80.93296333333333,6.3,572,21.436682,95.0,en
47964,A Good Day to Die Hard,2013-02-06,2013.0,"['Action', 'Thriller']",John Moore,"['Bruce Willis', 'Jai Courtney', 'Sebastian Koch']",92000000,304654182,212654182,231.14585,5.2,3493,65.402595,98.0,en
10733,The Alamo,2004-04-07,2004.0,"['Western', 'History', 'War']",John Lee Hancock,"['Dennis Quaid', 'Billy Bob Thornton', 'Jason Patric']",145000000,25819961,-119180039,-82.19313034482758,5.8,106,10.660441,137.0,en
9806,The Incredibles,2004-11-05,2004.0,"['Action', 'Adventure', 'Animation', 'Family']",Brad Bird,"['Craig T. Nelson', 'Holly Hunter', 'Samuel L. Jackson']",92000000,631442092,539442092,586.3501,7.4,5152,77.817571,115.0,en
1408,Cutthroat Island,1995-12-22,1995.0,"['Action', 'Adventure']",Renny Harlin,"['Geena Davis', 'Matthew Modine', 'Frank Langella']",98000000,10017322,-87982678,-89.77824285714286,5.7,136,7.029308,119.0,en
32657,Percy Jackson & the Olympians: The Lightning Thief,2010-02-01,2010.0,"['Adventure', 'Fantasy', 'Family']",Chris Columbus,"['Logan Lerman', 'Brandon T. Jackson', 'Alexandra Daddario']",95000000,226497209,131497209,138.4181147368421,6.0,2010,61.121717,118.0,en
607,Men in Black,1997-07-02,1997.0,"['Action', 'Adventure', 'Comedy', 'Science Fiction']",Barry Sonnenfeld,"['Tommy Lee Jones', 'Will Smith', 'Linda Fiorentino']",90000000,589390539,499390539,554.8783766666667,6.9,4412,104.121555,98.0,en
863,Toy Story 2,1999-10-30,1999.0,"['Animation', 'Comedy', 'Family']",John Lasseter,"['Tom Hanks', 'Tim Allen', 'Joan Cusack']",90000000,497366869,407366869,452.6298544444445,7.3,3806,73.575118,92.0,en
44048,Unstoppable,2010-11-04,2010.0,"['Action', 'Thriller']",Tony Scott,"['Denzel Washington', 'Chris Pine', 'Rosario Dawson']",100000000,167805466,67805466,67.80546600000001,6.3,1165,37.698465,98.0,en
5175,Rush Hour 2,2001-08-03,2001.0,"['Action', 'Comedy', 'Crime', 'Thriller']",Brett Ratner,"['Chris Tucker', 'Jackie Chan', 'Zhang Ziyi']",90000000,347325802,257325802,285.91755777777774,6.4,1054,35.814765,90.0,en
2655,What Lies Beneath,2000-07-21,2000.0,"['Drama', 'Horror', 'Mystery', 'Thriller']",Robert Zemeckis,"['Harrison Ford', 'Michelle Pfeiffer', 'Diana Scarwid']",100000000,155464351,55464351,55.464351,6.3,488,15.835672,130.0,en
22794,Cloudy with a Chance of Meatballs,2009-09-17,2009.0,"['Animation', 'Comedy', 'Family']",Phil Lord,"['Bill Hader', 'Anna Faris', 'James Caan']",100000000,242988466,142988466,142.988466,6.5,1747,46.781182,90.0,en
8355,Ice Age: Dawn of the Dinosaurs,2009-06-29,2009.0,"['Animation', 'Comedy', 'Family', 'Adventure']",Carlos Saldanha,"['Ray Romano', 'John Leguizamo', 'Denis Leary']",90000000,886686817,796686817,885.2075744444445,6.5,2271,69.457898,94.0,en
116745,The Secret Life of Walter Mitty,2013-12-18,2013.0,"['Adventure', 'Comedy', 'Drama', 'Fantasy']",Ben Stiller,"['Ben Stiller', 'Kristen Wiig', 'Patton Oswalt']",90000000,188133322,98133322,109.03702444444446,7.0,3144,43.348022,114.0,en
4327,Charlie's Angels,2000-11-02,2000.0,"['Action', 'Adventure', 'Comedy', 'Crime', 'Thriller']",McG,"['Cameron Diaz', 'Lucy Liu', 'Drew Barrymore']",92000000,264105545,172105545,187.0712445652174,5.6,1232,40.20395,98.0,en
1422,The Departed,2006-10-05,2006.0,"['Drama', 'Thriller', 'Crime']",Martin Scorsese,"['Leonardo DiCaprio', 'Matt Damon', 'Jack Nicholson']",90000000,289847354,199847354,222.05261555555555,7.9,4339,63.429157,151.0,en
10674,Mulan,1998-06-18,1998.0,"['Animation', 'Family', 'Adventure']",Tony Bancroft,"['Eddie Murphy', 'Jackie Chan', 'Ming-Na Wen']",90000000,304320254,214320254,238.13361555555556,7.6,2008,67.427755,88.0,en
7446,Tropic Thunder,2008-08-09,2008.0,"['Action', 'Comedy']",Ben Stiller,"['Ben Stiller', 'Jack Black', 'Robert Downey Jr.']",92000000,188072649,96072649,104.42679239130435,6.5,1667,43.192048,107.0,en
65754,The Girl with the Dragon Tattoo,2011-12-14,2011.0,"['Thriller', 'Crime', 'Mystery', 'Drama']",David Fincher,"['Daniel Craig', 'Rooney Mara', 'Christopher Plummer']",90000000,232617430,142617430,158.4638111111111,7.2,2434,47.651083,158.0,en
1572,Die Hard: With a Vengeance,1995-05-19,1995.0,"['Action', 'Thriller']",John McTiernan,"['Bruce Willis', 'Jeremy Irons', 'Samuel L. Jackson']",90000000,366101666,276101666,306.77962888888885,6.9,2066,51.881077,128.0,en
10528,Sherlock Holmes,2009-12-23,2009.0,"['Action', 'Adventure', 'Crime', 'Mystery']",Guy Ritchie,"['Robert Downey Jr.', 'Jude Law', 'Rachel McAdams']",90000000,524028679,434028679,482.2540877777778,7.0,5766,57.834787,128.0,en
271969,Ben-Hur,2016-08-17,2016.0,['Drama'],Timur Bekmambetov,"['Jack Huston', 'Toby Kebbell', 'Rodrigo Santoro']",100000000,94061311,-5938689,-5.938689,5.3,621,29.608322,125.0,en
10865,Atlantis: The Lost Empire,2001-06-02,2001.0,"['Animation', 'Family', 'Adventure', 'Science Fiction']",Gary Trousdale,"['Michael J. Fox', 'Corey Burton', 'Claudia Christian']",120000000,186053725,66053725,55.04477083333333,6.7,1224,51.548589,95.0,en
258509,Alvin and the Chipmunks: The Road Chip,2015-12-17,2015.0,"['Adventure', 'Animation', 'Comedy', 'Family']",Walt Becker,"['Jason Lee', 'Justin Long', 'Bella Thorne']",0,233755553,233755553,inf,5.8,428,27.867368,92.0,en
2253,Valkyrie,2008-12-25,2008.0,"['Drama', 'Thriller', 'History', 'War']",Bryan Singer,"['Tom Cruise', 'Carice van Houten', 'Kenneth Branagh']",75000000,200276000,125276000,167.03466666666665,6.7,1173,38.832842,121.0,en
10661,You Don't Mess with the Zohan,2008-06-05,2008.0,"['Comedy', 'Action']",Dennis Dugan,"['Adam Sandler', 'John Turturro', 'Emmanuelle Chriqui']",90000000,201596308,111596308,123.99589777777777,5.5,1048,40.597344,113.0,en
257344,Pixels,2015-07-16,2015.0,"['Action', 'Comedy', 'Science Fiction']",Chris Columbus,"['Adam Sandler', 'Michelle Monaghan', 'Peter Dinklage']",88000000,243637091,155637091,176.8603306818182,5.6,2513,140.849495,105.0,en
644,A.I. Artificial Intelligence,2001-06-29,2001.0,"['Drama', 'Science Fiction', 'Adventure']",Steven Spielberg,"['Haley Joel Osment', ""Frances O'Connor"", 'Sam Robards']",100000000,235926552,135926552,135.926552,6.8,1974,34.035114,146.0,en
10756,The Haunted Mansion,2003-11-25,2003.0,"['Thriller', 'Fantasy', 'Comedy', 'Family', 'Mystery']",Rob Minkoff,"['Eddie Murphy', 'Terence Stamp', 'Nathaniel Parker']",90000000,182290266,92290266,102.54474,5.2,466,16.302378,99.0,en
686,Contact,1997-07-11,1997.0,"['Drama', 'Science Fiction', 'Mystery']",Robert Zemeckis,"['Jodie Foster', 'Matthew McConaughey', 'James Woods']",90000000,171120329,81120329,90.13369888888889,7.2,1308,55.249434,150.0,en
9383,Hollow Man,2000-08-04,2000.0,"['Action', 'Science Fiction', 'Thriller']",Paul Verhoeven,"['Kevin Bacon', 'Elisabeth Shue', 'Josh Brolin']",95000000,190213455,95213455,100.22468947368421,5.6,634,28.200874,112.0,en
179,The Interpreter,2005-04-08,2005.0,"['Crime', 'Thriller']",Sydney Pollack,"['Nicole Kidman', 'Sean Penn', 'Catherine Keener']",80000000,162944923,82944923,103.68115375,6.2,392,18.69984,128.0,en
76285,Percy Jackson: Sea of Monsters,2013-08-07,2013.0,"['Adventure', 'Family', 'Fantasy']",Thor Freudenthal,"['Logan Lerman', 'Alexandra Daddario', 'Douglas Smith']",90000000,174578751,84578751,93.97639,5.9,1648,40.262261,106.0,en
1996,Lara Croft Tomb Raider: The Cradle of Life,2003-07-21,2003.0,"['Action', 'Adventure', 'Fantasy', 'Thriller']",Jan de Bont,"['Angelina Jolie', 'Gerard Butler', 'Noah Taylor']",95000000,156505388,61505388,64.74251368421052,5.5,1418,56.811056,117.0,en
291805,Now You See Me 2,2016-06-02,2016.0,"['Action', 'Adventure', 'Comedy', 'Crime', 'Mystery', 'Thriller']",Jon M. Chu,"['Jesse Eisenberg', 'Woody Harrelson', 'Mark Ruffalo']",90000000,334901337,244901337,272.11259666666666,6.7,3235,51.535701,129.0,en
10003,The Saint,1997-04-03,1997.0,"['Thriller', 'Action', 'Romance', 'Science Fiction', 'Adventure']",Phillip Noyce,"['Val Kilmer', 'Elisabeth Shue', 'Rade Serbedzija']",68000000,118063304,50063304,73.62250588235294,5.9,302,20.913852,116.0,en
1535,Spy Game,2001-11-18,2001.0,"['Action', 'Crime', 'Thriller']",Tony Scott,"['Robert Redford', 'Brad Pitt', 'Catherine McCormack']",92000000,143049560,51049560,55.488652173913046,6.8,579,27.166757,126.0,en
2067,Mission to Mars,2000-03-10,2000.0,['Science Fiction'],Brian De Palma,"['Gary Sinise', 'Tim Robbins', 'Don Cheadle']",90000000,60874615,-29125385,-32.361538888888894,5.7,369,16.058284,114.0,en
46195,Rio,2011-04-03,2011.0,"['Animation', 'Adventure', 'Comedy', 'Family']",Carlos Saldanha,"['Jesse Eisenberg', 'Anne Hathaway', 'Leslie Mann']",90000000,484635760,394635760,438.4841777777778,6.5,2166,46.200042,96.0,en
2277,Bicentennial Man,1999-12-17,1999.0,"['Comedy', 'Science Fiction']",Chris Columbus,"['Robin Williams', 'Sam Neill', 'Embeth Davidtz']",100000000,93700000,-6300000,-6.3,6.9,963,24.939295,131.0,en
10357,Volcano,1997-04-25,1997.0,"['Science Fiction', 'Action', 'Drama', 'Thriller']",Mick Jackson,"['Tommy Lee Jones', 'Anne Heche', 'Gaby Hoffmann']",90000000,0,-90000000,-100.0,5.2,376,19.836124,104.0,en
4477,The Devil's Own,1997-03-12,1997.0,"['Crime', 'Thriller', 'Drama']",Alan J. Pakula,"['Harrison Ford', 'Brad Pitt', 'Margaret Colin']",90000000,140807547,50807547,56.45283,5.9,290,15.350451,107.0,en
8665,K-19: The Widowmaker,2002-07-19,2002.0,"['Drama', 'History', 'Thriller']",Kathryn Bigelow,"['Harrison Ford', 'Liam Neeson', 'Peter Sarsgaard']",100000000,35168966,-64831034,-64.831034,6.1,264,15.625949,138.0,en
9387,Conan the Barbarian,1982-04-02,1982.0,"['Adventure', 'Fantasy', 'Action']",John Milius,"['Arnold Schwarzenegger', 'James Earl Jones', 'Max von Sydow']",20000000,79114085,59114085,295.570425,6.6,650,31.802807,129.0,en
921,Cinderella Man,2005-06-02,2005.0,"['Romance', 'Drama', 'History']",Ron Howard,"['Russell Crowe', 'Renée Zellweger', 'Paul Giamatti']",88000000,108539911,20539911,23.340807954545454,7.3,616,24.100863,144.0,en
49852,The Nutcracker: The Untold Story,2010-11-24,2010.0,"['Fantasy', 'Action', 'Family']",Andrei Konchalovsky,"['Elle Fanning', 'Nathan Lane', 'John Turturro']",90000000,16178959,-73821041,-82.02337888888889,5.4,50,3.593349,110.0,en
4464,Seabiscuit,2003-07-22,2003.0,"['Drama', 'History']",Gary Ross,"['Jeff Bridges', 'David McCullough', 'Chris Cooper']",87000000,148336445,61336445,70.50166091954023,6.7,216,14.824166,141.0,en
664,Twister,1996-05-10,1996.0,"['Action', 'Adventure', 'Drama']",Jan de Bont,"['Helen Hunt', 'Bill Paxton', 'Cary Elwes']",92000000,494471524,402471524,437.4690478260869,6.1,950,32.079995,113.0,en
8358,Cast Away,2000-12-22,2000.0,"['Adventure', 'Drama']",Robert Zemeckis,"['Tom Hanks', 'Helen Hunt', 'Chris Noth']",90000000,429632142,339632142,377.3690466666667,7.5,3218,57.739713,143.0,en
9836,Happy Feet,2006-11-16,2006.0,"['Animation', 'Comedy']",George Miller,"['Elijah Wood', 'Robin Williams', 'Brittany Murphy']",100000000,384335608,284335608,284.335608,5.9,1410,37.272385,108.0,en
2502,The Bourne Supremacy,2004-07-23,2004.0,"['Action', 'Drama', 'Thriller']",Paul Greengrass,"['Matt Damon', 'Franka Potente', 'Brian Cox']",75000000,288500217,213500217,284.666956,7.2,2825,53.213931,108.0,en
9772,Air Force One,1997-07-25,1997.0,"['Action', 'Thriller']",Wolfgang Petersen,"['Harrison Ford', 'Gary Oldman', 'Glenn Close']",85000000,315156409,230156409,270.77224588235293,6.2,840,36.38795,124.0,en
161,Ocean's Eleven,2001-12-07,2001.0,"['Thriller', 'Crime']",Steven Soderbergh,"['George Clooney', 'Brad Pitt', 'Matt Damon']",85000000,450717150,365717150,430.2554705882353,7.2,3783,60.929352,116.0,en
52451,The Three Musketeers,2011-08-31,2011.0,"['Adventure', 'Action', 'Thriller']",Paul W.S. Anderson,"['Milla Jovovich', 'Orlando Bloom', 'Logan Lerman']",75000000,132274484,57274484,76.36597866666666,5.6,924,36.605246,110.0,en
76492,Hotel Transylvania,2012-09-20,2012.0,"['Animation', 'Comedy', 'Family', 'Fantasy']",Genndy Tartakovsky,"['Adam Sandler', 'Steve Buscemi', 'David Spade']",85000000,358375603,273375603,321.61835647058825,6.8,2566,56.257411,91.0,en
4523,Enchanted,2007-11-20,2007.0,"['Comedy', 'Family', 'Fantasy', 'Romance']",Kevin Lima,"['Amy Adams', 'Patrick Dempsey', 'James Marsden']",85000000,340487652,255487652,300.57370823529413,6.6,1449,29.21998,107.0,en
59961,Safe House,2012-02-09,2012.0,"['Action', 'Thriller']",Daniel Espinosa,"['Denzel Washington', 'Ryan Reynolds', 'Vera Farmiga']",85000000,208076205,123076205,144.79553529411763,6.3,1345,34.773106,115.0,en
10481,102 Dalmatians,2000-10-07,2000.0,"['Comedy', 'Family']",Kevin Lima,"['Glenn Close', 'Ioan Gruffudd', 'Alice Evans']",85000000,183611771,98611771,116.01384823529412,5.1,313,9.895061,100.0,en
59108,Tower Heist,2011-11-02,2011.0,"['Action', 'Comedy']",Brett Ratner,"['Ben Stiller', 'Eddie Murphy', 'Casey Affleck']",75000000,152930623,77930623,103.90749733333334,5.8,932,36.743324,104.0,en
1581,The Holiday,2006-12-08,2006.0,"['Comedy', 'Romance']",Nancy Meyers,"['Cameron Diaz', 'Kate Winslet', 'Jude Law']",85000000,194168700,109168700,128.43376470588234,6.7,1225,44.967453,136.0,en
9798,Enemy of the State,1998-11-20,1998.0,"['Action', 'Drama', 'Thriller']",Tony Scott,"['Will Smith', 'Gene Hackman', 'Jon Voight']",90000000,250649836,160649836,178.49981777777776,6.7,1240,41.207568,132.0,en
22897,It's Complicated,2009-12-23,2009.0,"['Comedy', 'Romance']",Nancy Meyers,"['Meryl Streep', 'Alec Baldwin', 'Steve Martin']",85000000,219103655,134103655,157.76900588235293,6.2,360,16.479851,121.0,en
298,Ocean's Thirteen,2007-06-07,2007.0,"['Crime', 'Thriller']",Steven Soderbergh,"['George Clooney', 'Brad Pitt', 'Matt Damon']",85000000,311312624,226312624,266.25014588235297,6.5,1999,42.069993,122.0,en
7484,Open Season,2006-09-29,2006.0,"['Adventure', 'Animation', 'Family']",Jill Culton,"['Martin Lawrence', 'Ashton Kutcher', 'Gary Sinise']",85000000,197309027,112309027,132.12826705882352,6.1,656,26.61951,83.0,en
157350,Divergent,2014-03-14,2014.0,"['Adventure', 'Action', 'Science Fiction']",Neil Burger,"['Shailene Woodley', 'Theo James', 'Kate Winslet']",85000000,288747895,203747895,239.70340588235294,6.9,4663,80.316463,139.0,en
853,Enemy at the Gates,2001-03-13,2001.0,['War'],Jean-Jacques Annaud,"['Jude Law', 'Rachel Weisz', 'Ed Harris']",68000000,96976270,28976270,42.61216176470588,7.2,999,41.273567,131.0,en
10159,The Rundown,2003-09-26,2003.0,"['Adventure', 'Action', 'Comedy', 'Thriller']",Peter Berg,"['Dwayne Johnson', 'Seann William Scott', 'Rosario Dawson']",85000000,80916492,-4083508,-4.804127058823529,6.4,514,24.107835,104.0,en
9593,Last Action Hero,1993-06-18,1993.0,"['Adventure', 'Fantasy', 'Action', 'Comedy', 'Family']",John McTiernan,"['Arnold Schwarzenegger', 'F. Murray Abraham', 'Art Carney']",85000000,137298489,52298489,61.527634117647054,6.1,712,32.044191,130.0,en
1904,Memoirs of a Geisha,2005-12-06,2005.0,"['Drama', 'History', 'Romance']",Rob Marshall,"['Zhang Ziyi', 'Gong Li', 'Youki Kudoh']",85000000,162242962,77242962,90.87407294117648,7.3,652,16.595874,145.0,en
9615,The Fast and the Furious: Tokyo Drift,2006-06-03,2006.0,"['Action', 'Crime', 'Drama', 'Thriller']",Justin Lin,"['Lucas Black', 'Nathalie Kelley', 'Sung Kang']",85000000,158468292,73468292,86.43328470588236,6.1,1705,8.282876,104.0,en
51052,Arthur Christmas,2011-02-22,2011.0,"['Drama', 'Animation', 'Family', 'Comedy']",Barry Cook,"['James McAvoy', 'Hugh Laurie', 'Bill Nighy']",0,0,0,,6.7,333,19.83683,97.0,en
297,Meet Joe Black,1998-11-12,1998.0,"['Fantasy', 'Drama', 'Mystery']",Martin Brest,"['Brad Pitt', 'Anthony Hopkins', 'Claire Forlani']",90000000,142940100,52940100,58.82233333333333,6.9,1147,36.069611,178.0,en
9884,Collateral Damage,2002-02-06,2002.0,"['Action', 'Thriller', 'Drama']",Andrew Davis,"['Arnold Schwarzenegger', 'Francesca Neri', 'Elias Koteas']",85000000,78382433,-6617567,-7.78537294117647,5.5,427,18.827753,108.0,en
16858,All That Jazz,1979-12-20,1979.0,"['Drama', 'Music']",Bob Fosse,"['Roy Scheider', 'Jessica Lange', 'Leland Palmer']",0,37823676,37823676,inf,7.3,85,5.159407,123.0,en
62764,Mirror Mirror,2012-03-15,2012.0,"['Adventure', 'Fantasy', 'Drama', 'Comedy', 'Science Fiction', 'Family']",Tarsem Singh,"['Julia Roberts', 'Lily Collins', 'Armie Hammer']",85000000,183018522,98018522,115.31590823529412,5.5,1114,48.126297,106.0,en
22538,Scott Pilgrim vs. the World,2010-07-27,2010.0,"['Action', 'Adventure', 'Comedy']",Edgar Wright,"['Michael Cera', 'Mary Elizabeth Winstead', 'Kieran Culkin']",60000000,47664559,-12335441,-20.559068333333332,7.2,2126,38.885195,112.0,en
9341,The Core,2003-03-28,2003.0,"['Action', 'Thriller', 'Adventure', 'Science Fiction']",Jon Amiel,"['Aaron Eckhart', 'Hilary Swank', 'Delroy Lindo']",60000000,74208267,14208267,23.680445,5.4,516,29.211255,136.0,en
12107,Nutty Professor II: The Klumps,2000-07-27,2000.0,"['Fantasy', 'Comedy', 'Romance', 'Science Fiction']",Peter Segal,"['Eddie Murphy', 'Janet Jackson', 'Larry Miller']",84000000,123307945,39307945,46.79517261904762,4.7,332,17.783361,106.0,en
9637,Scooby-Doo,2002-06-14,2002.0,"['Mystery', 'Adventure', 'Comedy']",Raja Gosnell,"['Freddie Prinze Jr.', 'Sarah Michelle Gellar', 'Matthew Lillard']",84000000,275650703,191650703,228.1555988095238,5.4,820,31.435539,88.0,en
49049,Dredd,2012-09-07,2012.0,"['Action', 'Science Fiction']",Pete Travis,"['Karl Urban', 'Olivia Thirlby', 'Lena Headey']",50000000,41037742,-8962258,-17.924515999999997,6.6,1940,57.673932,95.0,en
9339,Click,2006-06-22,2006.0,"['Comedy', 'Drama', 'Fantasy', 'Romance']",Frank Coraci,"['Adam Sandler', 'Kate Beckinsale', 'Christopher Walken']",82500000,237681299,155181299,188.09854424242425,6.0,2104,41.176631,107.0,en
16281,Creepshow,1982-11-12,1982.0,"['Horror', 'Comedy', 'Fantasy']",George A. Romero,"['Hal Holbrook', 'Adrienne Barbeau', 'Fritz Weaver']",8000000,21028755,13028755,162.8594375,6.7,226,13.661289,120.0,en
39691,Cats & Dogs 2 : The Revenge of Kitty Galore,2010-07-30,2010.0,"['Comedy', 'Family']",Brad Peyton,"['James Marsden', 'Nick Nolte', 'Christina Applegate']",85000000,112483764,27483764,32.33384,4.9,119,11.77398,82.0,en
8247,Jumper,2008-02-10,2008.0,"['Adventure', 'Fantasy', 'Science Fiction']",Doug Liman,"['Hayden Christensen', 'Jamie Bell', 'Samuel L. Jackson']",85000000,222231186,137231186,161.44845411764706,5.9,1799,21.218,88.0,en
11253,Hellboy II: The Golden Army,2008-07-11,2008.0,"['Adventure', 'Fantasy', 'Science Fiction']",Guillermo del Toro,"['Ron Perlman', 'Selma Blair', 'Jeffrey Tambor']",85000000,160388063,75388063,88.69183882352941,6.5,1527,58.57976,120.0,en
1949,Zodiac,2007-03-02,2007.0,"['Crime', 'Drama', 'Mystery', 'Thriller']",David Fincher,"['Jake Gyllenhaal', 'Robert Downey Jr.', 'Mark Ruffalo']",65000000,84785914,19785914,30.439867692307693,7.3,2023,51.970905,157.0,en
8452,The 6th Day,2000-11-17,2000.0,['Science Fiction'],Roger Spottiswoode,"['Arnold Schwarzenegger', 'Michael Rapaport', 'Tony Goldwyn']",82000000,96085477,14085477,17.177410975609757,5.7,595,18.447479,123.0,en
310,Bruce Almighty,2003-05-23,2003.0,"['Fantasy', 'Comedy']",Tom Shadyac,"['Jim Carrey', 'Jennifer Aniston', 'Philip Baker Hall']",80000000,484572835,404572835,505.71604375000004,6.4,3012,109.684788,101.0,en
27578,The Expendables,2010-08-03,2010.0,"['Thriller', 'Adventure', 'Action']",Sylvester Stallone,"['Sylvester Stallone', 'Jason Statham', 'Dolph Lundgren']",80000000,274470394,194470394,243.0879925,6.0,2926,77.580661,103.0,en
954,Mission: Impossible,1996-05-22,1996.0,"['Adventure', 'Action', 'Thriller']",Brian De Palma,"['Tom Cruise', 'Jon Voight', 'Emmanuelle Béart']",80000000,457696359,377696359,472.12044875,6.7,2631,75.290998,110.0,en
70160,The Hunger Games,2012-03-12,2012.0,"['Science Fiction', 'Adventure', 'Fantasy']",Gary Ross,"['Jennifer Lawrence', 'Josh Hutcherson', 'Liam Hemsworth']",75000000,691210692,616210692,821.614256,6.9,9455,68.550698,142.0,en
45243,The Hangover Part II,2011-05-25,2011.0,['Comedy'],Todd Phillips,"['Bradley Cooper', 'Ed Helms', 'Zach Galifianakis']",80000000,254455986,174455986,218.0699825,6.2,3739,58.040149,102.0,en
364,Batman Returns,1992-06-19,1992.0,"['Action', 'Fantasy']",Tim Burton,"['Michael Keaton', 'Danny DeVito', 'Michelle Pfeiffer']",80000000,280000000,200000000,250.0,6.6,1673,59.113174,126.0,en
7518,Over the Hedge,2006-04-22,2006.0,"['Comedy', 'Animation', 'Family']",Karey Kirkpatrick,"['Bruce Willis', 'Garry Shandling', 'Steve Carell']",80000000,343397247,263397247,329.24655875,6.3,1074,36.32705,83.0,en
11544,Lilo & Stitch,2002-06-21,2002.0,"['Animation', 'Family']",Chris Sanders,"['Chris Sanders', 'Daveigh Chase', 'Tia Carrere']",80000000,145771527,65771527,82.21440875,7.1,1314,55.659988,85.0,en
9986,Charlotte's Web,2006-12-15,2006.0,"['Comedy', 'Family', 'Fantasy']",Gary Winick,"['Julia Roberts', 'Steve Buscemi', 'John Cleese']",85000000,144000000,59000000,69.41176470588235,5.8,288,14.132583,97.0,en
8656,Deep Impact,1998-05-08,1998.0,"['Action', 'Drama', 'Romance']",Mimi Leder,"['Robert Duvall', 'Téa Leoni', 'Elijah Wood']",75000000,140464664,65464664,87.28621866666667,5.9,855,34.070054,120.0,en
146216,RED 2,2013-07-18,2013.0,"['Action', 'Comedy', 'Crime', 'Thriller']",Dean Parisot,"['Bruce Willis', 'Catherine Zeta-Jones', 'Anthony Hopkins']",84000000,0,-84000000,-100.0,6.4,1526,44.34333,116.0,en
9291,The Longest Yard,2005-05-19,2005.0,"['Comedy', 'Drama']",Peter Segal,"['Adam Sandler', 'Chris Rock', 'Burt Reynolds']",82000000,190320568,108320568,132.09825365853658,6.2,785,26.065735,113.0,en
55301,Alvin and the Chipmunks: Chipwrecked,2011-12-14,2011.0,"['Comedy', 'Fantasy', 'Family', 'Music', 'Animation']",Mike Mitchell,"['Jason Lee', 'David Cross', 'Jenny Slate']",75000000,342695435,267695435,356.9272466666667,5.4,484,23.473004,87.0,en
109418,Grown Ups 2,2013-07-11,2013.0,['Comedy'],Dennis Dugan,"['Adam Sandler', 'Kevin James', 'Chris Rock']",80000000,246984278,166984278,208.73034750000002,5.8,1155,45.589568,100.0,en
11665,Get Smart,2008-06-19,2008.0,"['Action', 'Comedy', 'Thriller']",Peter Segal,"['Steve Carell', 'Anne Hathaway', 'Dwayne Johnson']",80000000,230685453,150685453,188.35681625,6.0,1051,23.496054,110.0,en
6964,Something's Gotta Give,2003-12-12,2003.0,"['Drama', 'Comedy', 'Romance']",Nancy Meyers,"['Jack Nicholson', 'Diane Keaton', 'Keanu Reeves']",80000000,266728738,186728738,233.41092250000003,6.3,410,16.939441,128.0,en
11324,Shutter Island,2010-02-18,2010.0,"['Drama', 'Thriller', 'Mystery']",Martin Scorsese,"['Leonardo DiCaprio', 'Mark Ruffalo', 'Ben Kingsley']",80000000,294804195,214804195,268.50524375,7.8,6336,81.914696,138.0,en
12193,Four Christmases,2008-11-26,2008.0,"['Comedy', 'Romance', 'Drama']",Seth Gordon,"['Vince Vaughn', 'Reese Witherspoon', 'Robert Duvall']",80000000,163733697,83733697,104.66712125,5.3,331,19.500893,88.0,en
9928,Robots,2005-03-10,2005.0,"['Animation', 'Comedy', 'Family', 'Science Fiction']",Chris Wedge,"['Robin Williams', 'Ewan McGregor', 'Halle Berry']",75000000,260696994,185696994,247.59599200000002,6.0,1333,29.558157,91.0,en
754,Face/Off,1997-06-27,1997.0,"['Action', 'Crime', 'Science Fiction', 'Thriller']",John Woo,"['John Travolta', 'Nicolas Cage', 'Joan Allen']",80000000,245676146,165676146,207.0951825,6.8,1583,46.075037,138.0,en
10202,Bedtime Stories,2008-12-24,2008.0,"['Fantasy', 'Comedy', 'Family', 'Romance']",Adam Shankman,"['Adam Sandler', 'Keri Russell', 'Guy Pearce']",80000000,212874442,132874442,166.0930525,5.9,901,23.531721,99.0,en
4147,Road to Perdition,2002-07-12,2002.0,"['Thriller', 'Crime', 'Drama']",Sam Mendes,"['Tom Hanks', 'Tyler Hoechlin', 'Jennifer Jason Leigh']",80000000,181001478,101001478,126.2518475,7.3,1077,49.078546,117.0,en
50546,Just Go with It,2011-02-10,2011.0,"['Romance', 'Comedy']",Dennis Dugan,"['Adam Sandler', 'Jennifer Aniston', 'Nicole Kidman']",80000000,214918407,134918407,168.64800875,6.3,1543,37.02665,117.0,en
1701,Con Air,1997-06-01,1997.0,"['Action', 'Thriller', 'Crime']",Simon West,"['Nicolas Cage', 'John Cusack', 'John Malkovich']",75000000,224012234,149012234,198.68297866666666,6.5,1270,45.154631,115.0,en
13027,Eagle Eye,2008-09-25,2008.0,"['Mystery', 'Thriller', 'Action']",D.J. Caruso,"['Shia LaBeouf', 'Michelle Monaghan', 'Rosario Dawson']",80000000,178066569,98066569,122.58321125,6.3,1018,46.887983,118.0,en
2289,Cold Mountain,2003-12-24,2003.0,['Drama'],Anthony Minghella,"['Jude Law', 'Nicole Kidman', 'Renée Zellweger']",79000000,173013509,94013509,119.0044417721519,6.7,533,24.598479,154.0,en
20504,The Book of Eli,2010-01-14,2010.0,"['Action', 'Thriller', 'Science Fiction']",Albert Hughes,"['Denzel Washington', 'Gary Oldman', 'Mila Kunis']",80000000,157107755,77107755,96.38469375,6.6,2164,32.363538,118.0,en
9574,Flubber,1997-11-26,1997.0,"['Comedy', 'Family', 'Science Fiction']",Les Mayfield,"['Robin Williams', 'Marcia Gay Harden', 'Christopher McDonald']",80000000,177977226,97977226,122.4715325,5.3,695,11.50396,93.0,en
11618,The Haunting,1999-07-23,1999.0,"['Horror', 'Thriller', 'Fantasy', 'Mystery']",Jan de Bont,"['Liam Neeson', 'Catherine Zeta-Jones', 'Owen Wilson']",80000000,91188905,11188905,13.98613125,5.2,369,19.375768,113.0,en
2300,Space Jam,1996-11-15,1996.0,"['Animation', 'Comedy', 'Drama', 'Family', 'Fantasy']",Joe Pytka,"['Michael Jordan', 'Wayne Knight', 'Billy West']",80000000,250200000,170200000,212.75,6.5,1288,36.125715,88.0,en
12096,The Pink Panther,2006-01-18,2006.0,"['Action', 'Comedy', 'Crime', 'Mystery', 'Family']",Shawn Levy,"['Steve Martin', 'Kevin Kline', 'Jean Reno']",0,0,0,,5.6,550,25.450534,93.0,en
10200,The Day the Earth Stood Still,2008-12-10,2008.0,"['Drama', 'Science Fiction', 'Thriller']",Scott Derrickson,"['Keanu Reeves', 'Jennifer Connelly', 'Kathy Bates']",80000000,233093859,153093859,191.36732375,5.2,1043,41.890722,104.0,en
8834,Conspiracy Theory,1997-08-07,1997.0,"['Action', 'Drama', 'Mystery', 'Thriller']",Richard Donner,"['Mel Gibson', 'Julia Roberts', 'Patrick Stewart']",75000000,136982834,61982834,82.64377866666666,6.5,431,22.179658,135.0,en
228150,Fury,2014-10-15,2014.0,"['War', 'Drama', 'Action']",David Ayer,"['Brad Pitt', 'Shia LaBeouf', 'Logan Lerman']",68000000,211817906,143817906,211.49692058823527,7.4,3946,139.575085,135.0,en
6068,Six Days Seven Nights,1998-06-12,1998.0,"['Action', 'Adventure', 'Comedy', 'Romance']",Ivan Reitman,"['Harrison Ford', 'Anne Heche', 'David Schwimmer']",70000000,164000000,94000000,134.28571428571428,5.6,332,18.264635,98.0,en
41515,Yogi Bear,2010-12-11,2010.0,"['Comedy', 'Family', 'Animation', 'Adventure']",Eric Brevig,"['Dan Aykroyd', 'Justin Timberlake', 'Anna Faris']",80000000,201584141,121584141,151.98017625,5.2,220,11.187696,80.0,en
9023,Spirit: Stallion of the Cimarron,2002-05-24,2002.0,"['Western', 'Animation', 'Adventure', 'Comedy', 'Family']",Kelly Asbury,"['Matt Damon', 'James Cromwell', 'Daniel Studi']",80000000,122563539,42563539,53.20442375,7.4,831,41.670544,83.0,en
38317,Zookeeper,2011-07-06,2011.0,"['Comedy', 'Romance', 'Family']",Frank Coraci,"['Kevin James', 'Rosario Dawson', 'Sylvester Stallone']",80000000,169852759,89852759,112.31594874999999,5.3,498,27.46264,102.0,en
2157,Lost in Space,1998-04-03,1998.0,"['Adventure', 'Family', 'Science Fiction']",Stephen Hopkins,"['Gary Oldman', 'William Hurt', 'Matt LeBlanc']",80000000,136159423,56159423,70.19927875,5.0,388,17.455024,130.0,en
14462,The Manchurian Candidate,2004-07-30,2004.0,"['Drama', 'Thriller', 'Mystery']",Jonathan Demme,"['Denzel Washington', 'Meryl Streep', 'Liev Schreiber']",80000000,96105964,16105964,20.132455,6.2,393,21.394281,129.0,en
161795,Déjà Vu,1998-04-22,1998.0,"['Romance', 'Drama']",Henry Jaglom,"['Stephen Dillane', 'Victoria Foyt', 'Vanessa Redgrave']",0,0,0,,8.0,1,0.605645,117.0,en
159824,Hotel Transylvania 2,2015-09-21,2015.0,"['Animation', 'Comedy', 'Family']",Genndy Tartakovsky,"['Adam Sandler', 'Andy Samberg', 'Selena Gomez']",80000000,473226958,393226958,491.53369749999996,6.7,1497,61.692197,89.0,en
49948,Fantasia 2000,1999-12-17,1999.0,"['Animation', 'Family', 'Music']",James Algar,"['Steve Martin', 'Itzhak Perlman', 'Quincy Jones']",80000000,90874570,10874570,13.593212499999998,7.0,292,14.530946,74.0,en
2135,The Time Machine,2002-03-04,2002.0,"['Science Fiction', 'Adventure', 'Action']",Simon Wells,"['Guy Pearce', 'Mark Addy', 'Phyllida Law']",80000000,123729176,43729176,54.66147,5.8,631,25.978555,96.0,en
9822,Mighty Joe Young,1998-12-25,1998.0,"['Action', 'Adventure', 'Family', 'Fantasy']",Ron Underwood,"['Charlize Theron', 'Rade Serbedzija', 'Bill Paxton']",90000000,0,-90000000,-100.0,5.9,208,6.643778,114.0,en
9705,Swordfish,2001-06-07,2001.0,"['Action', 'Crime', 'Thriller']",Dominic Sena,"['John Travolta', 'Hugh Jackman', 'Halle Berry']",102000000,147080413,45080413,44.19648333333333,6.1,932,36.788745,99.0,en
1656,The Legend of Zorro,2005-10-24,2005.0,"['Action', 'Adventure']",Martin Campbell,"['Antonio Banderas', 'Catherine Zeta-Jones', 'Adrián Alonso Barona']",75000000,142400065,67400065,89.86675333333334,5.9,893,31.054334,129.0,en
12159,What Dreams May Come,1998-10-02,1998.0,"['Drama', 'Fantasy', 'Romance']",Vincent Ward,"['Robin Williams', 'Cuba Gooding Jr.', 'Annabella Sciorra']",85000000,71485043,-13514957,-15.899949411764705,6.8,577,21.891078,113.0,en
9678,Little Nicky,2000-11-10,2000.0,"['Comedy', 'Fantasy', 'Romance']",Steven Brill,"['Adam Sandler', 'Patricia Arquette', 'Harvey Keitel']",85000000,0,-85000000,-100.0,5.2,438,18.335992,90.0,en
4442,The Brothers Grimm,2005-08-26,2005.0,"['Adventure', 'Fantasy', 'Action', 'Comedy', 'Thriller']",Terry Gilliam,"['Heath Ledger', 'Matt Damon', 'Mackenzie Crook']",88000000,105316267,17316267,19.677576136363637,5.6,818,40.138009,118.0,en
75,Mars Attacks!,1996-12-12,1996.0,"['Comedy', 'Fantasy', 'Science Fiction']",Tim Burton,"['Jack Nicholson', 'Glenn Close', 'Annette Bening']",70000000,101371017,31371017,44.81573857142857,6.1,1509,44.090535,106.0,en
330770,Evolution,2015-09-14,2015.0,"['Mystery', 'Drama', 'Horror']",Lucile Hadzihalilovic,"['Max Brebant', 'Roxane Duran', 'Julie-Marie Parmentier']",0,0,0,,6.4,47,3.300061,81.0,fr
9433,The Edge,1997-09-06,1997.0,"['Action', 'Adventure', 'Drama']",Lee Tamahori,"['Alec Baldwin', 'Anthony Hopkins', 'Elle Macpherson']",0,43312294,43312294,inf,6.7,349,20.632673,117.0,en
19959,Surrogates,2009-09-24,2009.0,"['Action', 'Science Fiction', 'Thriller']",Jonathan Mostow,"['Bruce Willis', 'Radha Mitchell', 'Rosamund Pike']",80000000,122444772,42444772,53.05596500000001,5.9,1195,36.664991,89.0,en
11973,Thirteen Days,2000-12-24,2000.0,"['Drama', 'Thriller']",Roger Donaldson,"['Kevin Costner', 'Bruce Greenwood', 'Steven Culp']",80000000,34566746,-45433254,-56.79156749999999,6.9,189,18.26121,145.0,en
11228,Daylight,1996-12-06,1996.0,"['Action', 'Adventure', 'Thriller']",Rob Cohen,"['Sylvester Stallone', 'Amy Brenneman', 'Viggo Mortensen']",80000000,159212469,79212469,99.01558625,5.8,378,16.681269,115.0,en
77951,Walking With Dinosaurs,2013-12-18,2013.0,"['Animation', 'Family', 'Adventure']",Barry Cook,"['Charlie Rowe', 'Justin Long', 'Karl Urban']",80000000,126546518,46546518,58.1831475,5.2,133,10.088006,87.0,en
5491,Battlefield Earth,2000-05-10,2000.0,"['Action', 'Science Fiction', 'War']",Roger Christian,"['John Travolta', 'Barry Pepper', 'Forest Whitaker']",44000000,21400000,-22600000,-51.36363636363637,3.0,255,7.89147,118.0,en
10715,Looney Tunes: Back in Action,2003-11-14,2003.0,"['Animation', 'Comedy', 'Family']",Joe Dante,"['Brendan Fraser', 'Jenna Elfman', 'Steve Martin']",80000000,68514844,-11485156,-14.356445,5.6,297,16.715631,90.0,en
10197,Nine,2009-12-03,2009.0,"['Drama', 'Music', 'Romance']",Rob Marshall,"['Judi Dench', 'Daniel Day-Lewis', 'Marion Cotillard']",80000000,53825515,-26174485,-32.71810625,5.1,165,9.357734,112.0,en
9562,Timeline,2003-11-26,2003.0,"['Action', 'Adventure', 'Science Fiction']",Richard Donner,"['Paul Walker', ""Frances O'Connor"", 'Gerard Butler']",80000000,19480739,-60519261,-75.64907625000001,5.4,318,11.22268,116.0,en
9922,The Postman,1997-12-25,1997.0,"['Drama', 'Adventure']",Kevin Costner,"['Kevin Costner', 'Will Patton', 'Olivia Williams']",80000000,17626234,-62373766,-77.9672075,6.1,299,14.564667,177.0,en
9447,Babe: Pig in the City,1998-11-25,1998.0,"['Adventure', 'Comedy', 'Drama', 'Family', 'Fantasy']",George Miller,"['James Cromwell', 'Mary Stein', 'Mickey Rooney']",90000000,69131860,-20868140,-23.186822222222222,5.2,305,11.356079,92.0,en
274854,The Last Witch Hunter,2015-10-21,2015.0,"['Fantasy', 'Action', 'Adventure']",Breck Eisner,"['Vin Diesel', 'Rose Leslie', 'Elijah Wood']",90000000,146936910,56936910,63.26323333333333,5.7,1316,52.612025,106.0,en
8870,Red Planet,2000-11-10,2000.0,"['Thriller', 'Action', 'Science Fiction']",Antony Hoffman,"['Val Kilmer', 'Carrie-Anne Moss', 'Benjamin Bratt']",80000000,33463969,-46536031,-58.170038749999996,5.4,267,13.800656,106.0,en
9992,Arthur and the Invisibles,2006-12-13,2006.0,"['Adventure', 'Fantasy', 'Animation', 'Family']",Luc Besson,"['Freddie Highmore', 'Mia Farrow', 'Ron Crawford']",86000000,107944236,21944236,25.516553488372097,6.0,639,27.097932,94.0,en
36970,Oceans,2009-10-17,2009.0,"['Documentary', 'Family']",Jacques Perrin,"['Pierce Brosnan', 'Jacques Perrin', 'Rie Miyazawa']",0,19406406,19406406,inf,7.3,111,10.706613,84.0,en
10077,A Sound of Thunder,2005-05-15,2005.0,"['Thriller', 'Science Fiction', 'Adventure', 'Action']",Peter Hyams,"['Heike Makatsch', 'Armin Rohde', 'David Oyelowo']",80000000,5989640,-74010360,-92.51295,4.8,111,7.342892,110.0,en
76649,Pompeii,2014-02-18,2014.0,"['Action', 'Adventure', 'History', 'Romance', 'Drama']",Paul W.S. Anderson,"['Kit Harington', 'Carrie-Anne Moss', 'Emily Browning']",130000000,117831631,-12168369,-9.360283846153846,5.2,1267,50.561849,105.0,en
293644,Top Cat Begins,2015-10-30,2015.0,"['Comedy', 'Animation']",Andrés Couturier,"['Jason Harris', 'David Hoffman', 'Bill Lobley']",8000000,0,-8000000,-100.0,5.3,9,0.719996,89.0,es
453,A Beautiful Mind,2001-12-11,2001.0,"['Drama', 'Romance']",Ron Howard,"['Russell Crowe', 'Ed Harris', 'Jennifer Connelly']",60000000,313542341,253542341,422.57056833333337,7.7,3009,59.248437,135.0,en
8587,The Lion King,1994-06-23,1994.0,"['Family', 'Animation', 'Drama']",Roger Allers,"['Jonathan Taylor Thomas', 'Matthew Broderick', 'James Earl Jones']",45000000,788241776,743241776,1651.6483911111113,8.0,5376,90.457886,89.0,en
72545,Journey 2: The Mysterious Island,2012-01-19,2012.0,"['Adventure', 'Action', 'Science Fiction']",Brad Peyton,"['Dwayne Johnson', 'Josh Hutcherson', 'Kristin Davis']",79000000,355692760,276692760,350.244,5.8,1030,40.723459,94.0,en
109451,Cloudy with a Chance of Meatballs 2,2013-09-26,2013.0,"['Animation', 'Family', 'Comedy']",Cody Cameron,"['Bill Hader', 'Anna Faris', 'James Caan']",78000000,248384621,170384621,218.44182179487183,6.4,915,41.247402,95.0,en
9533,Red Dragon,2002-09-29,2002.0,"['Crime', 'Thriller', 'Horror']",Brett Ratner,"['Anthony Hopkins', 'Edward Norton', 'Ralph Fiennes']",78000000,209196298,131196298,168.20038205128205,6.7,1115,10.083905,124.0,en
2023,Hidalgo,2004-03-05,2004.0,"['Western', 'Adventure']",Joe Johnston,"['Viggo Mortensen', 'Zuleikha Robinson', 'Omar Sharif']",100000000,108103450,8103450,8.103449999999999,6.5,318,16.759252,136.0,en
71880,Jack and Jill,2011-11-11,2011.0,['Comedy'],Dennis Dugan,"['Adam Sandler', 'Katie Holmes', 'Al Pacino']",79000000,149673788,70673788,89.4604911392405,4.1,604,22.132418,91.0,en
584,2 Fast 2 Furious,2003-06-05,2003.0,"['Action', 'Crime', 'Thriller']",John Singleton,"['Paul Walker', 'Tyrese Gibson', 'Eva Mendes']",76000000,236350661,160350661,210.98771184210526,6.2,2028,10.520961,107.0,en
309809,The Little Prince,2015-07-29,2015.0,"['Adventure', 'Animation', 'Fantasy']",Mark Osborne,"['Jeff Bridges', 'Rachel McAdams', 'Paul Rudd']",64000000,97571250,33571250,52.455078125,7.6,756,35.384423,92.0,en
4858,The Invasion,2007-08-17,2007.0,"['Science Fiction', 'Thriller']",Oliver Hirschbiegel,"['Nicole Kidman', 'Daniel Craig', 'Jeremy Northam']",80000000,15071514,-64928486,-81.1606075,5.7,359,15.673154,99.0,en
17711,The Adventures of Rocky & Bullwinkle,2000-06-30,2000.0,"['Action', 'Adventure', 'Animation', 'Comedy', 'Family']",Des McAnuff,"['Rene Russo', 'Jason Alexander', 'Piper Perabo']",76000000,35134820,-40865180,-53.76997368421053,3.9,87,8.981427,88.0,en
328111,The Secret Life of Pets,2016-06-18,2016.0,"['Animation', 'Family']",Chris Renaud,"['Louis C.K.', 'Eric Stonestreet', 'Kevin Hart']",75000000,875958308,800958308,1067.9444106666667,5.9,3462,31.482872,87.0,en
8698,The League of Extraordinary Gentlemen,2003-07-11,2003.0,"['Fantasy', 'Action', 'Thriller', 'Science Fiction']",Stephen Norrington,"['Sean Connery', 'Peta Wilson', 'Shane West']",78000000,179265204,101265204,129.8271846153846,5.7,1155,47.436675,110.0,en
93456,Despicable Me 2,2013-06-25,2013.0,"['Animation', 'Comedy', 'Family']",Pierre Coffin,"['Steve Carell', 'Kristen Wiig', 'Benjamin Bratt']",76000000,970761885,894761885,1177.318269736842,7.0,4637,136.886704,98.0,en
602,Independence Day,1996-06-25,1996.0,"['Action', 'Adventure', 'Science Fiction']",Roland Emmerich,"['Will Smith', 'Bill Pullman', 'Jeff Goldblum']",75000000,816969268,741969268,989.2923573333333,6.7,3260,60.442593,145.0,en
330,The Lost World: Jurassic Park,1997-05-23,1997.0,"['Adventure', 'Action', 'Science Fiction']",Steven Spielberg,"['Jeff Goldblum', 'Julianne Moore', 'Pete Postlethwaite']",73000000,229074524,156074524,213.80071780821916,6.2,2487,2.502487,129.0,en
953,Madagascar,2005-05-25,2005.0,"['Family', 'Animation']",Eric Darnell,"['Ben Stiller', 'Chris Rock', 'David Schwimmer']",75000000,532680671,457680671,610.2408946666667,6.6,3237,48.110909,86.0,en
9693,Children of Men,2006-09-22,2006.0,"['Drama', 'Action', 'Thriller', 'Science Fiction']",Alfonso Cuarón,"['Clive Owen', 'Michael Caine', 'Julianne Moore']",76000000,69959751,-6040249,-7.94769605263158,7.4,2071,35.387874,109.0,en
36657,X-Men,2000-07-13,2000.0,"['Adventure', 'Action', 'Science Fiction']",Bryan Singer,"['Patrick Stewart', 'Hugh Jackman', 'Ian McKellen']",75000000,296339527,221339527,295.11936933333334,6.8,4097,4.66891,104.0,en
8909,Wanted,2008-06-19,2008.0,"['Action', 'Thriller', 'Crime']",Timur Bekmambetov,"['Angelina Jolie', 'James McAvoy', 'Morgan Freeman']",75000000,258270008,183270008,244.36001066666665,6.4,2528,73.82289,110.0,en
9802,The Rock,1996-06-06,1996.0,"['Action', 'Adventure', 'Thriller']",Michael Bay,"['Sean Connery', 'Nicolas Cage', 'Ed Harris']",75000000,335062621,260062621,346.7501613333333,6.9,1456,51.469576,136.0,en
950,Ice Age: The Meltdown,2006-03-23,2006.0,"['Animation', 'Family', 'Comedy', 'Adventure']",Carlos Saldanha,"['Ray Romano', 'John Leguizamo', 'Denis Leary']",80000000,660940780,580940780,726.175975,6.5,2951,85.115058,91.0,en
1824,50 First Dates,2004-02-13,2004.0,"['Comedy', 'Romance']",Peter Segal,"['Adam Sandler', 'Drew Barrymore', 'Rob Schneider']",75000000,196482882,121482882,161.977176,6.6,2105,61.437586,99.0,en
2976,Hairspray,2007-07-13,2007.0,"['Family', 'Comedy', 'Music', 'Romance']",Adam Shankman,"['John Travolta', 'Michelle Pfeiffer', 'Christopher Walken']",50000000,90450008,40450008,80.900016,6.5,709,31.160542,117.0,en
11026,Exorcist: The Beginning,2004-08-20,2004.0,"['Horror', 'Mystery', 'Thriller']",Renny Harlin,"['Stellan Skarsgård', 'Izabella Scorupco', ""James D'Arcy""]",80000000,78000586,-1999414,-2.4992674999999998,4.7,183,15.761384,114.0,en
332,Inspector Gadget,1999-07-23,1999.0,"['Action', 'Adventure', 'Comedy', 'Family']",David Kellogg,"['Matthew Broderick', 'Rupert Everett', 'Joely Fisher']",75000000,0,-75000000,-100.0,4.3,318,17.561955,78.0,en
75656,Now You See Me,2013-05-29,2013.0,"['Thriller', 'Crime']",Louis Leterrier,"['Jesse Eisenberg', 'Mark Ruffalo', 'Woody Harrelson']",75000000,117698894,42698894,56.93185866666667,7.3,5487,71.124686,115.0,en
38365,Grown Ups,2010-06-24,2010.0,['Comedy'],Dennis Dugan,"['Adam Sandler', 'Salma Hayek', 'Maria Bello']",80000000,271430189,191430189,239.28773625000002,6.0,1705,38.864027,102.0,en
594,The Terminal,2004-06-17,2004.0,"['Comedy', 'Drama']",Steven Spielberg,"['Tom Hanks', 'Catherine Zeta-Jones', 'Stanley Tucci']",60000000,219417255,159417255,265.695425,7.0,1910,57.753914,128.0,en
15189,Hotel for Dogs,2009-01-16,2009.0,"['Comedy', 'Family']",Thor Freudenthal,"['Emma Roberts', 'Jake T. Austin', 'Don Cheadle']",35000000,73034460,38034460,108.66988571428571,5.7,202,13.25753,100.0,en
11678,Vertical Limit,2000-12-08,2000.0,"['Action', 'Adventure', 'Thriller']",Martin Campbell,"[""Chris O'Donnell"", 'Robin Tunney', 'Bill Paxton']",75000000,215663859,140663859,187.55181199999998,5.9,283,13.318744,124.0,en
6538,Charlie Wilson's War,2007-12-19,2007.0,"['Comedy', 'Drama', 'History']",Mike Nichols,"['Tom Hanks', 'Philip Seymour Hoffman', 'Julia Roberts']",75000000,119000410,44000410,58.667213333333336,6.5,338,18.70031,102.0,en
10555,Shark Tale,2004-09-20,2004.0,"['Animation', 'Action', 'Comedy', 'Family']",Vicky Jenson,"['Will Smith', 'Robert De Niro', 'Renée Zellweger']",75000000,367275019,292275019,389.7000253333333,5.8,1557,47.094369,90.0,en
1125,Dreamgirls,2006-12-25,2006.0,['Drama'],Bill Condon,"['Jamie Foxx', 'Beyoncé Knowles', 'Eddie Murphy']",70000000,154937680,84937680,121.33954285714286,6.6,284,14.486311,134.0,en
4551,Be Cool,2005-03-04,2005.0,"['Comedy', 'Crime']",F. Gary Gray,"['John Travolta', 'Uma Thurman', 'Vince Vaughn']",53000000,95226116,42226116,79.67191698113207,5.4,292,18.61472,118.0,en
612,Munich,2005-12-22,2005.0,"['Drama', 'Action', 'History', 'Thriller']",Steven Spielberg,"['Eric Bana', 'Daniel Craig', 'Ciarán Hinds']",70000000,130358911,60358911,86.22701571428571,6.9,696,29.035222,164.0,en
9567,Tears of the Sun,2003-03-07,2003.0,"['Action', 'Drama', 'War']",Antoine Fuqua,"['Bruce Willis', 'Monica Bellucci', 'Cole Hauser']",70000000,85632458,15632458,22.332082857142858,6.4,573,27.055085,121.0,en
37821,Killers,2010-06-04,2010.0,"['Action', 'Comedy', 'Thriller', 'Romance']",Robert Luketic,"['Katherine Heigl', 'Ashton Kutcher', 'Tom Selleck']",75000000,98159963,23159963,30.879950666666666,5.7,772,23.004607,100.0,en
203801,The Man from U.N.C.L.E.,2015-08-13,2015.0,"['Comedy', 'Action', 'Adventure']",Guy Ritchie,"['Henry Cavill', 'Armie Hammer', 'Alicia Vikander']",75000000,108145109,33145109,44.19347866666667,7.1,2265,48.744209,116.0,en
2539,Spanglish,2004-12-17,2004.0,['Comedy'],James L. Brooks,"['Adam Sandler', 'Téa Leoni', 'Paz Vega']",80000000,55041367,-24958633,-31.198291249999997,5.8,369,14.209329,130.0,en
9297,Monster House,2006-07-21,2006.0,"['Animation', 'Comedy', 'Family', 'Fantasy']",Gil Kenan,"['Ryan Newman', 'Steve Buscemi', 'Mitchel Musso']",75000000,140175006,65175006,86.900008,6.3,874,36.368839,91.0,en
3172,Bandits,2001-10-12,2001.0,"['Action', 'Comedy', 'Crime', 'Romance']",Barry Levinson,"['Bruce Willis', 'Billy Bob Thornton', 'Cate Blanchett']",75000000,67631903,-7368097,-9.824129333333333,6.2,302,24.353302,123.0,en
6520,First Knight,1995-07-07,1995.0,"['Action', 'Adventure', 'Drama', 'Romance']",Jerry Zucker,"['Sean Connery', 'Richard Gere', 'Julia Ormond']",55000000,127600435,72600435,132.0007909090909,5.9,311,19.143321,134.0,en
1439,Anna and the King,1999-12-16,1999.0,"['Drama', 'History', 'Romance']",Andy Tennant,"['Jodie Foster', 'Chow Yun-fat', 'Bai Ling']",75000000,0,-75000000,-100.0,6.4,197,13.327372,148.0,en
37958,Immortals,2011-11-10,2011.0,"['Fantasy', 'Action', 'Drama']",Tarsem Singh,"['Mickey Rourke', 'Kellan Lutz', 'Isabel Lucas']",75000000,226904017,151904017,202.5386893333333,5.7,880,37.917002,110.0,en
2026,Hostage,2005-03-09,2005.0,"['Mystery', 'Drama', 'Thriller', 'Crime']",Florent-Emilio Siri,"['Bruce Willis', 'Kevin Pollak', 'Jimmy Bennett']",52000000,77944725,25944725,49.893701923076925,6.2,512,23.663713,113.0,en
7450,Titan A.E.,2000-06-16,2000.0,"['Animation', 'Action', 'Science Fiction', 'Family', 'Adventure']",Gary Goldman,"['Matt Damon', 'Bill Pullman', 'Drew Barrymore']",75000000,36754634,-38245366,-50.99382133333334,6.3,313,14.44381,94.0,en
11375,Hollywood Homicide,2003-06-09,2003.0,"['Action', 'Adventure', 'Comedy', 'Thriller']",Ron Shelton,"['Harrison Ford', 'Josh Hartnett', 'Lena Olin']",75000000,51142659,-23857341,-31.809788,5.0,166,10.605084,116.0,en
9425,Soldier,1998-10-23,1998.0,"['Action', 'War', 'Science Fiction']",Paul W.S. Anderson,"['Kurt Russell', 'Jason Scott Lee', 'Jason Isaacs']",75000000,14567883,-60432117,-80.576156,6.1,221,11.873856,99.0,en
25769,Carriers,2009-09-04,2009.0,"['Action', 'Drama', 'Horror', 'Science Fiction', 'Thriller']",Àlex Pastor,"['Lou Taylor Pucci', 'Chris Pine', 'Piper Perabo']",0,5802422,5802422,inf,5.8,282,12.708963,84.0,en
23685,Monkeybone,2001-02-23,2001.0,"['Adventure', 'Fantasy', 'Animation', 'Action', 'Comedy']",Henry Selick,"['Brendan Fraser', 'Bridget Fonda', 'John Turturro']",75000000,5409517,-69590483,-92.78731066666667,4.3,78,8.098369,93.0,en
11866,Flight of the Phoenix,2004-12-17,2004.0,"['Action', 'Adventure', 'Drama', 'Thriller']",John Moore,"['Dennis Quaid', 'Tyrese Gibson', 'Giovanni Ribisi']",45000000,21009180,-23990820,-53.31293333333333,5.7,276,20.374308,113.0,en
9741,Unbreakable,2000-11-13,2000.0,"['Science Fiction', 'Thriller', 'Drama']",M. Night Shyamalan,"['Bruce Willis', 'Samuel L. Jackson', 'Robin Wright']",75000000,248118121,173118121,230.82416133333334,6.9,1946,42.006908,106.0,en
211672,Minions,2015-06-17,2015.0,"['Family', 'Animation', 'Adventure', 'Comedy']",Kyle Balda,"['Sandra Bullock', 'Jon Hamm', 'Michael Keaton']",74000000,1156730962,1082730962,1463.1499486486487,6.4,4571,875.581305,91.0,en
23629,Sucker Punch,2011-03-24,2011.0,"['Action', 'Fantasy', 'Thriller']",Zack Snyder,"['Emily Browning', 'Abbie Cornish', 'Jena Malone']",82000000,89792502,7792502,9.503051219512196,5.9,1623,39.127082,110.0,en
8688,Snake Eyes,1998-08-07,1998.0,"['Crime', 'Mystery']",Brian De Palma,"['Nicolas Cage', 'Gary Sinise', 'John Heard']",73000000,103891409,30891409,42.316998630136986,5.8,327,20.790703,98.0,en
10153,Sphere,1998-02-13,1998.0,['Science Fiction'],Barry Levinson,"['Dustin Hoffman', 'Sharon Stone', 'Samuel L. Jackson']",75000000,13100000,-61900000,-82.53333333333333,5.8,476,18.65988,134.0,en
153518,The Angry Birds Movie,2016-05-11,2016.0,"['Family', 'Animation']",Fergal Reilly,"['Jason Sudeikis', 'Josh Gad', 'Danny McBride']",73000000,349779543,276779543,379.1500589041096,5.9,1022,45.720894,97.0,en
8676,Fool's Gold,2008-02-07,2008.0,"['Romance', 'Comedy', 'Adventure']",Andy Tennant,"['Matthew McConaughey', 'Kate Hudson', 'Donald Sutherland']",70000000,111231041,41231041,58.90148714285714,5.4,444,21.789615,112.0,en
20829,Funny People,2009-07-31,2009.0,"['Comedy', 'Drama']",Judd Apatow,"['Adam Sandler', 'Seth Rogen', 'Leslie Mann']",75000000,61458982,-13541018,-18.054690666666666,5.7,390,20.199057,146.0,en
4349,The Kingdom,2007-08-22,2007.0,"['Thriller', 'Action', 'Drama']",Peter Berg,"['Jamie Foxx', 'Jennifer Garner', 'Chris Cooper']",70000000,86658558,16658558,23.79794,6.5,513,26.123705,110.0,en
9718,Talladega Nights: The Ballad of Ricky Bobby,2006-08-04,2006.0,['Comedy'],Adam McKay,"['Will Ferrell', 'John C. Reilly', 'Sacha Baron Cohen']",72500000,162966177,90466177,124.78093379310344,6.2,491,12.599836,116.0,en
10808,Dr. Dolittle 2,2001-06-22,2001.0,"['Comedy', 'Family', 'Romance', 'Fantasy']",Steve Carr,"['Eddie Murphy', 'Kristen Wilson', 'Raven-Symoné']",70000000,176104344,106104344,151.57763428571428,4.9,410,13.543053,87.0,en
197,Braveheart,1995-05-24,1995.0,"['Action', 'Drama', 'History', 'War']",Mel Gibson,"['Mel Gibson', 'Catherine McCormack', 'Sophie Marceau']",72000000,210000000,138000000,191.66666666666669,7.7,3336,60.722162,177.0,en
25,Jarhead,2005-11-04,2005.0,"['Drama', 'War']",Sam Mendes,"['Jamie Foxx', 'Jake Gyllenhaal', 'Scott MacDonald']",72000000,96889998,24889998,34.56944166666667,6.6,765,32.227223,125.0,en
35,The Simpsons Movie,2007-07-25,2007.0,"['Animation', 'Comedy', 'Family']",David Silverman,"['Dan Castellaneta', 'Julie Kavner', 'Nancy Cartwright']",75000000,527068851,452068851,602.758468,6.9,2264,46.875375,87.0,en
11086,The Majestic,2001-12-21,2001.0,"['Drama', 'Romance']",Frank Darabont,"['Jim Carrey', 'Martin Landau', 'Laurie Holden']",72000000,37317558,-34682442,-48.17005833333333,6.6,188,11.215702,152.0,en
10477,Driven,2001-04-27,2001.0,['Action'],Renny Harlin,"['Kip Pardue', 'Robert Sean Leonard', 'Til Schweiger']",94000000,54744738,-39255262,-41.7609170212766,4.5,179,8.468586,116.0,en
1997,Two Brothers,2004-04-07,2004.0,"['Adventure', 'Drama', 'Family']",Jean-Jacques Annaud,"['Maï Anh Le', 'Guy Pearce', 'Oanh Nguyen']",74500000,62172050,-12327950,-16.54758389261745,6.9,180,8.884318,109.0,en
6947,The Village,2004-07-30,2004.0,"['Drama', 'Mystery', 'Thriller']",M. Night Shyamalan,"['Bryce Dallas Howard', 'Joaquin Phoenix', 'Adrien Brody']",60000000,256697520,196697520,327.8292,6.2,1071,27.491891,108.0,en
3050,Doctor Dolittle,1998-06-22,1998.0,"['Comedy', 'Family', 'Fantasy']",Betty Thomas,"['Eddie Murphy', 'Ossie Davis', 'Oliver Platt']",71000000,294456605,223456605,314.72761267605637,5.4,686,21.462935,85.0,en
2675,Signs,2002-08-02,2002.0,"['Drama', 'Thriller', 'Science Fiction', 'Mystery']",M. Night Shyamalan,"['Mel Gibson', 'Joaquin Phoenix', 'Rory Culkin']",72000000,408247917,336247917,467.01099583333337,6.4,1599,28.848187,106.0,en
809,Shrek 2,2004-05-19,2004.0,"['Adventure', 'Animation', 'Comedy', 'Family', 'Fantasy']",Andrew Adamson,"['Mike Myers', 'Eddie Murphy', 'Cameron Diaz']",150000000,919838758,769838758,513.2258386666667,6.7,2988,47.320801,93.0,en
920,Cars,2006-06-08,2006.0,"['Animation', 'Adventure', 'Comedy', 'Family']",John Lasseter,"['Owen Wilson', 'Paul Newman', 'Bonnie Hunt']",120000000,461983149,341983149,284.9859575,6.6,3877,82.643036,117.0,en
4806,Runaway Bride,1999-07-30,1999.0,"['Comedy', 'Romance']",Garry Marshall,"['Julia Roberts', 'Richard Gere', 'Joan Cusack']",70000000,309457509,239457509,342.0821557142857,5.7,455,20.230535,116.0,en
7451,xXx,2002-08-09,2002.0,"['Action', 'Adventure', 'Thriller']",Rob Cohen,"['Vin Diesel', 'Asia Argento', 'Samuel L. Jackson']",70000000,277448382,207448382,296.3548314285714,5.8,1424,46.217769,124.0,en
228165,The SpongeBob Movie: Sponge Out of Water,2015-02-05,2015.0,"['Animation', 'Adventure', 'Comedy', 'Family']",Paul Tibbitt,"['Tom Kenny', 'Bill Fagerbakke', 'Rodger Bumpass']",74000000,311594032,237594032,321.0730162162162,5.8,719,36.952268,93.0,en
3595,Ransom,1996-11-08,1996.0,"['Action', 'Thriller']",Ron Howard,"['Mel Gibson', 'Gary Sinise', 'Delroy Lindo']",80000000,309492681,229492681,286.86585125,6.4,470,16.411345,117.0,en
16869,Inglourious Basterds,2009-08-18,2009.0,"['Drama', 'Action', 'Thriller', 'War']",Quentin Tarantino,"['Brad Pitt', 'Mélanie Laurent', 'Christoph Waltz']",70000000,319131050,249131050,355.9015,7.9,6430,72.595961,153.0,en
879,Hook,1991-12-11,1991.0,"['Adventure', 'Fantasy', 'Comedy', 'Family']",Steven Spielberg,"['Robin Williams', 'Dustin Hoffman', 'Julia Roberts']",70000000,300854823,230854823,329.7926042857143,6.6,1532,33.648404,144.0,en
1573,Die Hard 2,1990-07-02,1990.0,"['Action', 'Thriller']",Renny Harlin,"['Bruce Willis', 'Bonnie Bedelia', 'William Atherton']",70000000,240031094,170031094,242.90156285714284,6.6,1896,57.69847,124.0,en
9257,S.W.A.T.,2003-08-08,2003.0,"['Action', 'Thriller', 'Crime']",Clark Johnson,"['Samuel L. Jackson', 'Colin Farrell', 'Michelle Rodriguez']",80000000,116643346,36643346,45.8041825,5.8,770,34.052253,117.0,en
1903,Vanilla Sky,2001-12-10,2001.0,"['Drama', 'Mystery', 'Romance', 'Science Fiction', 'Thriller']",Cameron Crowe,"['Tom Cruise', 'Penélope Cruz', 'Cameron Diaz']",68000000,203388341,135388341,199.10050147058826,6.5,1078,27.299301,136.0,en
9697,Lady in the Water,2006-07-21,2006.0,"['Drama', 'Thriller', 'Fantasy', 'Mystery']",M. Night Shyamalan,"['Paul Giamatti', 'Jeffrey Wright', 'Bob Balaban']",75000000,42285169,-32714831,-43.619774666666665,5.3,409,20.219385,110.0,en
395,AVP: Alien vs. Predator,2004-08-12,2004.0,"['Adventure', 'Science Fiction', 'Action']",Paul W.S. Anderson,"['Sanaa Lathan', 'Raoul Bova', 'Ewen Bremner']",70000000,171183863,101183863,144.54837571428573,5.5,1217,42.957216,101.0,en
23398,Alvin and the Chipmunks: The Squeakquel,2009-12-21,2009.0,"['Comedy', 'Family', 'Animation', 'Fantasy', 'Music']",Betty Thomas,"['Zachary Levi', 'David Cross', 'Jason Lee']",75000000,443140005,368140005,490.85333999999995,5.4,666,29.412262,88.0,en
10590,We Were Soldiers,2002-03-01,2002.0,"['Action', 'History', 'War']",Randall Wallace,"['Mel Gibson', 'Greg Kinnear', 'Madeleine Stowe']",75000000,114660784,39660784,52.88104533333333,6.7,521,19.708731,138.0,en
117263,Olympus Has Fallen,2013-03-20,2013.0,"['Action', 'Thriller']",Antoine Fuqua,"['Gerard Butler', 'Aaron Eckhart', 'Angela Bassett']",70000000,161025640,91025640,130.03662857142857,6.2,2981,59.428223,120.0,en
200,Star Trek: Insurrection,1998-12-10,1998.0,"['Science Fiction', 'Action', 'Adventure', 'Thriller']",Jonathan Frakes,"['Patrick Stewart', 'Jonathan Frakes', 'Brent Spiner']",70000000,118000000,48000000,68.57142857142857,6.3,391,19.711951,103.0,en
44943,Battle: Los Angeles,2011-03-08,2011.0,"['Action', 'Science Fiction']",Jonathan Liebesman,"['Aaron Eckhart', 'Ramón Rodríguez', 'Will Rothhaar']",70000000,202466756,132466756,189.23822285714286,5.5,1448,49.199234,116.0,en
587,Big Fish,2003-12-25,2003.0,"['Adventure', 'Fantasy', 'Drama']",Tim Burton,"['Ewan McGregor', 'Albert Finney', 'Billy Crudup']",70000000,122919055,52919055,75.59865,7.6,1994,46.199482,125.0,en
10395,Wolf,1994-06-17,1994.0,['Fantasy'],Mike Nichols,"['Jack Nicholson', 'Christopher Plummer', 'James Spader']",0,0,0,,6.0,216,13.758526,125.0,en
57212,War Horse,2011-12-25,2011.0,"['Drama', 'War']",Steven Spielberg,"['Tom Hiddleston', 'Benedict Cumberbatch', 'Toby Kebbell']",66000000,177584879,111584879,169.0679984848485,7.0,992,29.505574,146.0,en
152760,The Monuments Men,2014-01-24,2014.0,"['War', 'Drama', 'History', 'Action']",George Clooney,"['Matt Damon', 'Cate Blanchett', 'George Clooney']",70000000,154984035,84984035,121.40576428571428,5.8,1523,43.873266,118.0,en
2756,The Abyss,1989-08-09,1989.0,"['Adventure', 'Action', 'Thriller', 'Science Fiction']",James Cameron,"['Ed Harris', 'Mary Elizabeth Mastrantonio', 'Michael Biehn']",70000000,90000098,20000098,28.571568571428575,7.1,808,24.961625,139.0,en
33909,Wall Street: Money Never Sleeps,2010-09-02,2010.0,"['Drama', 'Crime']",Oliver Stone,"['Michael Douglas', 'Shia LaBeouf', 'Josh Brolin']",70000000,134748021,64748021,92.49717285714286,5.8,493,23.25645,133.0,en
49017,Dracula Untold,2014-10-01,2014.0,"['Horror', 'Action', 'Drama', 'Fantasy', 'War']",Gary Shore,"['Luke Evans', 'Sarah Gadon', 'Dominic Cooper']",70000000,215529201,145529201,207.89885857142858,6.2,2389,64.457947,92.0,en
9882,The Siege,1998-11-06,1998.0,"['Drama', 'Action', 'Thriller', 'Crime']",Edward Zwick,"['Denzel Washington', 'Annette Bening', 'Bruce Willis']",70000000,116672912,46672912,66.67558857142856,6.0,352,20.089933,116.0,en
2270,Stardust,2007-08-09,2007.0,"['Adventure', 'Fantasy', 'Romance', 'Family']",Matthew Vaughn,"['Claire Danes', 'Charlie Cox', 'Michelle Pfeiffer']",70000000,135560026,65560026,93.65718,7.1,1184,48.032734,127.0,en
978,Seven Years in Tibet,1997-09-12,1997.0,"['Adventure', 'Drama', 'History']",Jean-Jacques Annaud,"['Brad Pitt', 'Jamyang Jamtsho Wangchuk', 'David Thewlis']",70000000,131457682,61457682,87.79668857142858,7.0,630,16.92991,136.0,en
44564,The Dilemma,2011-01-13,2011.0,"['Comedy', 'Drama']",Ron Howard,"['Kevin James', 'Vince Vaughn', 'Winona Ryder']",70000000,67112664,-2887336,-4.124765714285714,5.2,304,14.780634,111.0,en
3132,Bad Company,2002-06-07,2002.0,"['Action', 'Adventure', 'Comedy', 'Thriller']",Joel Schumacher,"['Anthony Hopkins', 'Chris Rock', 'Peter Stormare']",70000000,65977295,-4022705,-5.746721428571429,5.4,228,14.086292,116.0,en
8814,Doom,2005-10-20,2005.0,"['Adventure', 'Action', 'Horror']",Andrzej Bartkowiak,"['Dwayne Johnson', 'Karl Urban', 'Rosamund Pike']",60000000,55987321,-4012679,-6.687798333333333,5.0,609,29.261348,105.0,en
8427,I Spy,2002-10-31,2002.0,"['Action', 'Adventure', 'Comedy', 'Thriller']",Betty Thomas,"['Eddie Murphy', 'Owen Wilson', 'Famke Janssen']",70000000,33561137,-36438863,-52.05551857142857,5.2,269,13.267631,97.0,en
52520,Underworld: Awakening,2012-01-19,2012.0,"['Fantasy', 'Action', 'Horror']",Måns Mårlind,"['Kate Beckinsale', 'Stephen Rea', 'Michael Ealy']",70000000,160112671,90112671,128.73238714285716,6.1,1862,58.401204,88.0,en
80585,Rock of Ages,2012-06-13,2012.0,"['Comedy', 'Drama', 'Music', 'Romance']",Adam Shankman,"['Julianne Hough', 'Diego Boneta', 'Tom Cruise']",75000000,59418613,-15581387,-20.775182666666666,6.0,385,23.515938,123.0,en
10592,Hart's War,2002-02-15,2002.0,"['Drama', 'War']",Gregory Hoblit,"['Bruce Willis', 'Colin Farrell', 'Terrence Howard']",70000000,32287044,-37712956,-53.87565142857142,5.9,241,14.244518,125.0,en
49021,Killer Elite,2011-09-23,2011.0,"['Action', 'Adventure', 'Thriller']",Gary McKendry,"['Jason Statham', 'Clive Owen', 'Robert De Niro']",66000000,57777106,-8222894,-12.458930303030304,6.1,695,29.501489,116.0,en
11535,Rollerball,2002-02-08,2002.0,"['Action', 'Science Fiction', 'Thriller']",John McTiernan,"['Chris Klein', 'LL Cool J', 'Rebecca Romijn']",0,0,0,,3.4,106,9.306253,98.0,en
10550,Ballistic: Ecks vs. Sever,2002-09-20,2002.0,"['Action', 'Adventure', 'Thriller']",Wych Kaosayananda,"['Antonio Banderas', 'Lucy Liu', 'Gregg Henry']",70000000,19924033,-50075967,-71.53709571428571,4.3,97,8.37378,91.0,en
11258,Hard Rain,1998-01-16,1998.0,['Thriller'],Mikael Salomon,"['Morgan Freeman', 'Christian Slater', 'Randy Quaid']",70000000,19870567,-50129433,-71.61347571428571,5.5,179,10.930537,97.0,en
12610,Osmosis Jones,2001-08-07,2001.0,"['Adventure', 'Animation', 'Action', 'Comedy', 'Family']",Bobby Farrelly,"['Chris Rock', 'Laurence Fishburne', 'David Hyde Pierce']",75000000,13596911,-61403089,-81.87078533333333,5.9,228,10.54544,95.0,en
59981,Legends of Oz: Dorothy's Return,2013-06-13,2013.0,"['Animation', 'Music', 'Family']",Dan St. Pierre,"['Lea Michele', 'Dan Aykroyd', 'Patrick Stewart']",70000000,18662027,-51337973,-73.33996142857143,5.9,43,6.682006,88.0,en
201088,Blackhat,2015-01-13,2015.0,"['Crime', 'Drama', 'Mystery']",Michael Mann,"['Chris Hemsworth', 'Leehom Wang', 'Tang Wei']",70000000,17752940,-52247060,-74.63865714285714,5.1,826,46.832372,133.0,en
5137,Sky Captain and the World of Tomorrow,2004-09-17,2004.0,"['Mystery', 'Action', 'Thriller', 'Science Fiction', 'Adventure']",Kerry Conran,"['Jude Law', 'Gwyneth Paltrow', 'Giovanni Ribisi']",70000000,57958696,-12041304,-17.201862857142856,5.7,439,24.664776,107.0,en
3093,Basic Instinct 2,2006-03-29,2006.0,"['Crime', 'Mystery', 'Thriller']",Michael Caton-Jones,"['Sharon Stone', 'David Morrissey', 'Charlotte Rampling']",70000000,38629478,-31370522,-44.81503142857143,4.6,180,13.483387,114.0,en
107846,Escape Plan,2013-10-09,2013.0,"['Action', 'Thriller']",Mikael Håfström,"['Sylvester Stallone', 'Arnold Schwarzenegger', 'Jim Caviezel']",50000000,122915111,72915111,145.830222,6.7,1659,44.478043,115.0,en
188207,The Legend of Hercules,2014-01-10,2014.0,"['Action', 'Adventure']",Renny Harlin,"['Kellan Lutz', 'Liam McIntyre', 'Gaia Weiss']",70000000,61279452,-8720548,-12.457925714285714,4.4,533,25.020428,99.0,en
4614,The Sum of All Fears,2002-05-31,2002.0,"['Thriller', 'Action', 'Drama']",Phil Alden Robinson,"['Ben Affleck', 'Morgan Freeman', 'James Cromwell']",68000000,193000000,125000000,183.8235294117647,5.9,437,22.392544,124.0,en
24021,The Twilight Saga: Eclipse,2010-06-23,2010.0,"['Adventure', 'Fantasy', 'Drama', 'Romance']",David Slade,"['Kristen Stewart', 'Robert Pattinson', 'Taylor Lautner']",68000000,698491347,630491347,927.1931573529411,5.8,2301,107.069763,124.0,en
11371,The Score,2001-07-13,2001.0,"['Action', 'Crime', 'Thriller']",Frank Oz,"['Robert De Niro', 'Edward Norton', 'Marlon Brando']",68000000,71069884,3069884,4.514535294117647,6.7,423,22.572323,124.0,en
20352,Despicable Me,2010-07-08,2010.0,"['Animation', 'Family']",Pierre Coffin,"['Steve Carell', 'Jason Segel', 'Russell Brand']",69000000,543513985,474513985,687.7014275362319,7.1,6478,113.858273,95.0,en
11517,Money Train,1995-11-21,1995.0,"['Action', 'Comedy', 'Crime']",Joseph Ruben,"['Wesley Snipes', 'Woody Harrelson', 'Jennifer Lopez']",60000000,35431113,-24568887,-40.948145000000004,5.4,222,10.004564,103.0,en
214756,Ted 2,2015-06-25,2015.0,['Comedy'],Seth MacFarlane,"['Mark Wahlberg', 'Seth MacFarlane', 'Amanda Seyfried']",68000000,217022588,149022588,219.15086470588236,6.2,2463,68.734513,115.0,en
26428,Agora,2009-05-17,2009.0,"['Adventure', 'Drama', 'History']",Alejandro Amenábar,"['Rachel Weisz', 'Max Minghella', 'Oscar Isaac']",70000000,39041505,-30958495,-44.22642142857143,6.9,395,18.888806,127.0,en
9824,Mystery Men,1999-08-06,1999.0,"['Adventure', 'Fantasy', 'Action', 'Comedy', 'Science Fiction']",Kinka Usher,"['Ben Stiller', 'Geoffrey Rush', 'Claire Forlani']",68000000,29762011,-38237989,-56.232336764705884,5.7,250,12.948627,121.0,en
48988,Hall Pass,2011-02-25,2011.0,['Comedy'],Bobby Farrelly,"['Owen Wilson', 'Jason Sudeikis', 'Jenna Fischer']",36000000,83160734,47160734,131.00203888888888,5.4,611,27.11589,105.0,en
9008,The Insider,1999-10-28,1999.0,"['Drama', 'Thriller']",Michael Mann,"['Al Pacino', 'Russell Crowe', 'Christopher Plummer']",90000000,60289912,-29710088,-33.01120888888889,7.3,481,26.153669,157.0,en
300673,The Finest Hours,2016-01-25,2016.0,"['Action', 'Drama', 'History', 'Thriller']",Craig Gillespie,"['Chris Pine', 'Casey Affleck', 'Ben Foster']",80000000,52099090,-27900910,-34.8761375,6.3,588,28.223664,114.0,en
12113,Body of Lies,2008-10-10,2008.0,"['Action', 'Drama', 'Thriller']",Ridley Scott,"['Leonardo DiCaprio', 'Russell Crowe', 'Mark Strong']",70000000,113280098,43280098,61.828711428571424,6.5,895,37.507136,128.0,en
38778,Dinner for Schmucks,2010-07-30,2010.0,['Comedy'],Jay Roach,"['Steve Carell', 'Paul Rudd', 'Stephanie Szostak']",69000000,86387857,17387857,25.19979275362319,5.5,531,11.023691,114.0,en
72331,Abraham Lincoln: Vampire Hunter,2012-06-20,2012.0,"['Action', 'Fantasy', 'Horror']",Timur Bekmambetov,"['Benjamin Walker', 'Dominic Cooper', 'Anthony Mackie']",69000000,112265139,43265139,62.7031,5.5,1269,38.634767,94.0,en
1844,Entrapment,1999-04-29,1999.0,"['Romance', 'Drama', 'Mystery']",Jon Amiel,"['Sean Connery', 'Catherine Zeta-Jones', 'Will Patton']",66000000,212404396,146404396,221.82484242424243,6.0,602,25.877794,112.0,en
846,The X Files,1998-06-19,1998.0,"['Mystery', 'Science Fiction', 'Thriller']",Rob Bowman,"['David Duchovny', 'Gillian Anderson', 'Mitch Pileggi']",66000000,189198313,123198313,186.6641106060606,6.6,488,18.59991,121.0,en
9703,The Last Legion,2007-04-19,2007.0,"['Action', 'Adventure', 'Fantasy', 'War']",Doug Lefler,"['Colin Firth', 'Ben Kingsley', 'Aishwarya Rai Bachchan']",67000000,25303038,-41696962,-62.234271641791054,5.0,207,12.282911,102.0,en
857,Saving Private Ryan,1998-07-24,1998.0,"['Drama', 'History', 'War']",Steven Spielberg,"['Tom Hanks', 'Matt Damon', 'Vin Diesel']",70000000,481840909,411840909,588.3441557142858,7.9,5048,76.041867,169.0,en
136797,Need for Speed,2014-03-13,2014.0,"['Action', 'Crime', 'Drama', 'Thriller']",Scott Waugh,"['Aaron Paul', 'Dominic Cooper', 'Imogen Poots']",66000000,203277636,137277636,207.99641818181817,6.1,1520,54.81489,130.0,en
3981,What Women Want,2000-12-15,2000.0,"['Comedy', 'Romance']",Nancy Meyers,"['Helen Hunt', 'Mel Gibson', 'Marisa Tomei']",70000000,374111707,304111707,434.4452957142857,6.1,992,31.39165,127.0,en
425,Ice Age,2002-03-10,2002.0,"['Animation', 'Comedy', 'Family', 'Adventure']",Chris Wedge,"['Ray Romano', 'John Leguizamo', 'Denis Leary']",59000000,383257136,324257136,549.5883661016949,7.1,3857,99.561972,81.0,en
6171,Dreamcatcher,2003-03-21,2003.0,"['Drama', 'Horror', 'Science Fiction', 'Thriller']",Lawrence Kasdan,"['Morgan Freeman', 'Thomas Jane', 'Jason Lee']",68000000,75715436,7715436,11.346229411764707,5.3,567,26.792794,136.0,en
72976,Lincoln,2012-11-09,2012.0,"['History', 'Drama']",Steven Spielberg,"['Daniel Day-Lewis', 'Sally Field', 'David Strathairn']",65000000,275293450,210293450,323.5283846153846,6.7,1429,36.307296,149.0,en
603,The Matrix,1999-03-30,1999.0,"['Action', 'Science Fiction']",Lilly Wachowski,"['Keanu Reeves', 'Laurence Fishburne', 'Carrie-Anne Moss']",63000000,463517383,400517383,635.7418777777779,7.9,8907,104.309993,136.0,en
568,Apollo 13,1995-06-30,1995.0,['Drama'],Ron Howard,"['Tom Hanks', 'Bill Paxton', 'Kevin Bacon']",52000000,355237933,303237933,583.1498711538462,7.3,1599,68.140214,140.0,en
9021,The Santa Clause 2,2002-10-31,2002.0,"['Fantasy', 'Comedy', 'Family']",Michael Lembeck,"['Tim Allen', 'Elizabeth Mitchell', 'David Krumholtz']",65000000,172855065,107855065,165.93086923076922,5.5,297,14.646884,104.0,en
82695,Les Misérables,2012-12-18,2012.0,"['Drama', 'Music', 'Romance']",Tom Hooper,"['Hugh Jackman', 'Russell Crowe', 'Anne Hathaway']",61000000,441809770,380809770,624.2783114754099,7.1,1884,48.356214,157.0,en
9489,You've Got Mail,1998-12-17,1998.0,"['Comedy', 'Romance']",Nora Ephron,"['Tom Hanks', 'Meg Ryan', 'Katie Sagona']",65000000,250821495,185821495,285.87922307692304,6.3,838,28.540267,119.0,en
12133,Step Brothers,2008-07-25,2008.0,['Comedy'],Adam McKay,"['Will Ferrell', 'John C. Reilly', 'Mary Steenburgen']",65000000,128107642,63107642,97.08868000000001,6.5,1062,22.977983,98.0,en
9342,The Mask of Zorro,1998-07-16,1998.0,"['Action', 'Adventure']",Martin Campbell,"['Antonio Banderas', 'Anthony Hopkins', 'Catherine Zeta-Jones']",95000000,250288523,155288523,163.46160315789473,6.3,1183,31.086791,136.0,en
41733,Due Date,2010-11-04,2010.0,"['Comedy', 'Drama']",Todd Phillips,"['Robert Downey Jr.', 'Zach Galifianakis', 'Michelle Monaghan']",65000000,211780824,146780824,225.81665230769232,6.2,1685,43.865294,95.0,en
227306,Unbroken,2014-12-25,2014.0,"['Drama', 'War']",Angelina Jolie,"[""Jack O'Connell"", 'Domhnall Gleeson', 'Garrett Hedlund']",65000000,163442937,98442937,151.45067230769232,7.3,1400,43.055253,137.0,en
5551,Space Cowboys,2000-07-31,2000.0,"['Action', 'Adventure', 'Thriller']",Clint Eastwood,"['Clint Eastwood', 'Tommy Lee Jones', 'Donald Sutherland']",65000000,128884132,63884132,98.28327999999999,6.3,403,15.772081,130.0,en
9350,Cliffhanger,1993-05-28,1993.0,"['Action', 'Adventure', 'Thriller']",Renny Harlin,"['Sylvester Stallone', 'John Lithgow', 'Michael Rooker']",70000000,255000211,185000211,264.2860157142857,6.1,588,26.19909,112.0,en
9208,Broken Arrow,1996-02-09,1996.0,"['Action', 'Adventure', 'Drama', 'Thriller']",John Woo,"['John Travolta', 'Christian Slater', 'Samantha Mathis']",50000000,150270147,100270147,200.54029400000002,5.7,453,22.769108,108.0,en
4244,The Kid,2000-07-07,2000.0,"['Fantasy', 'Comedy', 'Family']",Jon Turteltaub,"['Bruce Willis', 'Spencer Breslin', 'Emily Mortimer']",65000000,69700000,4700000,7.230769230769231,6.0,238,18.281798,104.0,en
1852,World Trade Center,2006-08-09,2006.0,"['Drama', 'History', 'Thriller']",Oliver Stone,"['Nicolas Cage', 'Maria Bello', 'Maggie Gyllenhaal']",63000000,162945894,99945894,158.64427619047618,5.9,447,24.697533,128.0,en
11820,Mona Lisa Smile,2003-12-19,2003.0,"['Drama', 'Romance']",Mike Newell,"['Julia Roberts', 'Kirsten Dunst', 'Julia Stiles']",65000000,0,-65000000,-100.0,6.5,393,19.718544,117.0,en
76493,The Dictator,2012-05-15,2012.0,['Comedy'],Larry Charles,"['Sacha Baron Cohen', 'Sayed Badreya', 'Aasif Mandvi']",65000000,179379533,114379533,175.9685123076923,5.9,1743,31.349143,83.0,en
345,Eyes Wide Shut,1999-07-14,1999.0,"['Mystery', 'Drama']",Stanley Kubrick,"['Tom Cruise', 'Nicole Kidman', 'Madison Eginton']",65000000,162091208,97091208,149.37108923076923,7.1,1234,27.870312,159.0,en
196867,Annie,2014-12-19,2014.0,"['Comedy', 'Drama', 'Family']",Will Gluck,"['Quvenzhané Wallis', 'Jamie Foxx', 'Rose Byrne']",65000000,133821816,68821816,105.87971692307691,6.0,466,33.439187,119.0,en
256591,Focus,2015-02-25,2015.0,"['Romance', 'Comedy', 'Crime', 'Drama']",Glenn Ficarra,"['Will Smith', 'Margot Robbie', 'Rodrigo Santoro']",50100000,153962963,103862963,207.31130339321356,6.7,2542,59.634029,105.0,en
59962,This Means War,2012-02-14,2012.0,"['Action', 'Comedy', 'Romance']",McG,"['Reese Witherspoon', 'Chris Pine', 'Tom Hardy']",65000000,156974557,91974557,141.49931846153848,5.9,1389,38.994297,103.0,en
36648,Blade: Trinity,2004-12-08,2004.0,"['Science Fiction', 'Action', 'Horror', 'Thriller', 'Adventure', 'Fantasy']",David S. Goyer,"['Wesley Snipes', 'Kris Kristofferson', 'Dominic Purcell']",65000000,128905366,63905366,98.31594769230769,5.7,1252,49.660055,123.0,en
1880,Red Dawn,1984-08-10,1984.0,"['Action', 'Thriller']",John Milius,"['Patrick Swayze', 'C. Thomas Howell', 'Lea Thompson']",4200000,38376497,34176497,813.726119047619,6.4,215,11.743085,114.0,en
9440,Primary Colors,1998-03-20,1998.0,"['Comedy', 'Drama']",Mike Nichols,"['John Travolta', 'Emma Thompson', 'Billy Bob Thornton']",65000000,0,-65000000,-100.0,6.1,94,9.110247,143.0,en
71679,Resident Evil: Retribution,2012-09-12,2012.0,"['Action', 'Horror', 'Science Fiction']",Paul W.S. Anderson,"['Milla Jovovich', 'Sienna Guillory', 'Michelle Rodriguez']",65000000,240159255,175159255,269.4757769230769,5.6,1600,6.227675,95.0,en
10483,Death Race,2008-08-22,2008.0,"['Action', 'Thriller', 'Science Fiction']",Paul W.S. Anderson,"['Jason Statham', 'Joan Allen', 'Ian McShane']",45000000,73762516,28762516,63.91670222222222,6.0,1175,42.57877,105.0,en
11412,The Long Kiss Goodnight,1996-10-11,1996.0,"['Crime', 'Action', 'Mystery', 'Thriller']",Renny Harlin,"['Geena Davis', 'Samuel L. Jackson', 'Yvonne Zima']",65000000,89456761,24456761,37.62578615384615,6.5,314,15.858629,120.0,en
11983,Proof of Life,2000-12-08,2000.0,"['Action', 'Adventure', 'Drama', 'Romance', 'Thriller']",Taylor Hackford,"['Meg Ryan', 'Russell Crowe', 'David Morse']",65000000,0,-65000000,-100.0,6.0,208,14.866901,135.0,en
6795,Zathura: A Space Adventure,2005-11-06,2005.0,"['Family', 'Fantasy', 'Science Fiction', 'Adventure']",Jon Favreau,"['Jonah Bobo', 'Josh Hutcherson', 'Dax Shepard']",65000000,64321501,-678499,-1.0438446153846153,6.1,779,15.194239,101.0,en
550,Fight Club,1999-10-15,1999.0,['Drama'],David Fincher,"['Edward Norton', 'Brad Pitt', 'Meat Loaf']",63000000,100853753,37853753,60.085322222222224,8.3,9413,146.757391,139.0,en
11170,We Are Marshall,2006-12-12,2006.0,['Drama'],McG,"['Matthew McConaughey', 'Matthew Fox', 'Anthony Mackie']",65000000,43545364,-21454636,-33.0071323076923,6.7,186,8.629665,124.0,en
9292,Hudson Hawk,1991-05-23,1991.0,"['Action', 'Adventure', 'Comedy']",Michael Lehmann,"['Bruce Willis', 'Danny Aiello', 'Andie MacDowell']",65000000,17218080,-47781920,-73.51064615384615,5.4,269,16.803457,100.0,en
10783,Lucky Numbers,2000-10-27,2000.0,"['Action', 'Adventure', 'Comedy', 'Crime', 'Romance', 'Thriller']",Nora Ephron,"['John Travolta', 'Lisa Kudrow', 'Tim Roth']",65000000,0,-65000000,-100.0,4.9,52,2.952595,105.0,en
100241,"I, Frankenstein",2014-01-22,2014.0,"['Horror', 'Thriller']",Stuart Beattie,"['Aaron Eckhart', 'Yvonne Strahovski', 'Bill Nighy']",65000000,71154592,6154592,9.468603076923078,5.0,687,31.324734,92.0,en
257,Oliver Twist,2005-09-23,2005.0,"['Crime', 'Drama', 'Family']",Roman Polanski,"['Barney Clark', 'Ben Kingsley', 'Jamie Foreman']",50000000,42093706,-7906294,-15.812588,6.7,274,20.415572,130.0,en
9947,Elektra,2005-01-13,2005.0,"['Action', 'Fantasy']",Rob Bowman,"['Jennifer Garner', 'Goran Visnjic', 'Will Yun Lee']",43000000,56681566,13681566,31.81759534883721,4.8,575,28.613892,97.0,en
189,Sin City: A Dame to Kill For,2014-08-20,2014.0,"['Crime', 'Thriller']",Robert Rodriguez,"['Mickey Rourke', 'Jessica Alba', 'Josh Brolin']",65000000,39407616,-25592384,-39.37289846153846,6.3,1286,85.428395,102.0,en
12618,Random Hearts,1999-10-08,1999.0,"['Drama', 'Romance']",Sydney Pollack,"['Harrison Ford', 'Kristin Scott Thomas', 'Charles S. Dutton']",64000000,74608570,10608570,16.575890625,5.3,63,4.137237,133.0,en
253412,Everest,2015-09-10,2015.0,"['Adventure', 'Drama']",Baltasar Kormákur,"['Jason Clarke', 'Jake Gyllenhaal', 'Josh Brolin']",55000000,203427584,148427584,269.86833454545456,6.7,1772,60.246978,121.0,en
1427,Perfume: The Story of a Murderer,2006-09-13,2006.0,"['Crime', 'Fantasy', 'Drama']",Tom Tykwer,"['Ben Whishaw', 'Simon Chandler', 'David Calder']",50000000,132180323,82180323,164.360646,7.1,1165,42.551902,147.0,en
818,Austin Powers in Goldmember,2002-07-26,2002.0,"['Comedy', 'Crime', 'Science Fiction']",Jay Roach,"['Mike Myers', 'Beyoncé Knowles', 'Seth Green']",63000000,296655431,233655431,370.8816365079365,5.9,979,40.137264,94.0,en
16577,Astro Boy,2009-10-15,2009.0,"['Animation', 'Action', 'Family', 'Science Fiction']",David Bowers,"['Nicolas Cage', 'Kristen Bell', 'Bill Nighy']",65000000,44091067,-20908933,-32.16758923076923,6.1,409,24.857079,94.0,en
329,Jurassic Park,1993-06-11,1993.0,"['Adventure', 'Science Fiction']",Steven Spielberg,"['Sam Neill', 'Laura Dern', 'Jeff Goldblum']",63000000,920100000,857100000,1360.4761904761904,7.6,4856,40.413191,127.0,en
12160,Wyatt Earp,1994-06-24,1994.0,"['Drama', 'Action', 'Western']",Lawrence Kasdan,"['Kevin Costner', 'Dennis Quaid', 'Gene Hackman']",63000000,25052000,-37948000,-60.23492063492063,6.5,202,13.859307,191.0,en
9331,Clear and Present Danger,1994-08-03,1994.0,"['Action', 'Drama', 'Thriller']",Phillip Noyce,"['Harrison Ford', 'Willem Dafoe', 'Anne Archer']",62000000,215887717,153887717,248.2059951612903,6.4,386,18.832471,141.0,en
300168,Dragon Blade,2015-02-19,2015.0,"['Action', 'Drama', 'Adventure']",Daniel Lee,"['Jackie Chan', 'John Cusack', 'Adrien Brody']",65000000,121545703,56545703,86.99338923076924,5.9,145,9.568884,127.0,zh
9072,Little Man,2006-08-31,2006.0,"['Comedy', 'Crime']",Keenen Ivory Wayans,"['Marlon Wayans', 'Shawn Wayans', 'Kerry Washington']",64000000,101595121,37595121,58.7423765625,5.3,261,12.421504,98.0,en
3536,U-571,2000-04-20,2000.0,"['Action', 'Drama', 'Thriller', 'War']",Jonathan Mostow,"['Matthew McConaughey', 'Bill Paxton', 'Harvey Keitel']",62000000,127666415,65666415,105.91357258064515,6.1,340,18.096884,116.0,en
9087,The American President,1995-11-17,1995.0,"['Comedy', 'Drama', 'Romance']",Rob Reiner,"['Michael Douglas', 'Annette Bening', 'Michael J. Fox']",62000000,107879496,45879496,73.9991870967742,6.5,195,11.056763,106.0,en
12177,The Love Guru,2008-06-20,2008.0,"['Comedy', 'Romance']",Marco Schnabel,"['Mike Myers', 'Jessica Alba', 'Justin Timberlake']",62000000,41819064,-20180936,-32.54989677419355,4.3,242,13.218008,87.0,en
12138,3000 Miles to Graceland,2001-02-23,2001.0,"['Action', 'Adventure', 'Comedy', 'Thriller', 'Crime']",Demian Lichtenstein,"['Kurt Russell', 'Kevin Costner', 'Courteney Cox']",62000000,18720175,-43279825,-69.80616935483872,5.8,178,11.262655,125.0,en
273248,The Hateful Eight,2015-12-25,2015.0,"['Crime', 'Drama', 'Mystery', 'Western']",Quentin Tarantino,"['Samuel L. Jackson', 'Kurt Russell', 'Jennifer Jason Leigh']",44000000,155760117,111760117,254.00026590909093,7.6,4274,68.717016,167.0,en
9955,Blades of Glory,2007-03-30,2007.0,"['Action', 'Comedy', 'Drama']",Josh Gordon,"['Will Ferrell', 'Jon Heder', 'Will Arnett']",53000000,0,-53000000,-100.0,5.9,569,19.412028,93.0,en
50359,Hop,2011-03-30,2011.0,"['Animation', 'Comedy', 'Family']",Tim Hill,"['Russell Brand', 'James Marsden', 'Kaley Cuoco']",63000000,183953723,120953723,191.9900365079365,5.5,331,16.791058,95.0,en
1271,300,2006-12-09,2006.0,"['Action', 'Adventure', 'War']",Zack Snyder,"['Gerard Butler', 'Lena Headey', 'Dominic West']",65000000,422610419,357610419,550.1698753846154,7.0,4997,65.197968,117.0,en
693,Meet the Fockers,2004-12-22,2004.0,"['Comedy', 'Romance']",Jay Roach,"['Ben Stiller', 'Teri Polo', 'Robert De Niro']",80000000,516642939,436642939,545.8036737499999,6.1,1373,32.829538,115.0,en
14306,Marley & Me,2008-12-25,2008.0,"['Comedy', 'Family']",David Frankel,"['Owen Wilson', 'Jennifer Aniston', 'Eric Dane']",60000000,244082376,184082376,306.80396,6.9,1343,30.951203,115.0,en
497,The Green Mile,1999-12-10,1999.0,"['Fantasy', 'Drama', 'Crime']",Frank Darabont,"['Tom Hanks', 'Michael Clarke Duncan', 'David Morse']",60000000,284600000,224600000,374.3333333333333,8.2,4048,103.698022,189.0,en
11199,Wild Hogs,2007-03-02,2007.0,"['Action', 'Adventure', 'Comedy']",Walt Becker,"['Tim Allen', 'John Travolta', 'Martin Lawrence']",0,253625427,253625427,inf,5.6,648,31.719463,100.0,en
9982,Chicken Little,2005-11-04,2005.0,"['Animation', 'Family', 'Comedy']",Mark Dindal,"['Zach Braff', 'Joan Cusack', 'Dan Molina']",150000000,314432665,164432665,109.62177666666666,5.6,944,47.973995,81.0,en
210577,Gone Girl,2014-10-01,2014.0,"['Mystery', 'Thriller', 'Drama']",David Fincher,"['Ben Affleck', 'Rosamund Pike', 'Carrie Coon']",61000000,369330363,308330363,505.4596114754099,7.9,5862,143.041543,145.0,en
2501,The Bourne Identity,2002-06-14,2002.0,"['Action', 'Drama', 'Mystery', 'Thriller']",Doug Liman,"['Matt Damon', 'Franka Potente', 'Chris Cooper']",60000000,214034224,154034224,256.72370666666666,7.3,3583,86.476817,119.0,en
710,GoldenEye,1995-11-16,1995.0,"['Adventure', 'Action', 'Thriller']",Martin Campbell,"['Pierce Brosnan', 'Sean Bean', 'Izabella Scorupco']",58000000,352194034,294194034,507.2310931034483,6.6,1174,59.824565,130.0,en
2275,The General's Daughter,1999-06-18,1999.0,"['Crime', 'Drama', 'Mystery', 'Thriller']",Simon West,"['John Travolta', 'Madeleine Stowe', 'James Cromwell']",60000000,149705852,89705852,149.50975333333335,6.1,205,18.345613,116.0,en
37165,The Truman Show,1998-06-04,1998.0,"['Comedy', 'Drama']",Peter Weir,"['Jim Carrey', 'Laura Linney', 'Noah Emmerich']",60000000,264118201,204118201,340.19700166666667,7.8,4537,56.488027,103.0,en
9837,The Prince of Egypt,1998-12-15,1998.0,"['Adventure', 'Animation', 'Drama', 'Family', 'Music']",Simon Wells,"['Val Kilmer', 'Ralph Fiennes', 'Patrick Stewart']",70000000,218613188,148613188,212.30455428571426,6.8,817,29.464852,99.0,en
10708,Daddy Day Care,2003-05-03,2003.0,"['Comedy', 'Family']",Steve Carr,"['Eddie Murphy', 'Jeff Garlin', 'Steve Zahn']",60000000,164433867,104433867,174.056445,5.6,506,18.106021,92.0,en
136400,2 Guns,2013-08-02,2013.0,"['Action', 'Comedy', 'Crime']",Baltasar Kormákur,"['Denzel Washington', 'Mark Wahlberg', 'Paula Patton']",61000000,131940411,70940411,116.29575573770492,6.6,1589,42.881415,109.0,en
10992,Cats & Dogs,2001-07-04,2001.0,"['Comedy', 'Family']",Lawrence Guterman,"['Jeff Goldblum', 'Elizabeth Perkins', 'Alexander Pollock']",60000000,93375151,33375151,55.625251666666664,5.0,352,18.735024,87.0,en
9654,The Italian Job,2003-05-30,2003.0,"['Action', 'Crime']",F. Gary Gray,"['Mark Wahlberg', 'Charlize Theron', 'Edward Norton']",60000000,176070171,116070171,193.450285,6.6,1919,62.766854,110.0,en
2642,Two Weeks Notice,2002-12-19,2002.0,"['Romance', 'Comedy']",Marc Lawrence,"['Sandra Bullock', 'Hugh Grant', 'Alicia Witt']",60000000,93354918,33354918,55.59153,5.9,487,24.153567,101.0,en
8916,Antz,1998-10-02,1998.0,"['Adventure', 'Animation', 'Comedy', 'Family']",Eric Darnell,"['Woody Allen', 'Dan Aykroyd', 'Anne Bancroft']",60000000,171757863,111757863,186.263105,6.0,1272,41.515702,83.0,en
19899,Couples Retreat,2009-09-19,2009.0,"['Comedy', 'Romance']",Peter Billingsley,"['Vince Vaughn', 'Malin Åkerman', 'Jason Bateman']",70000000,171844840,101844840,145.49262857142858,5.3,588,26.676487,113.0,en
2119,Days of Thunder,1990-06-27,1990.0,['Adventure'],Tony Scott,"['Tom Cruise', 'Robert Duvall', 'Nicole Kidman']",60000000,157920733,97920733,163.20122166666667,5.9,353,16.278022,107.0,en
9641,Cheaper by the Dozen 2,2005-12-21,2005.0,['Comedy'],Adam Shankman,"['Steve Martin', 'Eugene Levy', 'Bonnie Hunt']",60000000,129181830,69181830,115.30305000000001,5.7,526,18.831023,94.0,en
294254,Maze Runner: The Scorch Trials,2015-09-09,2015.0,['Action'],Wes Ball,"[""Dylan O'Brien"", 'Kaya Scodelario', 'Thomas Brodie-Sangster']",61000000,311256926,250256926,410.2572557377049,6.4,3040,113.161483,132.0,en
38167,Eat Pray Love,2010-08-12,2010.0,['Drama'],Ryan Murphy,"['Julia Roberts', 'James Franco', 'Javier Bardem']",60000000,204594016,144594016,240.99002666666664,5.8,636,28.800112,133.0,en
5994,The Family Man,2000-12-12,2000.0,"['Comedy', 'Drama', 'Romance', 'Fantasy']",Brett Ratner,"['Nicolas Cage', 'Téa Leoni', 'Don Cheadle']",60000000,0,-60000000,-100.0,6.5,521,19.705489,125.0,en
39514,RED,2010-10-13,2010.0,"['Action', 'Adventure', 'Comedy', 'Crime', 'Thriller']",Robert Schwentke,"['Bruce Willis', 'John Malkovich', 'Helen Mirren']",58000000,71664962,13664962,23.56027931034483,6.6,2808,41.430245,111.0,en
9563,Any Given Sunday,1999-12-16,1999.0,['Drama'],Oliver Stone,"['Al Pacino', 'Cameron Diaz', 'Dennis Quaid']",55000000,100230832,45230832,82.23787636363636,6.8,422,23.127561,163.0,en
547,The Horse Whisperer,1998-05-14,1998.0,"['Drama', 'Romance']",Robert Redford,"['Robert Redford', 'Kristin Scott Thomas', 'Sam Neill']",60000000,186883563,126883563,211.472605,6.7,292,12.867352,170.0,en
1538,Collateral,2004-08-04,2004.0,"['Drama', 'Crime', 'Thriller']",Michael Mann,"['Tom Cruise', 'Jamie Foxx', 'Jada Pinkett Smith']",65000000,217764291,152764291,235.02198615384614,7.0,1451,44.815022,120.0,en
9334,The Scorpion King,2002-04-16,2002.0,"['Action', 'Fantasy', 'Adventure']",Chuck Russell,"['Dwayne Johnson', 'Kelly Hu', 'Michael Clarke Duncan']",60000000,165333180,105333180,175.5553,5.3,779,37.537093,92.0,en
11128,Ladder 49,2004-10-01,2004.0,"['Drama', 'Action', 'Thriller']",Jay Russell,"['Joaquin Phoenix', 'John Travolta', 'Jacinda Barrett']",60000000,74541707,14541707,24.23617833333333,6.2,207,10.99991,115.0,en
75780,Jack Reacher,2012-12-20,2012.0,"['Crime', 'Drama', 'Thriller']",Christopher McQuarrie,"['Tom Cruise', 'Rosamund Pike', 'Richard Jenkins']",60000000,218340595,158340595,263.9009916666667,6.3,2998,56.868399,130.0,en
8914,Deep Blue Sea,1999-07-28,1999.0,"['Action', 'Science Fiction', 'Thriller']",Renny Harlin,"['Thomas Jane', 'Saffron Burrows', 'LL Cool J']",60000000,73648228,13648228,22.747046666666666,5.6,604,22.991269,105.0,en
13576,This Is It,2009-10-28,2009.0,"['Music', 'Documentary']",Kenny Ortega,"['Michael Jackson', 'Orianthi', 'Kenny Ortega']",60000000,0,-60000000,-100.0,6.7,247,15.798622,111.0,en
39538,Contagion,2011-09-08,2011.0,"['Drama', 'Thriller', 'Science Fiction']",Steven Soderbergh,"['Matt Damon', 'Gwyneth Paltrow', 'Kate Winslet']",60000000,137551594,77551594,129.25265666666667,6.2,1325,38.820858,106.0,en
10628,Kangaroo Jack,2003-01-17,2003.0,"['Comedy', 'Adventure', 'Crime']",David McNally,"[""Jerry O'Connell"", 'Anthony Anderson', 'Estella Warren']",0,0,0,,4.3,203,10.292864,89.0,en
14836,Coraline,2009-02-05,2009.0,"['Animation', 'Family']",Henry Selick,"['Dakota Fanning', 'Teri Hatcher', 'Jennifer Saunders']",60000000,124596398,64596398,107.66066333333333,7.3,1386,51.146047,100.0,en
8645,The Happening,2008-06-11,2008.0,"['Thriller', 'Science Fiction']",M. Night Shyamalan,"['Mark Wahlberg', 'Zooey Deschanel', 'John Leguizamo']",60000000,163403799,103403799,172.339665,4.9,950,20.501582,91.0,en
9509,Man on Fire,2004-04-23,2004.0,"['Action', 'Drama', 'Thriller', 'Crime']",Tony Scott,"['Denzel Washington', 'Dakota Fanning', 'Marc Anthony']",70000000,130293714,60293714,86.13387714285714,7.3,1553,45.299089,146.0,en
10067,The Shaggy Dog,2006-03-09,2006.0,"['Comedy', 'Family']",Brian Robbins,"['Tim Allen', 'Kristin Davis', 'Danny Glover']",50000000,61112916,11112916,22.225832,4.5,137,4.280619,98.0,en
9384,Starsky & Hutch,2004-03-05,2004.0,"['Comedy', 'Crime']",Todd Phillips,"['Ben Stiller', 'Owen Wilson', 'Snoop Dogg']",60000000,170268750,110268750,183.78125,5.6,644,28.848842,101.0,en
9279,Jingle All the Way,1996-11-15,1996.0,"['Family', 'Comedy']",Brian Levant,"['Arnold Schwarzenegger', 'Phil Hartman', 'Sinbad']",60000000,129832389,69832389,116.38731499999999,5.5,575,22.501041,89.0,en
1487,Hellboy,2004-04-02,2004.0,"['Fantasy', 'Action', 'Science Fiction']",Guillermo del Toro,"['Ron Perlman', 'Selma Blair', 'Rupert Evans']",66000000,99318987,33318987,50.48331363636363,6.5,2225,47.479755,122.0,en
9422,A Civil Action,1998-03-05,1998.0,['Drama'],Steven Zaillian,"['John Travolta', 'Robert Duvall', 'Tony Shalhoub']",70000000,56702901,-13297099,-18.995855714285714,6.1,109,10.147321,115.0,en
77174,ParaNorman,2012-08-03,2012.0,"['Family', 'Animation', 'Adventure', 'Comedy']",Sam Fell,"['Kodi Smit-McPhee', 'Tucker Albrizzi', 'Jodelle Ferland']",60000000,107139399,47139399,78.565665,6.7,789,39.539045,90.0,en
4824,The Jackal,1997-11-14,1997.0,"['Action', 'Thriller', 'Adventure', 'Crime']",Michael Caton-Jones,"['Bruce Willis', 'Richard Gere', 'Sidney Poitier']",60000000,159330280,99330280,165.55046666666667,6.1,527,19.747459,124.0,en
9620,Paycheck,2003-12-25,2003.0,"['Action', 'Adventure', 'Mystery', 'Science Fiction', 'Thriller']",John Woo,"['Ben Affleck', 'Aaron Eckhart', 'Uma Thurman']",60000000,96269812,36269812,60.44968666666667,5.9,581,29.018826,119.0,en
9302,Up Close & Personal,1996-03-01,1996.0,"['Drama', 'Romance']",Jon Avnet,"['Robert Redford', 'Michelle Pfeiffer', 'Stockard Channing']",60000000,0,-60000000,-100.0,5.9,50,4.801849,119.0,en
10199,The Tale of Despereaux,2008-12-19,2008.0,"['Adventure', 'Animation', 'Family']",Robert Stevenhagen,"['Matthew Broderick', 'Dustin Hoffman', 'Emma Watson']",60000000,50877145,-9122855,-15.204758333333334,5.8,258,16.493576,93.0,en
10771,The Tuxedo,2002-09-27,2002.0,"['Thriller', 'Action', 'Comedy', 'Science Fiction']",Kevin Donovan,"['Jackie Chan', 'Jennifer Love Hewitt', 'Jason Isaacs']",0,0,0,,5.3,483,21.549232,98.0,en
3512,Under Siege 2: Dark Territory,1995-07-13,1995.0,"['Action', 'Thriller']",Geoff Murphy,"['Steven Seagal', 'Eric Bogosian', 'Everett McGill']",60000000,104324083,44324083,73.87347166666667,5.6,210,13.080725,100.0,en
137094,Jack Ryan: Shadow Recruit,2014-01-15,2014.0,"['Action', 'Drama', 'Thriller']",Kenneth Branagh,"['Chris Pine', 'Keira Knightley', 'Kevin Costner']",60000000,50549107,-9450893,-15.751488333333333,5.9,1173,42.538258,105.0,en
274479,Joy,2015-12-24,2015.0,"['Drama', 'Comedy']",David O. Russell,"['Jennifer Lawrence', 'Bradley Cooper', 'Robert De Niro']",60000000,101134059,41134059,68.556765,6.4,1581,29.876507,124.0,en
267860,London Has Fallen,2016-03-02,2016.0,"['Action', 'Crime', 'Thriller']",Babak Najafi,"['Gerard Butler', 'Aaron Eckhart', 'Morgan Freeman']",60000000,205754447,145754447,242.92407833333334,5.8,1621,61.849521,99.0,en
8078,Alien: Resurrection,1997-11-12,1997.0,"['Science Fiction', 'Horror', 'Action']",Jean-Pierre Jeunet,"['Sigourney Weaver', 'Winona Ryder', 'Brad Dourif']",70000000,162000000,92000000,131.42857142857142,5.9,1365,37.44963,109.0,en
7485,Shooter,2007-03-22,2007.0,"['Action', 'Drama', 'Mystery', 'Thriller', 'Crime']",Antoine Fuqua,"['Mark Wahlberg', 'Michael Peña', 'Danny Glover']",61000000,95696996,34696996,56.88032131147541,6.9,1462,37.378081,124.0,en
170687,The Boxtrolls,2014-09-10,2014.0,"['Animation', 'Comedy', 'Family', 'Fantasy']",Anthony Stacchi,"['Ben Kingsley', 'Isaac Hempstead-Wright', 'Elle Fanning']",60000000,108255770,48255770,80.42628333333333,6.6,668,30.656345,97.0,en
6435,Practical Magic,1998-10-16,1998.0,"['Drama', 'Fantasy', 'Comedy']",Griffin Dunne,"['Sandra Bullock', 'Nicole Kidman', 'Evan Rachel Wood']",75000000,46683377,-28316623,-37.75549733333333,6.3,338,15.142701,104.0,en
137106,The Lego Movie,2014-02-06,2014.0,"['Adventure', 'Animation', 'Comedy', 'Family', 'Fantasy']",Phil Lord,"['Chris Pratt', 'Will Ferrell', 'Elizabeth Banks']",60000000,469160692,409160692,681.9344866666667,7.5,3070,59.547928,100.0,en
10040,Miss Congeniality 2: Armed and Fabulous,2005-03-11,2005.0,"['Action', 'Comedy']",John Pasquin,"['Sandra Bullock', 'Regina King', 'Enrique Murciano']",0,0,0,,5.3,425,19.998581,115.0,en
6278,Reign of Fire,2002-07-12,2002.0,"['Adventure', 'Action', 'Fantasy']",Rob Bowman,"['Christian Bale', 'Matthew McConaughey', 'Izabella Scorupco']",60000000,43061982,-16938018,-28.23003,6.0,669,27.615108,101.0,en
82682,Gangster Squad,2013-01-10,2013.0,"['Crime', 'Drama', 'Action', 'Thriller']",Ruben Fleischer,"['Josh Brolin', 'Ryan Gosling', 'Nick Nolte']",60000000,105200903,45200903,75.33483833333334,6.2,1778,29.041198,113.0,en
17610,Year One,2009-06-18,2009.0,"['Comedy', 'Adventure']",Harold Ramis,"['Jack Black', 'Michael Cera', 'Olivia Wilde']",60000000,62357900,2357900,3.9298333333333333,4.6,524,25.293538,97.0,en
22954,Invictus,2009-12-10,2009.0,"['Drama', 'History']",Clint Eastwood,"['Morgan Freeman', 'Matt Damon', 'Tony Kgoroge']",60000000,122233971,62233971,103.723285,7.0,1125,23.85119,134.0,en
16995,State of Play,2009-04-17,2009.0,['Action'],Kevin Macdonald,"['Russell Crowe', 'Ben Affleck', 'Rachel McAdams']",60000000,87784194,27784194,46.30699,6.7,484,21.685719,127.0,en
16558,Duplicity,2009-03-19,2009.0,"['Romance', 'Comedy', 'Crime']",Tony Gilroy,"['Clive Owen', 'Julia Roberts', 'Paul Giamatti']",78146652,60000000,-18146652,-23.221278884730722,5.7,201,13.630049,125.0,en
9849,My Favorite Martian,1999-02-11,1999.0,"['Comedy', 'Drama', 'Family', 'Science Fiction']",Donald Petrie,"['Jeff Daniels', 'Elizabeth Hurley', 'Daryl Hannah']",65000000,36850101,-28149899,-43.307536923076924,5.1,80,6.80692,94.0,en
5820,The Sentinel,2006-04-19,2006.0,"['Action', 'Thriller', 'Crime']",Clark Johnson,"['Michael Douglas', 'Kiefer Sutherland', 'Eva Longoria']",60000000,77920346,17920346,29.86724333333333,5.8,225,15.352807,108.0,en
16866,Planet 51,2009-11-19,2009.0,"['Science Fiction', 'Animation', 'Family', 'Comedy', 'Adventure']",Jorge Blanco,"['Dwayne Johnson', 'Seann William Scott', 'Jessica Biel']",70000000,104945765,34945765,49.92252142857143,5.6,556,23.661071,91.0,en
201,Star Trek: Nemesis,2002-12-13,2002.0,"['Science Fiction', 'Action', 'Adventure', 'Thriller']",Stuart Baird,"['Patrick Stewart', 'Jonathan Frakes', 'Brent Spiner']",60000000,67312826,7312826,12.188043333333333,6.1,479,21.605533,117.0,en
11775,Intolerable Cruelty,2003-09-02,2003.0,"['Crime', 'Comedy', 'Romance']",Joel Coen,"['George Clooney', 'Catherine Zeta-Jones', 'Edward Herrmann']",60000000,119940815,59940815,99.90135833333333,5.8,391,22.620125,100.0,en
87825,Trouble with the Curve,2012-09-21,2012.0,"['Drama', 'Romance']",Robert Lorenz,"['Clint Eastwood', 'Amy Adams', 'Justin Timberlake']",0,0,0,,6.6,366,18.587114,111.0,en
12201,Edge of Darkness,2010-01-29,2010.0,"['Crime', 'Drama', 'Mystery', 'Thriller']",Martin Campbell,"['Mel Gibson', 'Ray Winstone', 'Danny Huston']",80000000,74901339,-5098661,-6.37332625,6.2,487,24.657931,117.0,en
11015,The Relic,1997-01-10,1997.0,"['Horror', 'Mystery', 'Thriller']",Peter Hyams,"['Penelope Ann Miller', 'Tom Sizemore', 'Linda Hunt']",60000000,33956608,-26043392,-43.40565333333333,5.8,130,12.621769,110.0,en
9932,Analyze That,2002-12-06,2002.0,"['Comedy', 'Crime']",Harold Ramis,"['Robert De Niro', 'Billy Crystal', 'Lisa Kudrow']",60000000,55003135,-4996865,-8.328108333333335,5.7,380,21.08952,96.0,en
13389,Righteous Kill,2008-09-11,2008.0,"['Action', 'Crime', 'Drama', 'Thriller']",Jon Avnet,"['Robert De Niro', 'Carla Gugino', '50 Cent']",60000000,73174566,13174566,21.95761,5.9,375,18.380176,101.0,en
8838,Mercury Rising,1998-04-03,1998.0,"['Action', 'Crime', 'Drama', 'Thriller']",Harold Becker,"['Bruce Willis', 'Alec Baldwin', 'Miko Hughes']",60000000,0,-60000000,-100.0,6.0,368,18.877795,111.0,en
17332,The Soloist,2009-04-24,2009.0,['Drama'],Joe Wright,"['Robert Downey Jr.', 'Jamie Foxx', 'Catherine Keener']",60000000,31720158,-28279842,-47.13307,6.6,234,17.299333,109.0,en
4958,The Legend of Bagger Vance,2000-11-02,2000.0,"['Fantasy', 'Drama']",Robert Redford,"['Matt Damon', 'Bruce McGill', 'Charlize Theron']",80000000,39459427,-40540573,-50.67571625,6.3,251,16.848899,126.0,en
786,Almost Famous,2000-09-15,2000.0,"['Drama', 'Music']",Cameron Crowe,"['Kate Hudson', 'Billy Crudup', 'Frances McDormand']",60000000,47383689,-12616311,-21.027185,7.4,797,21.547446,122.0,en
9513,Garfield: A Tail of Two Kitties,2006-06-15,2006.0,"['Animation', 'Comedy', 'Family']",Tim Hill,"['Bill Murray', 'Jennifer Love Hewitt', 'Billy Connolly']",0,141702264,141702264,inf,5.1,464,16.930969,78.0,en
11679,xXx: State of the Union,2005-04-27,2005.0,"['Action', 'Adventure', 'Crime', 'Drama', 'Mystery', 'Thriller']",Lee Tamahori,"['Ice Cube', 'Samuel L. Jackson', 'Willem Dafoe']",60000000,71073932,11073932,18.456553333333332,4.7,549,36.689223,101.0,en
38321,Priest,2011-05-05,2011.0,"['Action', 'Science Fiction', 'Fantasy', 'Thriller', 'Horror']",Scott Stewart,"['Paul Bettany', 'Karl Urban', 'Cam Gigandet']",60000000,78309131,18309131,30.515218333333333,5.4,692,28.350927,87.0,en
14411,Sinbad: Legend of the Seven Seas,2003-07-02,2003.0,"['Family', 'Animation', 'Adventure']",Tim Johnson,"['Brad Pitt', 'Catherine Zeta-Jones', 'Michelle Pfeiffer']",60000000,26288320,-33711680,-56.18613333333333,6.6,372,18.815442,86.0,en
8413,Event Horizon,1997-08-15,1997.0,"['Horror', 'Science Fiction', 'Mystery']",Paul W.S. Anderson,"['Laurence Fishburne', 'Sam Neill', 'Kathleen Quinlan']",60000000,26673242,-33326758,-55.54459666666667,6.5,742,29.787135,96.0,en
10052,Dragonfly,2002-02-22,2002.0,['Drama'],Tom Shadyac,"['Kevin Costner', 'Joe Morton', 'Ron Rifkin']",60000000,52322400,-7677600,-12.796,6.1,204,8.927137,104.0,en
9676,The Black Dahlia,2006-09-15,2006.0,['Drama'],Brian De Palma,"['Josh Hartnett', 'Scarlett Johansson', 'Aaron Eckhart']",50000000,49111202,-888798,-1.777596,5.7,287,15.213484,121.0,en
9664,Flyboys,2006-09-22,2006.0,"['Action', 'Adventure', 'Drama', 'History', 'Romance', 'War']",Tony Bill,"['James Franco', 'David Ellison', 'Jean Reno']",60000000,17800000,-42200000,-70.33333333333334,6.3,271,13.155999,140.0,en
2100,The Last Castle,2001-10-19,2001.0,"['Action', 'Drama', 'Thriller']",Rod Lurie,"['Robert Redford', 'James Gandolfini', 'Mark Ruffalo']",72000000,27642707,-44357293,-61.60735138888889,7.0,285,15.433244,131.0,en
10384,Supernova,2000-01-14,2000.0,"['Horror', 'Science Fiction', 'Thriller']",Walter Hill,"['James Spader', 'Angela Bassett', 'Robert Forster']",90000000,14828081,-75171919,-83.52435444444446,4.9,109,5.762037,91.0,en
137321,Winter's Tale,2014-02-13,2014.0,"['Drama', 'Fantasy', 'Mystery', 'Romance']",Akiva Goldsman,"['Colin Farrell', 'Jessica Brown Findlay', 'Russell Crowe']",60000000,30800231,-29199769,-48.66628166666666,6.0,487,22.736038,118.0,en
123553,The Mortal Instruments: City of Bones,2013-08-21,2013.0,"['Action', 'Adventure', 'Drama', 'Mystery', 'Romance', 'Fantasy']",Harald Zwart,"['Lily Collins', 'Jamie Campbell Bower', 'Kevin Zegers']",60000000,90565421,30565421,50.942368333333334,6.2,1602,45.514031,130.0,en
11260,Meet Dave,2008-07-08,2008.0,"['Comedy', 'Science Fiction', 'Adventure', 'Family']",Brian Robbins,"['Eddie Murphy', 'Elizabeth Banks', 'Gabrielle Union']",60000000,50650079,-9349921,-15.583201666666666,5.0,371,18.676291,90.0,en
9009,Dark Water,2005-06-27,2005.0,"['Drama', 'Horror', 'Thriller']",Walter Salles,"['Jennifer Connelly', 'John C. Reilly', 'Tim Roth']",30000000,25473093,-4526907,-15.089690000000001,5.3,274,14.376463,105.0,en
11374,Edtv,1999-03-26,1999.0,['Comedy'],Ron Howard,"['Matthew McConaughey', 'Woody Harrelson', 'Sally Kirkland']",80000000,0,-80000000,-100.0,5.7,166,14.298297,122.0,en
2309,Inkheart,2008-12-11,2008.0,"['Adventure', 'Family', 'Fantasy']",Iain Softley,"['Brendan Fraser', 'Sienna Guillory', 'Andy Serkis']",60000000,57490374,-2509626,-4.18271,6.0,592,27.018886,106.0,en
8285,The Spirit,2008-12-25,2008.0,"['Action', 'Comedy', 'Thriller', 'Crime', 'Science Fiction']",Frank Miller,"['Gabriel Macht', 'Scarlett Johansson', 'Samuel L. Jackson']",60000000,39031337,-20968663,-34.94777166666667,4.7,320,14.84856,103.0,en
210860,Mortdecai,2015-01-21,2015.0,"['Comedy', 'Adventure']",David Koepp,"['Johnny Depp', 'Gwyneth Paltrow', 'Ewan McGregor']",60000000,30418560,-29581440,-49.3024,5.4,1055,52.417529,106.0,en
2312,In the Name of the King: A Dungeon Siege Tale,2007-11-29,2007.0,"['Adventure', 'Fantasy', 'Action', 'Drama']",Uwe Boll,"['Jason Statham', 'John Rhys-Davies', 'Ray Liotta']",60000000,0,-60000000,-100.0,4.1,224,15.406173,127.0,en
9839,Beyond Borders,2003-10-23,2003.0,"['Drama', 'Romance', 'Adventure', 'War']",Martin Campbell,"['Angelina Jolie', 'Clive Owen', 'Teri Polo']",35000000,0,-35000000,-100.0,6.7,110,6.523472,127.0,en
381902,The Monkey King 2,2016-01-22,2016.0,"['Action', 'Adventure', 'Fantasy']",Soi Cheang,"['Aaron Kwok', 'Gong Li', 'William Feng']",68490000,193677158,125187158,182.78165863629727,6.0,24,4.72629,120.0,zh
13922,The Great Raid,2005-08-12,2005.0,"['Action', 'History', 'War']",John Dahl,"['Benjamin Bratt', 'James Franco', 'Connie Nielsen']",80000000,10166502,-69833498,-87.2918725,6.8,91,8.923215,132.0,en
293660,Deadpool,2016-02-09,2016.0,"['Action', 'Adventure', 'Comedy']",Tim Miller,"['Ryan Reynolds', 'Morena Baccarin', 'Ed Skrein']",58000000,783112979,725112979,1250.1947913793103,7.4,10995,514.569956,108.0,en
9713,Holy Man,1998-10-08,1998.0,"['Drama', 'Comedy']",Stephen Herek,"['Eddie Murphy', 'Jeff Goldblum', 'Kelly Preston']",60000000,0,-60000000,-100.0,4.9,111,9.265672,114.0,en
190859,American Sniper,2014-12-11,2014.0,"['War', 'Action']",Clint Eastwood,"['Bradley Cooper', 'Sienna Miller', 'Kyle Gallner']",58800000,542307423,483507423,822.2915357142858,7.4,4469,87.53437,133.0,en
257445,Goosebumps,2015-08-05,2015.0,"['Adventure', 'Horror', 'Comedy']",Rob Letterman,"['Jack Black', 'Dylan Minnette', 'Odeya Rush']",58000000,158162788,100162788,172.69446206896552,6.2,995,45.351617,103.0,en
9007,Just Like Heaven,2005-09-16,2005.0,"['Comedy', 'Fantasy', 'Romance']",Mark Waters,"['Reese Witherspoon', 'Mark Ruffalo', 'Donal Logue']",58000000,102854431,44854431,77.33522586206897,6.5,579,13.43573,95.0,en
889,The Flintstones in Viva Rock Vegas,2000-04-28,2000.0,"['Science Fiction', 'Comedy', 'Family', 'Romance']",Brian Levant,"['Mark Addy', 'Stephen Baldwin', 'Kristen Johnston']",83000000,59468275,-23531725,-28.35147590361446,4.4,134,6.248309,90.0,en
1370,Rambo III,1988-05-24,1988.0,"['Action', 'Adventure', 'Thriller', 'War']",Peter MacDonald,"['Sylvester Stallone', 'Richard Crenna', 'Kurtwood Smith']",63000000,189015611,126015611,200.02477936507938,5.7,690,31.294717,102.0,en
4942,Leatherheads,2008-03-24,2008.0,"['Comedy', 'Romance', 'Drama']",George Clooney,"['George Clooney', 'Renée Zellweger', 'John Krasinski']",58000000,41299492,-16700508,-28.793979310344824,5.7,130,7.739276,114.0,en
347969,The Ridiculous 6,2015-12-11,2015.0,"['Comedy', 'Western']",Frank Coraci,"['Adam Sandler', 'Taylor Lautner', 'Steve Buscemi']",60000000,0,-60000000,-100.0,4.9,388,19.694695,119.0,en
24438,Did You Hear About the Morgans?,2009-12-17,2009.0,['Comedy'],Marc Lawrence,"['Hugh Grant', 'Sarah Jessica Parker', 'Mary Steenburgen']",58000000,85280250,27280250,47.03491379310345,5.1,276,14.403696,103.0,en
116741,The Internship,2013-06-07,2013.0,['Comedy'],Shawn Levy,"['Owen Wilson', 'Vince Vaughn', 'Rose Byrne']",58000000,44000000,-14000000,-24.137931034482758,6.1,1658,1.551497,119.0,en
35791,Resident Evil: Afterlife,2010-09-09,2010.0,"['Action', 'Adventure', 'Horror', 'Science Fiction']",Paul W.S. Anderson,"['Milla Jovovich', 'Wentworth Miller', 'Ali Larter']",60000000,300228084,240228084,400.38014000000004,5.8,1363,2.143764,97.0,en
72431,Red Tails,2012-01-19,2012.0,"['Drama', 'Action', 'Adventure', 'History', 'War']",Anthony Hemingway,"['Bryan Cranston', 'David Oyelowo', 'Cuba Gooding Jr.']",58000000,50365377,-7634623,-13.163143103448277,5.9,178,12.29603,125.0,en
1813,The Devil's Advocate,1997-10-17,1997.0,"['Drama', 'Horror', 'Mystery', 'Thriller']",Taylor Hackford,"['Keanu Reeves', 'Al Pacino', 'Charlize Theron']",57000000,152944660,95944660,168.3239649122807,7.2,1374,33.8473,144.0,en
87428,That's My Boy,2012-06-14,2012.0,['Comedy'],Sean Anders,"['Adam Sandler', 'Susan Sarandon', 'Eva Amurri Martino']",70000000,58058367,-11941633,-17.059475714285714,5.5,453,21.723897,116.0,en
8840,DragonHeart,1996-05-31,1996.0,['Fantasy'],Rob Cohen,"['Dennis Quaid', 'David Thewlis', 'Pete Postlethwaite']",57000000,115267375,58267375,102.22346491228069,6.4,535,31.791979,103.0,en
10589,After the Sunset,2004-11-12,2004.0,"['Action', 'Comedy', 'Crime', 'Drama']",Brett Ratner,"['Pierce Brosnan', 'Salma Hayek', 'Woody Harrelson']",60000000,61347797,1347797,2.2463283333333335,6.0,226,14.113066,97.0,en
71676,Ghost Rider: Spirit of Vengeance,2011-12-10,2011.0,"['Action', 'Fantasy', 'Thriller']",Brian Taylor,"['Nicolas Cage', 'Ciarán Hinds', 'Violante Placido']",57000000,149217355,92217355,161.78483333333332,4.7,1135,48.622278,95.0,en
1722,Captain Corelli's Mandolin,2001-08-17,2001.0,"['Drama', 'History', 'Romance']",John Madden,"['Nicolas Cage', 'Penélope Cruz', 'John Hurt']",57000000,62112895,5112895,8.969991228070176,5.5,145,9.061866,131.0,en
10022,The Pacifier,2005-03-04,2005.0,"['Action', 'Comedy', 'Drama', 'Family', 'Thriller']",Adam Shankman,"['Vin Diesel', 'Lauren Graham', 'Faith Ford']",56000000,113006880,57006880,101.79800000000002,5.8,842,35.4763,95.0,en
11358,Walking Tall,2004-04-02,2004.0,"['Adventure', 'Drama', 'Action', 'Thriller']",Kevin Bray,"['Dwayne Johnson', 'Johnny Knoxville', 'Neal McDonough']",56000000,57223890,1223890,2.185517857142857,6.0,381,23.438398,86.0,en
13,Forrest Gump,1994-07-06,1994.0,"['Comedy', 'Drama', 'Romance']",Robert Zemeckis,"['Tom Hanks', 'Robin Wright', 'Gary Sinise']",55000000,677945399,622945399,1132.6279981818182,8.2,7927,138.133331,142.0,en
6477,Alvin and the Chipmunks,2007-12-13,2007.0,"['Comedy', 'Music', 'Family', 'Fantasy', 'Animation']",Tim Hill,"['Jason Lee', 'David Cross', 'Cameron Richardson']",60000000,361366633,301366633,502.27772166666665,5.5,1177,47.336034,92.0,en
1597,Meet the Parents,2000-10-06,2000.0,"['Comedy', 'Romance']",Jay Roach,"['Ben Stiller', 'Robert De Niro', 'Teri Polo']",55000000,330444045,275444045,500.80735454545453,6.6,1698,29.97224,108.0,en
10530,Pocahontas,1995-06-14,1995.0,"['Adventure', 'Animation', 'Drama', 'Family']",Mike Gabriel,"['Irene Bedard', 'Mel Gibson', 'David Ogden Stiers']",55000000,346079773,291079773,529.2359509090909,6.7,1457,47.845589,81.0,en
1924,Superman,1978-12-13,1978.0,"['Action', 'Adventure', 'Fantasy', 'Science Fiction']",Richard Donner,"['Christopher Reeve', 'Marlon Brando', 'Margot Kidder']",55000000,300218018,245218018,445.8509418181818,6.9,1022,48.507081,143.0,en
9327,The Nutty Professor,1996-06-26,1996.0,"['Fantasy', 'Comedy', 'Romance', 'Science Fiction']",Tom Shadyac,"['Eddie Murphy', 'Jada Pinkett Smith', 'James Coburn']",54000000,128769345,74769345,138.46175,5.4,702,20.28119,95.0,en
8488,Hitch,2005-02-10,2005.0,"['Comedy', 'Drama', 'Romance']",Andy Tennant,"['Will Smith', 'Eva Mendes', 'Kevin James']",70000000,368100420,298100420,425.8577428571429,6.4,1665,34.576913,118.0,en
10603,George of the Jungle,1997-07-15,1997.0,"['Adventure', 'Comedy', 'Family', 'Romance']",Sam Weisman,"['Brendan Fraser', 'Leslie Mann', 'Thomas Haden Church']",55000000,0,-55000000,-100.0,5.4,496,22.573237,92.0,en
8273,American Wedding,2003-08-01,2003.0,"['Comedy', 'Romance']",Jesse Dylan,"['Jason Biggs', 'Alyson Hannigan', 'Seann William Scott']",55000000,231449203,176449203,320.8167327272727,6.0,1129,36.194802,103.0,en
109424,Captain Phillips,2013-10-10,2013.0,"['Action', 'Drama', 'Thriller']",Paul Greengrass,"['Tom Hanks', 'Catherine Keener', 'Max Martini']",55000000,95000000,40000000,72.72727272727273,7.6,2454,52.786917,134.0,en
35056,Date Night,2010-04-08,2010.0,['Comedy'],Shawn Levy,"['Tina Fey', 'Steve Carell', 'Mark Wahlberg']",55000000,152263880,97263880,176.84341818181818,5.9,1122,38.06168,97.0,en
8839,Casper,1995-05-26,1995.0,"['Fantasy', 'Comedy', 'Family']",Brad Silberling,"['Christina Ricci', 'Bill Pullman', 'Cathy Moriarty']",50000000,287928194,237928194,475.856388,6.0,1019,19.830132,100.0,en
156022,The Equalizer,2014-09-24,2014.0,"['Thriller', 'Action', 'Crime']",Antoine Fuqua,"['Denzel Washington', 'Marton Csokas', 'Chloë Grace Moretz']",55000000,192330738,137330738,249.69225090909092,7.1,2954,79.922059,132.0,en
7303,Maid in Manhattan,2002-12-13,2002.0,"['Comedy', 'Drama', 'Romance']",Wayne Wang,"['Jennifer Lopez', 'Ralph Fiennes', 'Natasha Richardson']",55000000,154906693,99906693,181.64853272727274,5.6,485,19.738215,105.0,en
8963,Crimson Tide,1995-05-12,1995.0,"['Action', 'Thriller', 'Drama']",Tony Scott,"['Denzel Washington', 'Gene Hackman', 'Matt Craven']",53000000,157387195,104387195,196.95697169811322,7.0,498,20.334629,116.0,en
1402,The Pursuit of Happyness,2006-12-14,2006.0,['Drama'],Gabriele Muccino,"['Will Smith', 'Jaden Smith', 'Thandie Newton']",55000000,307077295,252077295,458.3223545454546,7.7,2525,80.581367,117.0,en
9315,Flightplan,2005-09-22,2005.0,"['Thriller', 'Drama', 'Mystery']",Robert Schwentke,"['Jodie Foster', 'Peter Sarsgaard', 'Sean Bean']",55000000,223387299,168387299,306.15872545454545,6.1,772,32.05145,98.0,en
8984,Disclosure,1994-12-09,1994.0,"['Drama', 'Thriller', 'Crime', 'Mystery', 'Romance']",Barry Levinson,"['Michael Douglas', 'Demi Moore', 'Donald Sutherland']",55000000,214015089,159015089,289.1183436363636,5.9,210,15.064058,123.0,en
795,City of Angels,1998-04-10,1998.0,"['Drama', 'Fantasy', 'Romance']",Brad Silberling,"['Nicolas Cage', 'Meg Ryan', 'Andre Braugher']",55000000,198685114,143685114,261.2456618181818,6.4,529,21.272734,114.0,en
24,Kill Bill: Vol. 1,2003-10-10,2003.0,"['Action', 'Crime']",Quentin Tarantino,"['Uma Thurman', 'Lucy Liu', 'Vivica A. Fox']",30000000,180949000,150949000,503.16333333333336,7.7,4949,79.754966,111.0,en
11353,Bowfinger,1999-08-12,1999.0,['Comedy'],Frank Oz,"['Steve Martin', 'Eddie Murphy', 'Heather Graham']",55000000,0,-55000000,-100.0,6.0,254,13.191829,97.0,en
393,Kill Bill: Vol. 2,2004-04-16,2004.0,"['Action', 'Crime', 'Thriller']",Quentin Tarantino,"['Uma Thurman', 'David Carradine', 'Daryl Hannah']",30000000,152159461,122159461,407.19820333333337,7.6,3948,50.622607,136.0,en
9618,Tango & Cash,1989-12-22,1989.0,"['Action', 'Adventure', 'Comedy']",Andrei Konchalovsky,"['Sylvester Stallone', 'Kurt Russell', 'Teri Hatcher']",55000000,63408614,8408614,15.28838909090909,6.1,458,22.787667,104.0,en
9374,Death Becomes Her,1992-07-30,1992.0,"['Fantasy', 'Comedy']",Robert Zemeckis,"['Meryl Streep', 'Bruce Willis', 'Goldie Hawn']",55000000,149022650,94022650,170.95027272727273,6.3,636,29.498304,104.0,en
8584,Shanghai Noon,2000-05-26,2000.0,"['Adventure', 'Action', 'Comedy', 'Western']",Tom Dey,"['Jackie Chan', 'Owen Wilson', 'Lucy Liu']",55000000,56932305,1932305,3.5132818181818184,6.2,735,25.400935,110.0,en
2320,Executive Decision,1996-03-15,1996.0,"['Action', 'Adventure', 'Drama', 'Thriller']",Stuart Baird,"['Kurt Russell', 'Steven Seagal', 'Halle Berry']",55000000,121969216,66969216,121.76221090909092,5.8,256,17.231675,133.0,en
58224,Mr. Popper's Penguins,2011-06-17,2011.0,"['Comedy', 'Family']",Mark Waters,"['Jim Carrey', 'Carla Gugino', 'Madeline Carroll']",55000000,187361754,132361754,240.65773454545453,5.7,751,32.835777,94.0,en
1729,The Forbidden Kingdom,2008-04-18,2008.0,"['Action', 'Adventure', 'Fantasy']",Rob Minkoff,"['Jackie Chan', 'Jet Li', 'Michael Angarano']",55000000,127906624,72906624,132.55749818181818,6.3,461,17.097041,104.0,en
175574,Free Birds,2013-10-30,2013.0,"['Animation', 'Comedy', 'Family']",Jimmy Hayward,"['Owen Wilson', 'Woody Harrelson', 'Amy Poehler']",55000000,110000000,55000000,100.0,5.7,254,14.414937,91.0,en
8077,Alien³,1992-05-22,1992.0,"['Science Fiction', 'Action', 'Horror']",David Fincher,"['Sigourney Weaver', 'Charles S. Dutton', 'Charles Dance']",50000000,159773545,109773545,219.54709000000003,6.2,1633,45.856409,114.0,en
8818,Evita,1996-12-14,1996.0,"['History', 'Drama', 'Music']",Alan Parker,"['Madonna', 'Antonio Banderas', 'Jonathan Pryce']",55000000,141047179,86047179,156.44941636363637,5.9,120,7.027139,134.0,en
8195,Ronin,1998-09-25,1998.0,"['Action', 'Thriller', 'Crime', 'Adventure']",John Frankenheimer,"['Robert De Niro', 'Jean Reno', 'Natascha McElhone']",55000000,41610884,-13389116,-24.343847272727274,6.7,658,32.657488,122.0,en
10586,The Ghost and the Darkness,1996-10-11,1996.0,['Adventure'],Stephen Hopkins,"['Michael Douglas', 'Val Kilmer', 'Tom Wilkinson']",50000000,75000000,25000000,50.0,6.4,236,12.46525,109.0,en
116149,Paddington,2014-11-27,2014.0,"['Family', 'Comedy']",Paul King,"['Nicole Kidman', 'Peter Capaldi', 'Ben Whishaw']",55000000,259207227,204207227,371.2858672727273,7.0,883,39.882276,95.0,en
80035,The Watch,2012-07-26,2012.0,['Comedy'],Akiva Schaffer,"['Ben Stiller', 'Vince Vaughn', 'Jonah Hill']",68000000,68267862,267862,0.3939147058823529,5.3,881,39.395881,98.0,en
10632,The Hunted,2003-03-11,2003.0,"['Drama', 'Action', 'Thriller', 'Crime']",William Friedkin,"['Tommy Lee Jones', 'Benicio del Toro', 'Connie Nielsen']",55000000,34234008,-20765992,-37.75634909090909,6.0,189,8.634954,94.0,en
12117,Instinct,1999-06-04,1999.0,"['Drama', 'Mystery', 'Thriller']",Jon Turteltaub,"['Anthony Hopkins', 'Cuba Gooding Jr.', 'Donald Sutherland']",80000000,0,-80000000,-100.0,6.2,146,7.386394,126.0,en
1792,Stuck on You,2003-12-10,2003.0,['Comedy'],Bobby Farrelly,"['Matt Damon', 'Greg Kinnear', 'Eva Mendes']",55000000,33828318,-21171682,-38.493967272727275,5.1,188,8.802525,118.0,en
13260,Semi-Pro,2008-02-28,2008.0,['Comedy'],Kent Alterman,"['Will Ferrell', 'Maura Tierney', 'Woody Harrelson']",0,33472850,33472850,inf,5.4,251,10.449975,91.0,en
72197,The Pirates! In an Adventure with Scientists!,2012-03-12,2012.0,"['Animation', 'Adventure', 'Family', 'Comedy']",Peter Lord,"['Hugh Grant', 'Brendan Gleeson', 'Jeremy Piven']",60000000,118338361,58338361,97.23060166666667,6.4,374,23.700759,88.0,en
3580,Changeling,2008-01-30,2008.0,"['Crime', 'Drama', 'Mystery']",Clint Eastwood,"['Angelina Jolie', 'Jeffrey Donovan', 'John Malkovich']",55000000,113020255,58020255,105.49137272727273,7.3,1131,27.50916,141.0,en
12123,Chain Reaction,1996-08-02,1996.0,"['Action', 'Drama', 'Science Fiction', 'Thriller']",Andrew Davis,"['Keanu Reeves', 'Morgan Freeman', 'Rachel Weisz']",50000000,60209334,10209334,20.418668,5.3,284,20.58862,107.0,en
9566,The Fan,1996-08-15,1996.0,"['Drama', 'Mystery', 'Thriller']",Tony Scott,"['Robert De Niro', 'Wesley Snipes', 'Ellen Barkin']",55000000,18626419,-36373581,-66.13378363636365,5.7,194,4.366488,116.0,en
9833,The Phantom of the Opera,2004-12-08,2004.0,"['Thriller', 'Drama', 'Romance']",Joel Schumacher,"['Gerard Butler', 'Emmy Rossum', 'Patrick Wilson']",70000000,154648887,84648887,120.92698142857144,7.0,438,18.927463,143.0,en
4517,Elizabeth: The Golden Age,2007-09-09,2007.0,"['Drama', 'History', 'Romance']",Shekhar Kapur,"['Cate Blanchett', 'Clive Owen', 'Geoffrey Rush']",55000000,74237563,19237563,34.97738727272727,6.6,303,15.274137,114.0,en
8202,Æon Flux,2005-11-30,2005.0,"['Action', 'Science Fiction']",Karyn Kusama,"['Charlize Theron', 'Marton Csokas', 'Jonny Lee Miller']",62000000,52304001,-9695999,-15.63870806451613,5.4,703,29.954302,93.0,en
16072,Gods and Generals,2003-02-21,2003.0,"['Drama', 'History', 'War']",Ronald F. Maxwell,"['Stephen Lang', 'Jeff Daniels', 'Robert Duvall']",56000000,12923936,-43076064,-76.92154285714285,6.1,48,4.362535,214.0,en
34314,Turbulence,1997-01-09,1997.0,"['Action', 'Thriller', 'Crime']",Robert Butler,"['Ray Liotta', 'Lauren Holly', 'Brendan Gleeson']",55000000,11466088,-43533912,-79.15256727272727,5.2,62,4.700024,100.0,en
19724,Imagine That,2009-06-19,2009.0,['Comedy'],Karey Kirkpatrick,"['Eddie Murphy', 'Thomas Haden Church', 'Yara Shahidi']",55000000,0,-55000000,-100.0,5.7,134,12.340384,107.0,en
145220,Muppets Most Wanted,2014-03-20,2014.0,"['Comedy', 'Adventure', 'Crime', 'Family']",James Bobin,"['Ricky Gervais', 'Ty Burrell', 'Tina Fey']",50000000,80383290,30383290,60.766580000000005,6.2,316,14.808304,112.0,en
14623,Thunderbirds,2004-07-23,2004.0,"['Action', 'Adventure', 'Comedy', 'Family', 'Fantasy', 'Science Fiction']",Jonathan Frakes,"['Brady Corbet', 'Soren Fulton', 'Debora Weston']",57000000,28283637,-28716363,-50.37958421052632,4.2,91,9.27875,95.0,en
42297,Burlesque,2010-11-23,2010.0,"['Drama', 'Romance']",Steve Antin,"['Cher', 'Christina Aguilera', 'Eric Dane']",55000000,89519773,34519773,62.76322363636364,6.9,573,22.863516,119.0,en
2841,A Very Long Engagement,2004-10-26,2004.0,['Drama'],Jean-Pierre Jeunet,"['Audrey Tautou', 'Gaspard Ulliel', 'Dominique Pinon']",47000000,0,-47000000,-100.0,7.1,346,23.05451,133.0,fr
802,Lolita,1962-06-13,1962.0,"['Drama', 'Romance']",Stanley Kubrick,"['James Mason', 'Sue Lyon', 'Shelley Winters']",2000000,9250000,7250000,362.5,7.3,395,23.962109,153.0,en
10375,D-Tox,2002-01-04,2002.0,"['Action', 'Thriller']",Jim Gillespie,"['Sylvester Stallone', 'Courtney B. Vance', 'Tom Berenger']",55000000,6416302,-48583698,-88.33399636363637,5.3,123,12.669778,96.0,en
36586,Blade II,2002-03-22,2002.0,"['Fantasy', 'Horror', 'Action', 'Thriller']",Guillermo del Toro,"['Wesley Snipes', 'Kris Kristofferson', 'Ron Perlman']",54000000,155010032,101010032,187.05561481481482,6.2,1528,67.169587,117.0,en
11321,Seven Pounds,2008-12-18,2008.0,['Drama'],Gabriele Muccino,"['Will Smith', 'Rosario Dawson', 'Sarah Jane Morris']",55000000,168167691,113167691,205.75943818181818,7.5,2039,41.472404,123.0,en
70074,Bullet to the Head,2013-01-31,2013.0,"['Action', 'Crime', 'Thriller']",Walter Hill,"['Sylvester Stallone', 'Sung Kang', 'Sarah Shahi']",55000000,9489829,-45510171,-82.74576545454545,5.2,481,22.503935,92.0,en
242,The Godfather: Part III,1990-12-24,1990.0,"['Crime', 'Drama', 'Thriller']",Francis Ford Coppola,"['Al Pacino', 'Diane Keaton', 'Andy García']",54000000,136766062,82766062,153.27048518518518,7.1,1546,59.194915,162.0,en
9621,Elizabethtown,2005-10-06,2005.0,"['Comedy', 'Drama', 'Romance']",Cameron Crowe,"['Orlando Bloom', 'Kirsten Dunst', 'Susan Sarandon']",57000000,52034889,-4965111,-8.710721052631579,6.1,327,22.894898,123.0,en
1819,"You, Me and Dupree",2006-07-14,2006.0,"['Comedy', 'Romance']",Anthony Russo,"['Kate Hudson', 'Owen Wilson', 'Matt Dillon']",54000000,130431368,76431368,141.53957037037037,5.4,407,18.600367,108.0,en
8536,Superman II,1980-12-04,1980.0,"['Action', 'Adventure', 'Fantasy', 'Science Fiction']",Richard Lester,"['Gene Hackman', 'Christopher Reeve', 'Ned Beatty']",54000000,190458706,136458706,252.70130740740743,6.5,629,30.515175,127.0,en
8046,Gigli,2003-08-01,2003.0,['Drama'],Martin Brest,"['Ben Affleck', 'Jennifer Lopez', 'Justin Bartha']",54000000,7266209,-46733791,-86.54405740740741,3.5,104,9.053456,121.0,en
1717,All the King's Men,2006-09-10,2006.0,"['Drama', 'Thriller']",Steven Zaillian,"['Sean Penn', 'Jude Law', 'Kate Winslet']",55000000,9450897,-45549103,-82.8165509090909,5.7,95,7.768223,125.0,en
479,Shaft,2000-06-15,2000.0,"['Action', 'Adventure', 'Crime', 'Thriller']",John Singleton,"['Samuel L. Jackson', 'Jeffrey Wright', 'Christian Bale']",46000000,107196498,61196498,133.0358652173913,5.5,308,19.643365,99.0,en
9444,Anastasia,1997-11-20,1997.0,"['Animation', 'Family']",Gary Goldman,"['Meg Ryan', 'John Cusack', 'Christopher Lloyd']",53000000,139804348,86804348,163.7817886792453,7.4,1432,45.565918,94.0,en
824,Moulin Rouge!,2001-03-09,2001.0,"['Drama', 'Music', 'Romance']",Baz Luhrmann,"['Nicole Kidman', 'Ewan McGregor', 'John Leguizamo']",52500000,179213434,126713434,241.35892190476193,7.4,1300,57.374341,127.0,en
11456,Domestic Disturbance,2001-10-30,2001.0,"['Mystery', 'Thriller', 'Crime']",Harold Becker,"['John Travolta', 'Vince Vaughn', 'Teri Polo']",75000000,54249294,-20750706,-27.667607999999998,5.4,113,8.41856,89.0,en
261023,Black Mass,2015-09-04,2015.0,"['Crime', 'Drama']",Scott Cooper,"['Johnny Depp', 'Joel Edgerton', 'Benedict Cumberbatch']",53000000,98837872,45837872,86.48655094339622,6.3,1242,46.049902,122.0,en
3683,Flags of Our Fathers,2006-10-18,2006.0,"['War', 'Drama', 'History']",Clint Eastwood,"['Ryan Phillippe', 'Adam Beach', 'Jesse Bradford']",90000000,65900249,-24099751,-26.777501111111114,6.7,526,23.9366,132.0,en
22803,Law Abiding Citizen,2009-10-15,2009.0,"['Drama', 'Crime', 'Thriller']",F. Gary Gray,"['Jamie Foxx', 'Gerard Butler', 'Colm Meaney']",53000000,126690726,73690726,139.03910566037737,7.2,1486,49.593978,109.0,en
285923,Grindhouse,2007-04-06,2007.0,"['Thriller', 'Action', 'Horror']",Robert Rodriguez,"['Kurt Russell', 'Zoë Bell', 'Rosario Dawson']",67000000,25037897,-41962103,-62.63000447761195,6.8,459,16.637642,191.0,en
39437,Beloved,1998-10-16,1998.0,"['Drama', 'Thriller']",Jonathan Demme,"['Oprah Winfrey', 'Danny Glover', 'Thandie Newton']",0,0,0,,5.9,26,1.453765,172.0,en
1950,Lucky You,2007-05-01,2007.0,"['Drama', 'Romance']",Curtis Hanson,"['Eric Bana', 'Drew Barrymore', 'Robert Duvall']",0,5761917,5761917,inf,5.4,81,6.162872,124.0,en
640,Catch Me If You Can,2002-12-25,2002.0,"['Drama', 'Crime']",Steven Spielberg,"['Leonardo DiCaprio', 'Tom Hanks', 'Christopher Walken']",52000000,352114312,300114312,577.1429076923077,7.7,3795,73.944049,141.0,en
97630,Zero Dark Thirty,2012-12-19,2012.0,"['Thriller', 'Drama', 'History']",Kathryn Bigelow,"['Jessica Chastain', 'Jason Clarke', 'Mark Strong']",40000000,132820716,92820716,232.05179,6.7,1702,38.306954,157.0,en
9767,The Break-Up,2006-06-01,2006.0,"['Romance', 'Comedy']",Peyton Reed,"['Vince Vaughn', 'Jennifer Aniston', 'Joey Lauren Adams']",52000000,204999686,152999686,294.23016538461536,5.6,832,26.251217,106.0,en
11631,Mamma Mia!,2008-07-03,2008.0,"['Comedy', 'Romance']",Phyllida Lloyd,"['Meryl Streep', 'Pierce Brosnan', 'Amanda Seyfried']",52000000,609841637,557841637,1072.772378846154,6.4,1386,30.780599,108.0,en
32856,Valentine's Day,2010-02-10,2010.0,"['Comedy', 'Romance']",Garry Marshall,"['Jessica Alba', 'Jessica Biel', 'Bradley Cooper']",52000000,216485654,164485654,316.3185653846154,5.7,1013,25.41929,125.0,en
6519,The Dukes of Hazzard,2005-08-05,2005.0,"['Action', 'Adventure', 'Comedy']",Jay Chandrasekhar,"['Johnny Knoxville', 'Seann William Scott', 'Jessica Simpson']",50000000,110803676,60803676,121.60735199999999,5.1,316,15.98212,104.0,en
8741,The Thin Red Line,1998-12-25,1998.0,"['Drama', 'History', 'War']",Terrence Malick,"['Sean Penn', 'Adrien Brody', 'Jim Caviezel']",52000000,98126565,46126565,88.7049326923077,7.2,771,40.072583,170.0,en
49520,The Change-Up,2011-08-05,2011.0,['Comedy'],David Dobkin,"['Olivia Wilde', 'Ryan Reynolds', 'Jason Bateman']",52000000,75450437,23450437,45.09699423076923,5.9,736,32.015477,112.0,en
1850,Man on the Moon,1999-12-22,1999.0,"['Comedy', 'Drama', 'Romance']",Miloš Forman,"['Jim Carrey', 'Courtney Love', 'Bob Zmuda']",82000000,47434430,-34565570,-42.153134146341465,6.9,435,24.444186,118.0,en
524,Casino,1995-11-22,1995.0,"['Drama', 'Crime']",Martin Scorsese,"['Robert De Niro', 'Sharon Stone', 'Joe Pesci']",52000000,116112375,64112375,123.29302884615385,7.8,1307,40.06688,178.0,en
26389,From Paris with Love,2010-02-05,2010.0,"['Action', 'Crime', 'Thriller']",Pierre Morel,"['John Travolta', 'Jonathan Rhys Meyers', 'Kasia Smutniak']",52000000,52826594,826594,1.5896038461538462,6.1,675,27.916284,92.0,en
11817,Bulletproof Monk,2003-03-28,2003.0,"['Action', 'Comedy', 'Fantasy']",Paul Hunter,"['Seann William Scott', 'Jaime King', 'Karel Roden']",52000000,0,-52000000,-100.0,5.1,278,15.20707,104.0,en
2123,"Me, Myself & Irene",2000-06-22,2000.0,['Comedy'],Bobby Farrelly,"['Jim Carrey', 'Renée Zellweger', 'Anthony Anderson']",51000000,149270999,98270999,192.68823333333333,6.1,927,39.001682,116.0,en
9907,Barnyard,2006-08-04,2006.0,"['Animation', 'Comedy', 'Family']",Steve Oedekerk,"['Courteney Cox', 'Kevin James', 'Sam Elliott']",51000000,72779000,21779000,42.70392156862745,5.3,225,10.430832,90.0,en
9969,Deck the Halls,2006-11-22,2006.0,"['Comedy', 'Family']",John Whitesell,"['Danny DeVito', 'Matthew Broderick', 'Kristin Davis']",0,47231070,47231070,inf,5.1,109,5.952527,93.0,en
18239,The Twilight Saga: New Moon,2009-03-15,2009.0,"['Adventure', 'Fantasy', 'Drama', 'Romance']",Chris Weitz,"['Kristen Stewart', 'Robert Pattinson', 'Taylor Lautner']",50000000,709827462,659827462,1319.654924,5.6,2436,94.815867,130.0,en
808,Shrek,2001-05-16,2001.0,"['Adventure', 'Animation', 'Comedy', 'Family', 'Fantasy']",Andrew Adamson,"['Mike Myers', 'Eddie Murphy', 'Cameron Diaz']",60000000,484409218,424409218,707.3486966666667,7.3,4056,67.298732,90.0,en
38050,The Adjustment Bureau,2011-03-03,2011.0,"['Science Fiction', 'Thriller', 'Romance']",George Nolfi,"['Matt Damon', 'Emily Blunt', 'John Slattery']",50200000,127869379,77669379,154.71987848605576,6.5,1652,26.60772,106.0,en
8367,Robin Hood: Prince of Thieves,1991-06-14,1991.0,['Adventure'],Kevin Reynolds,"['Kevin Costner', 'Morgan Freeman', 'Christian Slater']",48000000,390493908,342493908,713.5289750000001,6.6,909,28.803729,143.0,en
9390,Jerry Maguire,1996-12-06,1996.0,"['Comedy', 'Drama', 'Romance']",Cameron Crowe,"['Tom Cruise', 'Cuba Gooding Jr.', 'Renée Zellweger']",50000000,273552592,223552592,447.105184,6.7,913,27.039636,139.0,en
72105,Ted,2012-06-29,2012.0,"['Comedy', 'Fantasy']",Seth MacFarlane,"['Mark Wahlberg', 'Mila Kunis', 'Seth MacFarlane']",50000000,549368315,499368315,998.73663,6.3,4697,68.87691,106.0,en
2898,As Good as It Gets,1997-12-19,1997.0,"['Comedy', 'Romance']",James L. Brooks,"['Jack Nicholson', 'Helen Hunt', 'Greg Kinnear']",50000000,314178011,264178011,528.356022,7.2,915,37.885022,139.0,en
10312,Patch Adams,1998-12-25,1998.0,"['Comedy', 'Drama']",Tom Shadyac,"['Robin Williams', 'Philip Seymour Hoffman', 'Bob Gunton']",50000000,202292902,152292902,304.585804,7.0,832,35.537397,115.0,en
109443,Anchorman 2: The Legend Continues,2013-12-18,2013.0,['Comedy'],Adam McKay,"['Will Ferrell', 'Steve Carell', 'Paul Rudd']",50000000,173649015,123649015,247.29803,6.0,923,38.125008,119.0,en
2022,Mr. Deeds,2002-06-28,2002.0,"['Comedy', 'Romance']",Steven Brill,"['Adam Sandler', 'Winona Ryder', 'John Turturro']",50000000,171269535,121269535,242.53906999999998,5.6,644,18.121404,96.0,en
37686,Super 8,2011-06-08,2011.0,"['Thriller', 'Science Fiction', 'Mystery']",J.J. Abrams,"['Joel Courtney', 'Elle Fanning', 'Riley Griffiths']",50000000,260095987,210095987,420.191974,6.6,2435,37.069253,112.0,en
462,Erin Brockovich,2000-03-17,2000.0,['Drama'],Steven Soderbergh,"['Julia Roberts', 'Albert Finney', 'Aaron Eckhart']",52000000,256271286,204271286,392.8293961538461,7.1,716,30.347332,131.0,en
9919,How to Lose a Guy in 10 Days,2003-02-07,2003.0,"['Comedy', 'Romance']",Donald Petrie,"['Kate Hudson', 'Matthew McConaughey', 'Kathryn Hahn']",50000000,177371441,127371441,254.74288199999998,6.3,850,23.854701,116.0,en
187017,22 Jump Street,2014-06-05,2014.0,"['Crime', 'Comedy', 'Action']",Phil Lord,"['Jonah Hill', 'Channing Tatum', 'Dave Franco']",50000000,188441614,138441614,276.883228,7.0,3319,52.380982,112.0,en
628,Interview with the Vampire,1994-11-11,1994.0,"['Horror', 'Romance']",Neil Jordan,"['Brad Pitt', 'Tom Cruise', 'Kirsten Dunst']",60000000,223664608,163664608,272.77434666666664,7.2,1516,50.163785,123.0,en
10201,Yes Man,2008-12-09,2008.0,['Comedy'],Peyton Reed,"['Jim Carrey', 'Zooey Deschanel', 'Rhys Darby']",70000000,225990978,155990978,222.8442542857143,6.4,1813,43.849351,104.0,en
302699,Central Intelligence,2016-06-15,2016.0,"['Action', 'Comedy']",Rawson Marshall Thurber,"['Dwayne Johnson', 'Kevin Hart', 'Amy Ryan']",50000000,216972543,166972543,333.945086,6.2,1650,45.318703,107.0,en
9441,Stepmom,1998-12-25,1998.0,"['Drama', 'Romance']",Chris Columbus,"['Julia Roberts', 'Susan Sarandon', 'Ed Harris']",0,0,0,,6.9,277,16.368283,124.0,en
274167,Daddy's Home,2015-12-25,2015.0,['Comedy'],Sean Anders,"['Will Ferrell', 'Mark Wahlberg', 'Linda Cardellini']",50000000,242786137,192786137,385.572274,5.8,854,38.616744,96.0,en
224141,Into the Woods,2014-12-25,2014.0,"['Fantasy', 'Comedy', 'Music']",Rob Marshall,"['Meryl Streep', 'Emily Blunt', 'James Corden']",50000000,212902372,162902372,325.80474399999997,5.6,1652,65.90161,125.0,en
388,Inside Man,2006-03-23,2006.0,"['Crime', 'Drama', 'Thriller']",Spike Lee,"['Denzel Washington', 'Clive Owen', 'Jodie Foster']",45000000,184376254,139376254,309.7250088888889,7.3,1630,45.220386,129.0,en
2112,Payback,1999-02-05,1999.0,"['Drama', 'Action', 'Thriller', 'Crime']",Brian Helgeland,"['Mel Gibson', 'Kris Kristofferson', 'Gregg Henry']",90000000,161626121,71626121,79.58457888888888,6.7,548,17.457947,100.0,en
10329,Congo,1995-06-09,1995.0,"['Action', 'Adventure', 'Drama', 'Mystery', 'Science Fiction', 'Thriller']",Frank Marshall,"['Laura Linney', 'Dylan Walsh', 'Ernie Hudson']",50000000,152022101,102022101,204.04420199999998,5.0,213,10.755847,109.0,en
74465,We Bought a Zoo,2011-12-22,2011.0,"['Drama', 'Comedy', 'Family']",Cameron Crowe,"['Matt Damon', 'Scarlett Johansson', 'Thomas Haden Church']",50000000,120081841,70081841,140.163682,6.5,909,38.629763,124.0,en
13811,Knowing,2009-03-19,2009.0,"['Action', 'Adventure', 'Drama', 'Mystery', 'Science Fiction', 'Thriller']",Alex Proyas,"['Nicolas Cage', 'Rose Byrne', 'Chandler Canterbury']",50000000,155446362,105446362,210.892724,5.9,1486,32.693093,121.0,en
6877,Failure to Launch,2006-03-10,2006.0,['Comedy'],Tom Dey,"['Matthew McConaughey', 'Sarah Jessica Parker', 'Zooey Deschanel']",50000000,88715192,38715192,77.430384,5.5,399,18.806031,97.0,en
10320,The Ring Two,2005-03-17,2005.0,"['Drama', 'Horror', 'Thriller']",Hideo Nakata,"['Naomi Watts', 'Simon Baker', 'Elizabeth Perkins']",50000000,161451538,111451538,222.903076,5.4,632,32.233713,110.0,en
50646,"Crazy, Stupid, Love.",2011-07-29,2011.0,"['Comedy', 'Drama', 'Romance']",Glenn Ficarra,"['Steve Carell', 'Julianne Moore', 'Ryan Gosling']",50000000,142851197,92851197,185.702394,7.0,2443,37.990705,118.0,en
8920,Garfield,2004-06-10,2004.0,"['Animation', 'Comedy', 'Family']",Peter Hewitt,"['Bill Murray', 'Breckin Meyer', 'Jennifer Love Hewitt']",50000000,200804534,150804534,301.609068,5.2,820,17.667826,80.0,en
13673,Christmas with the Kranks,2004-11-24,2004.0,"['Comedy', 'Family']",Joe Roth,"['Tim Allen', 'Jamie Lee Curtis', 'Dan Aykroyd']",60000000,0,-60000000,-100.0,5.2,193,9.225166,99.0,en
60308,Moneyball,2011-09-22,2011.0,['Drama'],Bennett Miller,"['Brad Pitt', 'Jonah Hill', 'Philip Seymour Hoffman']",50000000,110206216,60206216,120.412432,7.0,1381,46.180421,133.0,en
6950,Outbreak,1995-03-10,1995.0,"['Action', 'Drama', 'Science Fiction', 'Thriller']",Wolfgang Petersen,"['Dustin Hoffman', 'Rene Russo', 'Morgan Freeman']",50000000,189859560,139859560,279.71912,6.3,513,30.397496,127.0,en
225574,Non-Stop,2014-01-26,2014.0,"['Action', 'Thriller', 'Mystery']",Jaume Collet-Serra,"['Liam Neeson', 'Julianne Moore', 'Scoot McNairy']",50000000,222809600,172809600,345.61920000000003,6.8,2268,83.295796,106.0,en
13836,Race to Witch Mountain,2009-03-12,2009.0,"['Adventure', 'Family', 'Fantasy', 'Science Fiction', 'Thriller', 'Action']",Andy Fickman,"['Dwayne Johnson', 'AnnaSophia Robb', 'Alexander Ludwig']",50000000,106303988,56303988,112.60797600000001,5.5,509,23.935053,98.0,en
752,V for Vendetta,2006-03-15,2006.0,"['Action', 'Thriller', 'Fantasy']",James McTeigue,"['Natalie Portman', 'Hugo Weaving', 'Stephen Rea']",54000000,132511035,78511035,145.39080555555554,7.7,4442,84.630969,132.0,en
6038,Shanghai Knights,2003-02-06,2003.0,"['Action', 'Adventure', 'Comedy', 'Western']",David Dobkin,"['Jackie Chan', 'Owen Wilson', 'Fann Wong']",50000000,88323487,38323487,76.646974,6.0,692,16.251204,115.0,en
9975,Curious George,2006-02-10,2006.0,"['Adventure', 'Animation', 'Comedy', 'Family']",Matthew O'Callaghan,"['Will Ferrell', 'Drew Barrymore', 'David Cross']",50000000,69834815,19834815,39.66963,6.2,106,9.894346,86.0,en
11451,Herbie Fully Loaded,2005-06-22,2005.0,"['Comedy', 'Family', 'Adventure', 'Fantasy', 'Romance']",Angela Robinson,"['Lindsay Lohan', 'Michael Keaton', 'Matt Dillon']",50000000,66002004,16002004,32.004008,5.1,542,12.050755,101.0,en
12103,Don't Say a Word,2001-09-28,2001.0,['Thriller'],Gary Fleder,"['Michael Douglas', 'Sean Bean', 'Brittany Murphy']",50000000,100020092,50020092,100.04018400000001,6.0,220,11.596207,113.0,en
60304,Hansel & Gretel: Witch Hunters,2013-01-17,2013.0,"['Fantasy', 'Horror', 'Action']",Tommy Wirkola,"['Jeremy Renner', 'Gemma Arterton', 'Famke Janssen']",50000000,224803475,174803475,349.60695,5.7,3239,53.02787,88.0,en
2251,Unfaithful,2002-05-10,2002.0,"['Thriller', 'Drama']",Adrian Lyne,"['Richard Gere', 'Diane Lane', 'Olivier Martinez']",50000000,119137784,69137784,138.275568,6.3,276,14.382253,124.0,en
46529,I Am Number Four,2011-02-18,2011.0,"['Action', 'Thriller', 'Science Fiction', 'Adventure']",D.J. Caruso,"['Alex Pettyfer', 'Timothy Olyphant', 'Teresa Palmer']",50000000,144492830,94492830,188.98566000000002,5.9,1567,43.450266,109.0,en
231,Syriana,2005-11-23,2005.0,"['Drama', 'Thriller']",Stephen Gaghan,"['George Clooney', 'Matt Damon', 'Jeffrey Wright']",50000000,94000000,44000000,88.0,6.3,451,16.871194,128.0,en
300671,13 Hours: The Secret Soldiers of Benghazi,2016-01-13,2016.0,"['Action', 'Drama', 'History', 'Thriller', 'War']",Michael Bay,"['James Badge Dale', 'John Krasinski', 'Max Martini']",50000000,69411370,19411370,38.82274,7.0,938,42.526529,144.0,en
228326,The Book of Life,2014-10-01,2014.0,"['Romance', 'Animation', 'Adventure', 'Comedy', 'Family', 'Fantasy']",Jorge R. Gutierrez,"['Diego Luna', 'Channing Tatum', 'Zoe Saldana']",50000000,97437106,47437106,94.874212,7.3,755,34.890999,95.0,en
9754,Firewall,2006-02-10,2006.0,['Thriller'],Richard Loncraine,"['Harrison Ford', 'Paul Bettany', 'Virginia Madsen']",45000000,82800000,37800000,84.0,5.6,267,18.186026,105.0,en
66,Absolute Power,1997-02-14,1997.0,"['Crime', 'Drama', 'Thriller']",Clint Eastwood,"['Clint Eastwood', 'Gene Hackman', 'Ed Harris']",50000000,50068310,68310,0.13662,6.4,223,13.576765,121.0,en
4421,G.I. Jane,1997-08-22,1997.0,"['Action', 'Drama']",Ridley Scott,"['Demi Moore', 'Viggo Mortensen', 'Anne Bancroft']",50000000,48169156,-1830844,-3.661688,6.0,395,19.434672,125.0,en
2649,The Game,1997-09-12,1997.0,"['Drama', 'Thriller', 'Mystery']",David Fincher,"['Michael Douglas', 'Sean Penn', 'Deborah Kara Unger']",50000000,109423648,59423648,118.84729599999999,7.5,1506,62.925175,129.0,en
588,Silent Hill,2006-04-21,2006.0,"['Horror', 'Mystery']",Christophe Gans,"['Radha Mitchell', 'Sean Bean', 'Laurie Holden']",50000000,97607453,47607453,95.214906,6.3,1067,32.927994,125.0,en
10393,The Replacements,2000-08-07,2000.0,['Comedy'],Howard Deutch,"['Keanu Reeves', 'Gene Hackman', 'Brooke Langton']",0,0,0,,6.1,203,14.837288,118.0,en
71552,American Reunion,2012-04-04,2012.0,['Comedy'],Jon Hurwitz,"['Jason Biggs', 'Alyson Hannigan', 'Seann William Scott']",50000000,234989584,184989584,369.979168,6.1,1611,39.920035,113.0,en
9631,The Negotiator,1998-07-29,1998.0,"['Action', 'Adventure', 'Crime', 'Drama', 'Mystery', 'Thriller']",F. Gary Gray,"['Samuel L. Jackson', 'Kevin Spacey', 'David Morse']",50000000,44547681,-5452319,-10.904638,6.8,582,28.725621,140.0,en
216282,Into the Storm,2014-08-06,2014.0,"['Action', 'Thriller']",Steven Quale,"['Richard Armitage', 'Sarah Wayne Callies', 'Matt Walsh']",50000000,160602194,110602194,221.204388,5.8,817,20.566554,89.0,en
306,Beverly Hills Cop III,1994-05-24,1994.0,"['Action', 'Comedy', 'Crime']",John Landis,"['Eddie Murphy', 'Judge Reinhold', 'Héctor Elizondo']",50000000,119208989,69208989,138.417978,5.5,434,20.333953,104.0,en
928,Gremlins 2: The New Batch,1990-06-15,1990.0,"['Comedy', 'Horror', 'Fantasy']",Joe Dante,"['Zach Galligan', 'Phoebe Cates', 'John Glover']",50000000,41482207,-8517793,-17.035586,6.2,652,33.98637,106.0,en
205587,The Judge,2014-10-08,2014.0,['Drama'],David Dobkin,"['Robert Duvall', 'Robert Downey Jr.', 'Vera Farmiga']",50000000,83719388,33719388,67.438776,7.2,1417,42.472324,141.0,en
6623,The Peacemaker,1997-09-26,1997.0,"['Action', 'Thriller']",Mimi Leder,"['George Clooney', 'Nicole Kidman', 'Marcel Iureș']",50000000,0,-50000000,-100.0,5.8,255,15.931084,124.0,en
1577,Resident Evil: Apocalypse,2004-09-10,2004.0,"['Horror', 'Action', 'Science Fiction']",Alexander Witt,"['Milla Jovovich', 'Sienna Guillory', 'Oded Fehr']",45000000,129394835,84394835,187.54407777777777,6.1,1267,29.880122,94.0,en
9801,Bridget Jones: The Edge of Reason,2004-11-10,2004.0,"['Comedy', 'Romance']",Beeban Kidron,"['Renée Zellweger', 'Hugh Grant', 'Colin Firth']",50000000,40203020,-9796980,-19.59396,6.1,750,28.803802,108.0,en
2116,Out of Time,2003-10-03,2003.0,"['Thriller', 'Crime', 'Drama']",Carl Franklin,"['Denzel Washington', 'Eva Mendes', 'Sanaa Lathan']",50000000,55495563,5495563,10.991126,6.1,298,14.993459,105.0,en
9624,On Deadly Ground,1994-02-18,1994.0,"['Action', 'Thriller']",Steven Seagal,"['Steven Seagal', 'Michael Caine', 'Joan Chen']",50000000,49000000,-1000000,-2.0,4.5,104,9.114168,102.0,en
14199,The Adventures of Sharkboy and Lavagirl,2005-06-10,2005.0,"['Adventure', 'Family', 'Science Fiction']",Robert Rodriguez,"['Taylor Lautner', 'Taylor Dooley', 'Cayden Boyd']",50000000,69425966,19425966,38.851932,4.4,269,12.31101,92.0,en
1907,The Beach,2000-02-11,2000.0,"['Drama', 'Adventure', 'Romance', 'Thriller']",Danny Boyle,"['Leonardo DiCaprio', 'Guillaume Canet', 'Tilda Swinton']",40000000,144056873,104056873,260.1421825,6.3,1233,41.362082,119.0,en
4599,Raising Helen,2004-05-27,2004.0,"['Drama', 'Comedy', 'Romance']",Garry Marshall,"['Kate Hudson', 'John Corbett', 'Joan Cusack']",50000000,49718611,-281389,-0.562778,5.9,189,13.298205,119.0,en
22832,Ninja Assassin,2009-09-29,2009.0,"['Action', 'Crime', 'Thriller']",James McTeigue,"['Rain', 'Naomie Harris', 'Sung Kang']",40000000,60462347,20462347,51.1558675,6.2,371,19.085403,99.0,en
10390,For Love of the Game,1999-09-17,1999.0,"['Drama', 'Romance']",Sam Raimi,"['Kevin Costner', 'Kelly Preston', 'John C. Reilly']",50000000,0,-50000000,-100.0,6.3,88,9.622345,137.0,en
9879,Striptease,1996-06-28,1996.0,"['Drama', 'Thriller', 'Crime']",Andrew Bergman,"['Demi Moore', 'Burt Reynolds', 'Armand Assante']",50000000,113309743,63309743,126.619486,4.4,205,11.106006,115.0,en
38579,Marmaduke,2010-06-04,2010.0,"['Family', 'Comedy']",Tom Dey,"['Owen Wilson', 'Emma Stone', 'George Lopez']",50000000,83761844,33761844,67.523688,5.0,149,12.25622,87.0,en
44603,Hereafter,2010-10-15,2010.0,"['Drama', 'Fantasy']",Clint Eastwood,"['Matt Damon', 'Bryce Dallas Howard', 'George McLaren']",50000000,105197635,55197635,110.39527,5.8,510,13.365715,129.0,en
11892,Murder by Numbers,2002-04-19,2002.0,"['Crime', 'Drama', 'Thriller']",Barbet Schroeder,"['Sandra Bullock', 'Ben Chaplin', 'Ryan Gosling']",50000000,56714147,6714147,13.428294,6.0,268,16.167093,120.0,en
9691,Assassins,1995-10-06,1995.0,"['Action', 'Adventure', 'Crime', 'Thriller']",Richard Donner,"['Sylvester Stallone', 'Antonio Banderas', 'Julianne Moore']",50000000,30303072,-19696928,-39.393856,6.0,387,23.073933,132.0,en
1248,Hannibal Rising,2007-02-06,2007.0,"['Crime', 'Drama', 'Thriller']",Peter Webber,"['Gaspard Ulliel', 'Aaran Thomas', 'Gong Li']",50000000,82169884,32169884,64.33976799999999,6.0,654,6.567065,121.0,en
12220,The Story of Us,1999-10-13,1999.0,"['Comedy', 'Drama', 'Romance']",Rob Reiner,"['Bruce Willis', 'Michelle Pfeiffer', 'Rob Reiner']",50000000,58900031,8900031,17.800062,5.9,75,6.22577,95.0,en
72710,The Host,2013-03-22,2013.0,"['Action', 'Adventure', 'Romance', 'Science Fiction', 'Thriller']",Andrew Niccol,"['Saoirse Ronan', 'Diane Kruger', 'Jake Abel']",44000000,63327201,19327201,43.92545681818182,6.0,1817,42.933027,125.0,en
10782,Basic,2003-04-18,2003.0,"['Action', 'Drama', 'Mystery', 'Thriller', 'Crime']",John McTiernan,"['John Travolta', 'Connie Nielsen', 'Samuel L. Jackson']",50000000,42792561,-7207439,-14.414878,6.2,286,19.226763,98.0,en
9573,Blood Work,2002-08-04,2002.0,"['Crime', 'Drama', 'Mystery', 'Thriller']",Clint Eastwood,"['Clint Eastwood', 'Jeff Daniels', 'Anjelica Huston']",50000000,26199517,-23800483,-47.600966,6.1,206,10.089065,110.0,en
4959,The International,2009-02-03,2009.0,"['Drama', 'Thriller', 'Crime']",Tom Tykwer,"['Clive Owen', 'Naomi Watts', 'Armin Mueller-Stahl']",50000000,60161391,10161391,20.322782,6.0,368,13.391833,118.0,en
10061,Escape from L.A.,1996-08-09,1996.0,"['Action', 'Adventure', 'Science Fiction', 'Thriller']",John Carpenter,"['Kurt Russell', 'Stacy Keach', 'Steve Buscemi']",50000000,42277365,-7722635,-15.44527,5.6,373,21.637234,97.0,en
10386,The Iron Giant,1999-08-06,1999.0,"['Adventure', 'Animation', 'Family', 'Fantasy', 'Science Fiction']",Brad Bird,"['Eli Marienthal', 'Jennifer Aniston', 'Vin Diesel']",70000000,23159305,-46840695,-66.91527857142857,7.6,1436,61.245957,86.0,en
421,The Life Aquatic with Steve Zissou,2004-12-10,2004.0,"['Adventure', 'Comedy', 'Drama']",Wes Anderson,"['Bill Murray', 'Anjelica Huston', 'Cate Blanchett']",50000000,34808403,-15191597,-30.383194000000003,7.1,775,25.237969,119.0,en
316152,Free State of Jones,2016-06-24,2016.0,"['War', 'Action', 'Drama', 'History', 'Thriller']",Gary Ross,"['Matthew McConaughey', 'Gugu Mbatha-Raw', 'Mahershala Ali']",50000000,25035950,-24964050,-49.9281,6.6,428,21.589393,139.0,en
11615,The Life of David Gale,2003-02-21,2003.0,"['Drama', 'Thriller', 'Crime']",Alan Parker,"['Kevin Spacey', 'Kate Winslet', 'Laura Linney']",50000000,38955598,-11044402,-22.088804,7.3,480,22.442241,130.0,en
13498,Man of the House,2005-02-25,2005.0,"['Comedy', 'Action']",Stephen Herek,"['Tommy Lee Jones', 'Cedric the Entertainer', 'Christina Milian']",40000000,0,-40000000,-100.0,5.4,120,6.004422,100.0,en
241554,Run All Night,2015-03-11,2015.0,"['Action', 'Crime', 'Drama', 'Mystery', 'Thriller']",Jaume Collet-Serra,"['Liam Neeson', 'Ed Harris', 'Joel Kinnaman']",50000000,71561644,21561644,43.123287999999995,6.3,1148,74.64653,114.0,en
2252,Eastern Promises,2007-09-14,2007.0,"['Thriller', 'Crime', 'Mystery']",David Cronenberg,"['Naomi Watts', 'Viggo Mortensen', 'Vincent Cassel']",51500000,55112356,3612356,7.01428349514563,7.2,848,35.481169,100.0,en
11968,Into the Blue,2005-09-30,2005.0,"['Action', 'Thriller', 'Adventure', 'Crime']",John Stockwell,"['Paul Walker', 'Jessica Alba', 'Scott Caan']",50000000,44434439,-5565561,-11.131122,5.8,458,14.723467,110.0,en
10047,The Messenger: The Story of Joan of Arc,1999-10-18,1999.0,"['Adventure', 'Drama', 'Action', 'History', 'War']",Luc Besson,"['Milla Jovovich', 'Dustin Hoffman', 'Faye Dunaway']",60000000,66976317,6976317,11.627195,6.2,367,21.084542,148.0,fr
38319,Your Highness,2011-04-08,2011.0,['Comedy'],David Gordon Green,"['Danny McBride', 'James Franco', 'Natalie Portman']",49900000,26121638,-23778362,-47.65202805611222,5.2,501,21.408222,102.0,en
69668,Dream House,2011-09-30,2011.0,"['Drama', 'Thriller', 'Mystery']",Jim Sheridan,"['Daniel Craig', 'Naomi Watts', 'Rachel Weisz']",50000000,38502340,-11497660,-22.99532,5.8,391,19.267479,84.0,en
9770,Mad City,1997-11-07,1997.0,"['Action', 'Drama', 'Thriller']",Costa-Gavras,"['John Travolta', 'Dustin Hoffman', 'Mia Kirshner']",50000000,10541523,-39458477,-78.91695399999999,5.9,81,3.314004,114.0,en
11212,Baby's Day Out,1994-07-01,1994.0,"['Action', 'Adventure', 'Comedy', 'Family']",Patrick Read Johnson,"['Joe Mantegna', 'Lara Flynn Boyle', 'Joe Pantoliano']",50000000,16671505,-33328495,-66.65699000000001,5.8,274,21.312186,99.0,en
10533,The Scarlet Letter,1995-10-13,1995.0,"['Drama', 'History', 'Romance']",Roland Joffé,"['Demi Moore', 'Gary Oldman', 'Robert Duvall']",50000000,10382407,-39617593,-79.235186,5.5,108,7.44268,135.0,en
38363,Fair Game,2010-05-20,2010.0,"['Drama', 'Thriller']",Doug Liman,"['Naomi Watts', 'Sean Penn', 'Ty Burrell']",22000000,24188922,2188922,9.949645454545454,6.5,235,12.54949,108.0,en
9923,Domino,2005-09-22,2005.0,"['Action', 'Crime']",Tony Scott,"['Keira Knightley', 'Mickey Rourke', 'Edgar Ramírez']",50000000,22944502,-27055498,-54.110996,6.0,444,18.394571,127.0,en
11863,Jade,1995-10-13,1995.0,"['Action', 'Thriller', 'Mystery', 'Romance']",William Friedkin,"['David Caruso', 'Linda Fiorentino', 'Chazz Palminteri']",50000000,9851610,-40148390,-80.29678,5.2,44,8.189406,95.0,en
18501,Gamer,2009-09-03,2009.0,"['Action', 'Thriller', 'Science Fiction']",Brian Taylor,"['Gerard Butler', 'Michael C. Hall', 'Logan Lerman']",50000000,40828540,-9171460,-18.34292,5.6,760,27.631262,95.0,en
109491,Beautiful Creatures,2013-02-13,2013.0,"['Fantasy', 'Drama', 'Romance']",Richard LaGravenese,"['Alden Ehrenreich', 'Alice Englert', 'Jeremy Irons']",60000000,60052138,52138,0.08689666666666666,5.6,984,40.721373,124.0,en
9275,Death to Smoochy,2002-03-28,2002.0,"['Comedy', 'Crime', 'Drama', 'Thriller']",Danny DeVito,"['Robin Williams', 'Catherine Keener', 'Edward Norton']",55000000,0,-55000000,-100.0,5.9,132,11.329727,109.0,en
329833,Zoolander 2,2016-02-06,2016.0,['Comedy'],Ben Stiller,"['Ben Stiller', 'Owen Wilson', 'Will Ferrell']",50000000,55969000,5969000,11.938,4.7,797,37.253774,100.0,en
12634,The Big Bounce,2004-01-30,2004.0,"['Comedy', 'Crime']",George Armitage,"['Owen Wilson', 'Morgan Freeman', 'Gary Sinise']",50000000,6808550,-43191450,-86.38289999999999,5.0,76,6.397388,88.0,en
10416,What Planet Are You From?,2000-03-03,2000.0,"['Comedy', 'Drama', 'Romance', 'Science Fiction']",Mike Nichols,"['Garry Shandling', 'Annette Bening', 'John Goodman']",60000000,0,-60000000,-100.0,5.4,37,2.275331,105.0,en
47327,Drive Angry,2011-02-24,2011.0,"['Fantasy', 'Thriller', 'Action', 'Crime']",Patrick Lussier,"['Nicolas Cage', 'Amber Heard', 'William Fichtner']",50000000,28931401,-21068599,-42.137198,5.3,600,30.387148,105.0,en
15268,Street Fighter: The Legend of Chun-Li,2009-02-27,2009.0,"['Action', 'Adventure', 'Science Fiction', 'Thriller']",Andrzej Bartkowiak,"['Kristin Kreuk', 'Chris Klein', 'Neal McDonough']",50000000,12764201,-37235799,-74.471598,3.9,112,8.139676,97.0,en
10796,The One,2001-11-02,2001.0,"['Action', 'Science Fiction', 'Thriller']",James Wong,"['Jet Li', 'Jason Statham', 'Carla Gugino']",49000000,72700000,23700000,48.36734693877551,5.7,437,21.746245,87.0,en
9548,The Adventures of Ford Fairlane,1990-07-11,1990.0,"['Action', 'Comedy', 'Thriller', 'Crime', 'Mystery']",Renny Harlin,"['Andrew Dice Clay', 'Wayne Newton', 'Priscilla Presley']",49000000,20423389,-28576611,-58.31961428571428,6.2,71,2.808428,104.0,en
18947,The Boat That Rocked,2009-04-01,2009.0,"['Drama', 'Comedy']",Richard Curtis,"['Tom Sturridge', 'Philip Seymour Hoffman', 'Rhys Ifans']",50000000,36348784,-13651216,-27.302432,7.2,666,31.02233,116.0,en
1900,Traffic,2000-12-27,2000.0,"['Thriller', 'Drama', 'Crime']",Steven Soderbergh,"['Michael Douglas', 'Benicio del Toro', 'Jacob Vargas']",48000000,207515725,159515725,332.3244270833333,6.9,562,25.170217,147.0,en
89,Indiana Jones and the Last Crusade,1989-05-24,1989.0,"['Adventure', 'Action']",Steven Spielberg,"['Harrison Ford', 'Sean Connery', 'Denholm Elliott']",48000000,474171806,426171806,887.8579291666666,7.6,3152,80.972475,127.0,en
96724,Anna Karenina,2012-09-06,2012.0,"['Drama', 'Romance']",Joe Wright,"['Keira Knightley', 'Jude Law', 'Aaron Taylor-Johnson']",0,68929150,68929150,inf,6.5,639,26.38704,130.0,en
198184,Chappie,2015-03-04,2015.0,"['Crime', 'Action', 'Science Fiction']",Neill Blomkamp,"['Sharlto Copley', 'Dev Patel', 'Ninja']",49000000,104399548,55399548,113.06030204081632,6.6,3062,116.700319,120.0,en
9481,The Bone Collector,1999-11-04,1999.0,"['Drama', 'Mystery', 'Thriller', 'Crime']",Phillip Noyce,"['Denzel Washington', 'Angelina Jolie', 'Queen Latifah']",73000000,151493655,78493655,107.52555479452054,6.5,826,33.884459,118.0,en
4547,Panic Room,2002-03-29,2002.0,"['Crime', 'Drama', 'Thriller']",David Fincher,"['Jodie Foster', 'Kristen Stewart', 'Forest Whitaker']",48000000,196397415,148397415,309.16128125,6.5,1267,53.043124,111.0,en
53953,The Tooth Fairy,2006-08-08,2006.0,['Horror'],Chuck Bowman,"['Lochlyn Munro', 'Chandra West', 'Steve Bacic']",0,0,0,,4.3,13,0.716764,0.0,de
6415,Three Kings,1999-09-27,1999.0,"['Action', 'Adventure', 'Comedy']",David O. Russell,"['George Clooney', 'Mark Wahlberg', 'Ice Cube']",75000000,108000000,33000000,44.0,6.6,692,34.973086,114.0,en
181283,Child 44,2015-03-15,2015.0,"['Crime', 'Thriller']",Daniel Espinosa,"['Tom Hardy', 'Gary Oldman', 'Noomi Rapace']",50000000,3324330,-46675670,-93.35134000000001,6.1,547,40.371098,137.0,en
9896,Rat Race,2001-07-30,2001.0,"['Adventure', 'Comedy']",Jerry Zucker,"['Cuba Gooding Jr.', 'Seth Green', 'Whoopi Goldberg']",48000000,85498534,37498534,78.12194583333333,6.0,518,18.60049,112.0,en
167,K-PAX,2001-10-22,2001.0,"['Drama', 'Science Fiction']",Iain Softley,"['Jeff Bridges', 'Kevin Spacey', 'Mary McCormack']",48000000,50315140,2315140,4.8232083333333335,7.1,695,30.920075,120.0,en
11232,Kate & Leopold,2001-12-25,2001.0,"['Comedy', 'Fantasy', 'Romance', 'Science Fiction']",James Mangold,"['Meg Ryan', 'Hugh Jackman', 'Liev Schreiber']",0,0,0,,6.0,418,11.940711,118.0,en
1636,Bedazzled,2000-10-19,2000.0,"['Fantasy', 'Comedy', 'Romance']",Harold Ramis,"['Elizabeth Hurley', 'Brendan Fraser', ""Frances O'Connor""]",48000000,90383208,42383208,88.29835,5.6,512,19.348007,93.0,en
2148,The Cotton Club,1984-12-14,1984.0,"['Music', 'Drama', 'Crime', 'Romance']",Francis Ford Coppola,"['Richard Gere', 'Gregory Hines', 'Diane Lane']",58000000,25928721,-32071279,-55.29530862068965,6.6,68,8.59075,127.0,en
5176,3:10 to Yuma,2007-09-06,2007.0,['Western'],James Mangold,"['Russell Crowe', 'Christian Bale', 'Logan Lerman']",55000000,70016220,15016220,27.302218181818183,6.9,1188,48.801089,122.0,en
260346,Taken 3,2014-12-16,2014.0,"['Thriller', 'Action']",Olivier Megaton,"['Liam Neeson', 'Forest Whitaker', 'Maggie Grace']",48000000,325771424,277771424,578.6904666666667,6.1,2200,88.844777,109.0,en
1389,Out of Sight,1998-06-26,1998.0,"['Romance', 'Comedy', 'Crime']",Steven Soderbergh,"['George Clooney', 'Jennifer Lopez', 'Ving Rhames']",48000000,77745568,29745568,61.96993333333334,6.5,333,16.000178,123.0,en
9894,The Cable Guy,1996-06-10,1996.0,"['Comedy', 'Drama', 'Thriller']",Ben Stiller,"['Jim Carrey', 'Matthew Broderick', 'Leslie Mann']",47000000,102825796,55825796,118.77828936170214,5.7,594,19.525659,96.0,en
7504,Earth,1998-09-16,1998.0,['Drama'],Deepa Mehta,"['Aamir Khan', 'Nandita Das', 'Maia Sethna']",0,528972,528972,inf,6.6,9,1.246883,101.0,hi
8592,Dick Tracy,1990-06-15,1990.0,"['Adventure', 'Action', 'Comedy', 'Thriller', 'Crime']",Warren Beatty,"['Warren Beatty', 'Al Pacino', 'Madonna']",47000000,103738726,56738726,120.72069361702127,5.9,251,7.859226,103.0,en
913,The Thomas Crown Affair,1999-08-06,1999.0,"['Drama', 'Crime', 'Romance']",John McTiernan,"['Pierce Brosnan', 'Rene Russo', 'Denis Leary']",48000000,124305181,76305181,158.96912708333332,6.6,339,18.102572,113.0,en
11091,Riding in Cars with Boys,2001-10-19,2001.0,"['Comedy', 'Drama', 'Romance']",Penny Marshall,"['Drew Barrymore', 'Steve Zahn', 'Adam Garcia']",48000000,35743308,-12256692,-25.534775,6.5,103,7.226115,132.0,en
1368,First Blood,1982-10-22,1982.0,"['Action', 'Adventure', 'Thriller', 'War']",Ted Kotcheff,"['Sylvester Stallone', 'Richard Crenna', 'Brian Dennehy']",15000000,125212904,110212904,734.7526933333334,7.2,1488,63.071046,93.0,en
593,Solaris,1972-03-20,1972.0,"['Drama', 'Science Fiction', 'Adventure', 'Mystery']",Andrei Tarkovsky,"['Donatas Banionis', 'Natalya Bondarchuk', 'Jüri Järvet']",0,0,0,,7.7,357,24.132271,167.0,ru
5393,Happily N'Ever After,2006-09-14,2006.0,"['Animation', 'Comedy', 'Family', 'Fantasy', 'Science Fiction']",Yvette Kaplan,"['George Carlin', 'Andy Dick', 'Sarah Michelle Gellar']",47000000,38085778,-8914222,-18.966429787234045,4.6,104,10.410933,75.0,en
9095,Mary Reilly,1996-02-23,1996.0,"['Drama', 'Horror', 'Thriller', 'Romance']",Stephen Frears,"['Julia Roberts', 'John Malkovich', 'George Cole']",47000000,12379402,-34620598,-73.66084680851064,5.7,74,6.067212,104.0,en
8874,My Best Friend's Wedding,1997-06-19,1997.0,"['Comedy', 'Romance']",P.J. Hogan,"['Julia Roberts', 'Dermot Mulroney', 'Cameron Diaz']",38000000,299288605,261288605,687.6015921052631,6.3,584,15.401855,105.0,en
11467,America's Sweethearts,2001-07-17,2001.0,"['Comedy', 'Romance']",Joe Roth,"['Julia Roberts', 'Billy Crystal', 'Catherine Zeta-Jones']",0,0,0,,5.5,252,10.698929,102.0,en
320,Insomnia,2002-05-24,2002.0,"['Crime', 'Mystery', 'Thriller']",Christopher Nolan,"['Al Pacino', 'Robin Williams', 'Hilary Swank']",46000000,113714830,67714830,147.20615217391304,6.8,1148,41.322708,118.0,en
199,Star Trek: First Contact,1996-11-21,1996.0,"['Science Fiction', 'Action', 'Adventure', 'Thriller']",Jonathan Frakes,"['Patrick Stewart', 'Jonathan Frakes', 'Brent Spiner']",46000000,150000000,104000000,226.08695652173913,7.0,661,25.6713,111.0,en
20533,Jonah Hex,2010-06-18,2010.0,"['Action', 'Western', 'Drama', 'Fantasy', 'Thriller']",Jimmy Hayward,"['Josh Brolin', 'John Malkovich', 'Megan Fox']",47000000,10539000,-36461000,-77.57659574468086,4.4,420,22.581313,80.0,en
10684,Courage Under Fire,1996-07-04,1996.0,"['Drama', 'Thriller', 'Mystery', 'War']",Edward Zwick,"['Denzel Washington', 'Meg Ryan', 'Lou Diamond Phillips']",46000000,100860818,54860818,119.26264782608695,6.2,232,12.971122,117.0,en
1624,Liar Liar,1997-03-21,1997.0,['Comedy'],Tom Shadyac,"['Jim Carrey', 'Maura Tierney', 'Cary Elwes']",45000000,181000000,136000000,302.22222222222223,6.4,1424,26.721386,86.0,en
325789,The Infiltrator,2016-07-13,2016.0,"['Crime', 'Drama', 'Thriller']",Brad Furman,"['Bryan Cranston', 'Diane Kruger', 'John Leguizamo']",25000000,15436808,-9563192,-38.252767999999996,6.6,573,24.672234,127.0,en
113464,Inchon,1981-05-04,1981.0,"['Drama', 'History', 'War']",Terence Young,"['Laurence Olivier', 'Jacqueline Bisset', 'Ben Gazzara']",46000000,5200000,-40800000,-88.69565217391305,6.5,2,0.146783,140.0,en
888,The Flintstones,1994-05-26,1994.0,"['Fantasy', 'Comedy', 'Family']",Brian Levant,"['John Goodman', 'Elizabeth Perkins', 'Rick Moranis']",46000000,341631208,295631208,642.6765391304348,5.0,543,28.964162,91.0,en
82675,Taken 2,2012-09-27,2012.0,"['Action', 'Crime', 'Thriller']",Olivier Megaton,"['Liam Neeson', 'Maggie Grace', 'Famke Janssen']",45000000,376141306,331141306,735.8695688888889,6.1,2757,49.353524,91.0,en
4256,Scary Movie 3,2003-10-24,2003.0,['Comedy'],David Zucker,"['Pamela Anderson', 'Jenny McCarthy', 'Marny Eng']",48000000,220673217,172673217,359.73586875,5.8,912,36.585509,84.0,en
1493,Miss Congeniality,2000-12-14,2000.0,"['Comedy', 'Crime', 'Action']",Donald Petrie,"['Sandra Bullock', 'Benjamin Bratt', 'Michael Caine']",45000000,212000000,167000000,371.11111111111114,6.1,961,32.624355,111.0,en
88751,Journey to the Center of the Earth,2008-07-10,2008.0,"['Action', 'Science Fiction', 'Adventure', 'Comedy', 'Family']",Eric Brevig,"['Brendan Fraser', 'Josh Hutcherson', 'Anita Briem']",45000000,101702060,56702060,126.00457777777778,5.8,1309,53.090422,93.0,en
11130,The Princess Diaries 2: Royal Engagement,2004-08-06,2004.0,"['Comedy', 'Drama', 'Family', 'Romance']",Garry Marshall,"['Anne Hathaway', 'Julie Andrews', 'Héctor Elizondo']",40000000,95149435,55149435,137.8735875,6.0,697,30.002907,113.0,en
9944,The Pelican Brief,1993-12-16,1993.0,"['Drama', 'Mystery', 'Thriller', 'Crime']",Alan J. Pakula,"['Julia Roberts', 'Denzel Washington', 'Sam Shepard']",45000000,195268056,150268056,333.92901333333333,6.3,371,17.923254,141.0,en
10731,The Client,1994-07-20,1994.0,"['Drama', 'Thriller', 'Crime', 'Mystery']",Joel Schumacher,"['Susan Sarandon', 'Tommy Lee Jones', 'Mary-Louise Parker']",45000000,117615211,72615211,161.36713555555556,6.4,278,17.746719,119.0,en
7350,The Bucket List,2007-12-25,2007.0,"['Drama', 'Comedy']",Rob Reiner,"['Jack Nicholson', 'Morgan Freeman', 'Sean Hayes']",45000000,175372502,130372502,289.7166711111111,7.0,1111,31.305336,97.0,en
9869,Patriot Games,1992-06-04,1992.0,"['Drama', 'Action', 'Thriller', 'Crime']",Phillip Noyce,"['Harrison Ford', 'Anne Archer', 'Patrick Bergin']",45000000,178051587,133051587,295.6701933333334,6.3,433,19.637704,117.0,en
4379,Monster-in-Law,2005-05-13,2005.0,"['Romance', 'Comedy']",Robert Luketic,"['Jennifer Lopez', 'Jane Fonda', 'Michael Vartan']",43000000,154749918,111749918,259.88353023255814,5.6,406,10.411996,101.0,en
146233,Prisoners,2013-09-18,2013.0,"['Drama', 'Thriller', 'Crime']",Denis Villeneuve,"['Hugh Jackman', 'Jake Gyllenhaal', 'Paul Dano']",46000000,122126687,76126687,165.49279782608696,7.9,3085,88.496873,153.0,en
2034,Training Day,2001-10-05,2001.0,"['Action', 'Crime', 'Drama', 'Thriller']",Antoine Fuqua,"['Denzel Washington', 'Ethan Hawke', 'Scott Glenn']",45000000,104876233,59876233,133.05829555555556,7.3,1634,52.081131,122.0,en
926,Galaxy Quest,1999-12-23,1999.0,"['Comedy', 'Family', 'Science Fiction']",Dean Parisot,"['Tim Allen', 'Sigourney Weaver', 'Alan Rickman']",45000000,90683916,45683916,101.51981333333333,6.9,710,30.816341,102.0,en
4248,Scary Movie 2,2001-07-04,2001.0,['Comedy'],Keenen Ivory Wayans,"['Anna Faris', 'Marlon Wayans', 'James DeBello']",45000000,141220678,96220678,213.8237288888889,5.4,982,35.376971,83.0,en
64328,The Muppets,2011-11-22,2011.0,"['Comedy', 'Family', 'Music']",James Bobin,"['Amy Adams', 'Jason Segel', 'Emily Blunt']",45000000,165184237,120184237,267.0760822222222,6.5,501,17.047276,103.0,en
36647,Blade,1998-08-21,1998.0,"['Horror', 'Action']",Stephen Norrington,"['Wesley Snipes', 'Stephen Dorff', 'Kris Kristofferson']",45000000,131183530,86183530,191.51895555555555,6.5,1905,43.815492,120.0,en
7214,Coach Carter,2005-01-14,2005.0,['Drama'],Thomas Carter,"['Samuel L. Jackson', 'Rob Brown', ""Robert Ri'chard""]",30000000,76669806,46669806,155.56601999999998,7.3,496,23.234651,136.0,en
1537,Changing Lanes,2002-04-07,2002.0,"['Action', 'Adventure', 'Crime', 'Thriller']",Roger Michell,"['Ben Affleck', 'Samuel L. Jackson', 'Kim Staunton']",45000000,94935764,49935764,110.96836444444445,5.9,299,17.270539,89.0,en
9360,Anaconda,1997-04-11,1997.0,"['Adventure', 'Horror', 'Thriller']",Luis Llosa,"['Jennifer Lopez', 'Ice Cube', 'Jon Voight']",45000000,136885767,91885767,204.1905933333333,4.7,610,27.684779,89.0,en
6282,Coyote Ugly,2000-07-30,2000.0,['Comedy'],David McNally,"['Piper Perabo', 'Adam Garcia', 'John Goodman']",45000000,113916474,68916474,153.14772000000002,5.8,575,26.79781,100.0,en
508,Love Actually,2003-09-07,2003.0,"['Comedy', 'Romance', 'Drama']",Richard Curtis,"['Keira Knightley', 'Heike Makatsch', 'Emma Thompson']",40000000,244931766,204931766,512.329415,7.0,1869,37.073127,135.0,en
9487,A Bug's Life,1998-11-25,1998.0,"['Adventure', 'Animation', 'Comedy', 'Family']",Andrew Stanton,"['Kevin Spacey', 'Julia Louis-Dreyfus', 'Hayden Panettiere']",120000000,363258859,243258859,202.71571583333335,6.8,2303,87.350802,95.0,en
768,From Hell,2001-10-19,2001.0,"['Horror', 'Mystery', 'Thriller']",Albert Hughes,"['Johnny Depp', 'Heather Graham', 'Ian Holm']",35000000,74558115,39558115,113.02318571428572,6.6,741,26.134678,122.0,en
2636,The Specialist,1994-10-07,1994.0,"['Action', 'Thriller']",Luis Llosa,"['Sylvester Stallone', 'Sharon Stone', 'James Woods']",45000000,170362582,125362582,278.58351555555555,5.5,313,16.582709,110.0,en
10478,Tin Cup,1996-08-16,1996.0,"['Comedy', 'Drama', 'Romance']",Ron Shelton,"['Kevin Costner', 'Don Johnson', 'Cheech Marin']",45000000,53854588,8854588,19.676862222222223,5.9,150,10.731574,135.0,en
27983,"Yours, Mine and Ours",1968-04-24,1968.0,"['Comedy', 'Drama', 'Family']",Melville Shavelson,"['Lucille Ball', 'Henry Fonda', 'Van Johnson']",0,0,0,,6.2,26,2.094151,111.0,en
9981,Kicking & Screaming,2005-05-13,2005.0,"['Romance', 'Comedy', 'Family']",Jesse Dylan,"['Will Ferrell', 'Robert Duvall', 'Kate Walsh']",45000000,56070433,11070433,24.600962222222222,5.6,176,8.99269,95.0,en
7453,The Hitchhiker's Guide to the Galaxy,2005-01-15,2005.0,"['Adventure', 'Comedy', 'Family', 'Science Fiction']",Garth Jennings,"['Martin Freeman', 'Zooey Deschanel', 'Sam Rockwell']",50000000,104478416,54478416,108.95683199999999,6.6,1315,51.742065,109.0,en
15045,Fat Albert,2004-12-12,2004.0,"['Comedy', 'Drama', 'Family']",Joel Zwick,"['Kenan Thompson', 'Shedrack Anderson III', 'Jermaine Williams']",0,0,0,,4.3,69,7.157635,93.0,en
7737,Resident Evil: Extinction,2007-09-20,2007.0,"['Horror', 'Action', 'Science Fiction']",Russell Mulcahy,"['Milla Jovovich', 'Oded Fehr', 'Ali Larter']",45000000,148412065,103412065,229.80458888888887,6.1,1292,12.06538,94.0,en
232672,Blended,2014-05-21,2014.0,['Comedy'],Frank Coraci,"['Drew Barrymore', 'Adam Sandler', 'Wendi McLendon-Covey']",40000000,123494610,83494610,208.736525,6.6,1006,44.120328,117.0,en
17379,Last Holiday,2006-01-13,2006.0,"['Adventure', 'Comedy', 'Drama']",Wayne Wang,"['Queen Latifah', 'LL Cool J', 'Timothy Hutton']",45000000,38399961,-6600039,-14.666753333333332,6.4,119,6.156015,112.0,en
8987,The River Wild,1994-09-30,1994.0,"['Action', 'Adventure', 'Crime', 'Thriller']",Curtis Hanson,"['Meryl Streep', 'David Strathairn', 'Kevin Bacon']",45000000,0,-45000000,-100.0,6.1,210,12.362876,111.0,en
11359,The Indian in the Cupboard,1995-07-14,1995.0,"['Adventure', 'Family', 'Fantasy']",Frank Oz,"['Hal Scardino', 'Litefoot', 'Lindsay Crouse']",45000000,0,-45000000,-100.0,5.9,134,11.095914,96.0,en
82525,Savages,2012-07-06,2012.0,"['Crime', 'Drama', 'Thriller']",Oliver Stone,"['Blake Lively', 'Taylor Kitsch', 'Aaron Taylor-Johnson']",45000000,82966152,37966152,84.36922666666666,6.2,766,31.856589,131.0,en
9759,Cellular,2004-09-06,2004.0,"['Action', 'Adventure', 'Crime', 'Thriller']",David R. Ellis,"['Chris Evans', 'Kim Basinger', 'Jason Statham']",25000000,56422687,31422687,125.690748,6.1,537,24.459948,94.0,en
9486,Johnny English,2003-04-06,2003.0,"['Adventure', 'Action', 'Comedy']",Peter Howitt,"['Rowan Atkinson', 'John Malkovich', 'Natalie Imbruglia']",40000000,160583018,120583018,301.45754500000004,6.0,852,28.029015,88.0,en
9906,The Ant Bully,2006-07-27,2006.0,"['Fantasy', 'Adventure', 'Animation', 'Comedy', 'Family']",John A. Davis,"['Julia Roberts', 'Meryl Streep', 'Nicolas Cage']",50000000,55181129,5181129,10.362258,5.5,366,20.239061,88.0,en
841,Dune,1984-12-14,1984.0,"['Action', 'Science Fiction', 'Adventure']",David Lynch,"['Kyle MacLachlan', 'Francesca Annis', 'Leonardo Cimino']",40000000,30925690,-9074310,-22.685775,6.5,562,25.876582,137.0,en
4688,Across the Universe,2007-09-14,2007.0,"['Adventure', 'Drama', 'Music', 'Romance']",Julie Taymor,"['Evan Rachel Wood', 'Jim Sturgess', 'Joe Anderson']",0,0,0,,7.1,410,11.872841,133.0,en
4148,Revolutionary Road,2008-12-19,2008.0,"['Drama', 'Romance']",Sam Mendes,"['Leonardo DiCaprio', 'Kate Winslet', 'Michael Shannon']",35000000,75225693,40225693,114.93055142857142,6.7,796,20.360549,119.0,en
2207,16 Blocks,2006-03-01,2006.0,"['Action', 'Adventure', 'Crime', 'Thriller']",Richard Donner,"['Bruce Willis', 'Yasiin Bey', 'David Morse']",55000000,65664721,10664721,19.390401818181818,6.2,661,32.31022,105.0,en
9381,Babylon A.D.,2008-08-20,2008.0,"['Action', 'Adventure', 'Science Fiction', 'Thriller']",Mathieu Kassovitz,"['Vin Diesel', 'Michelle Yeoh', 'Mélanie Thierry']",70000000,72108608,2108608,3.0122971428571432,5.4,676,27.568194,101.0,en
9625,The Glimmer Man,1996-10-04,1996.0,"['Action', 'Adventure', 'Crime', 'Drama', 'Thriller']",John Gray,"['Steven Seagal', 'Keenen Ivory Wayans', 'Bob Gunton']",45000000,0,-45000000,-100.0,4.7,100,6.250282,92.0,en
9304,Multiplicity,1996-07-19,1996.0,"['Comedy', 'Fantasy', 'Science Fiction']",Harold Ramis,"['Michael Keaton', 'Andie MacDowell', 'Harris Yulin']",45000000,0,-45000000,-100.0,5.5,154,11.120344,117.0,en
20856,Aliens in the Attic,2009-07-31,2009.0,"['Adventure', 'Comedy', 'Family', 'Fantasy', 'Science Fiction']",John Schultz,"['Carter Jenkins', 'Austin Butler', 'Kevin Nealon']",45000000,57881056,12881056,28.62456888888889,5.3,244,13.707183,86.0,en
5955,The Pledge,2001-01-09,2001.0,"['Crime', 'Drama', 'Mystery', 'Thriller']",Sean Penn,"['Jack Nicholson', 'Aaron Eckhart', 'Helen Mirren']",35000000,29400000,-5600000,-16.0,6.5,215,12.495436,123.0,en
9899,The Producers,2005-12-25,2005.0,"['Comedy', 'Music']",Susan Stroman,"['Matthew Broderick', 'Uma Thurman', 'Will Ferrell']",45000000,38058335,-6941665,-15.425922222222221,6.1,151,6.803965,134.0,en
9826,The Phantom,1996-06-06,1996.0,"['Adventure', 'Action']",Simon Wincer,"['Billy Zane', 'Kristy Swanson', 'Treat Williams']",45000000,17300889,-27699111,-61.55358,4.7,136,9.025236,100.0,en
21355,All the Pretty Horses,2000-12-11,2000.0,"['Drama', 'Romance', 'Western']",Billy Bob Thornton,"['Matt Damon', 'Henry Thomas', 'Penélope Cruz']",57000000,0,-57000000,-100.0,5.8,60,7.524671,117.0,en
10858,Nixon,1995-12-22,1995.0,"['History', 'Drama']",Oliver Stone,"['Anthony Hopkins', 'Joan Allen', 'Powers Boothe']",44000000,13681765,-30318235,-68.90507954545456,7.1,71,3.770161,192.0,en
11439,The Ghost Writer,2010-02-12,2010.0,"['Thriller', 'Mystery']",Roman Polanski,"['Ewan McGregor', 'Pierce Brosnan', 'Jon Bernthal']",45000000,60222298,15222298,33.82732888888889,6.7,670,21.118196,128.0,en
9457,Deep Rising,1998-01-30,1998.0,"['Adventure', 'Action', 'Horror', 'Science Fiction']",Stephen Sommers,"['Treat Williams', 'Famke Janssen', 'Anthony Heald']",45000000,11203026,-33796974,-75.10438666666667,6.0,154,6.513856,106.0,en
12412,Miracle at St. Anna,2008-09-15,2008.0,"['Drama', 'War']",Spike Lee,"['Derek Luke', 'Michael Ealy', 'Laz Alonso']",45000000,9323833,-35676167,-79.28037111111111,6.3,90,11.387408,160.0,en
1494,Curse of the Golden Flower,2006-12-21,2006.0,"['Action', 'Drama', 'Fantasy']",Zhang Yimou,"['Chow Yun-fat', 'Gong Li', 'Jay Chou']",110,0,-110,-100.0,6.6,203,9.950505,114.0,zh
13184,Bangkok Dangerous,2008-08-21,2008.0,"['Action', 'Crime', 'Thriller']",Danny Pang,"['Nicolas Cage', 'Shahkrit Yamnarm', 'Charlie Yeung']",45000000,42487390,-2512610,-5.583577777777777,5.0,332,14.813057,99.0,en
2185,Big Trouble,2002-04-05,2002.0,"['Action', 'Comedy', 'Thriller']",Barry Sonnenfeld,"['Tim Allen', 'Rene Russo', 'Patrick Warburton']",40000000,8493890,-31506110,-78.765275,6.3,80,5.201688,85.0,en
6639,Love in the Time of Cholera,2007-10-04,2007.0,"['Drama', 'Romance']",Mike Newell,"['Javier Bardem', 'Unax Ugalde', 'Benjamin Bratt']",45000000,4607608,-40392392,-89.7608711111111,6.4,81,5.361699,139.0,en
38153,Shadow Conspiracy,1997-01-31,1997.0,"['Action', 'Thriller']",George P. Cosmatos,"['Charlie Sheen', 'Donald Sutherland', 'Linda Hamilton']",45000000,2154540,-42845460,-95.21213333333334,4.0,11,3.848893,103.0,en
58233,Johnny English Reborn,2011-09-15,2011.0,"['Crime', 'Adventure', 'Action', 'Comedy', 'Thriller']",Oliver Parker,"['Rowan Atkinson', 'Dominic West', 'Gillian Anderson']",45000000,160078586,115078586,255.73019111111114,6.0,1007,35.6585,101.0,en
116977,Foodfight!,2012-06-15,2012.0,"['Animation', 'Action', 'Comedy', 'Family']",Lawrence Kasanoff,"['Charlie Sheen', 'Wayne Brady', 'Hilary Duff']",65000000,73706,-64926294,-99.88660615384616,2.3,28,5.258726,87.0,en
68734,Argo,2012-10-11,2012.0,"['Drama', 'Thriller']",Ben Affleck,"['Ben Affleck', 'Bryan Cranston', 'Alan Arkin']",44500000,232324128,187824128,422.07669213483143,7.1,3423,62.01056,120.0,en
5503,The Fugitive,1993-08-06,1993.0,"['Adventure', 'Action', 'Thriller', 'Crime', 'Mystery']",Andrew Davis,"['Harrison Ford', 'Tommy Lee Jones', 'Sela Ward']",44000000,368875760,324875760,738.354,7.2,1220,54.884297,130.0,en
27573,The Bounty Hunter,2010-03-16,2010.0,['Action'],Andy Tennant,"['Gerard Butler', 'Jennifer Aniston', 'Gio Perez']",40000000,136000000,96000000,240.0,5.5,858,33.747825,110.0,en
819,Sleepers,1996-10-18,1996.0,"['Crime', 'Drama', 'Thriller']",Barry Levinson,"['Robert De Niro', 'Brad Pitt', 'Kevin Bacon']",44000000,165615285,121615285,276.398375,7.3,715,16.245068,147.0,en
1369,Rambo: First Blood Part II,1985-05-21,1985.0,"['Action', 'Adventure', 'Thriller', 'War']",George P. Cosmatos,"['Sylvester Stallone', 'Richard Crenna', 'Charles Napier']",44000000,300400432,256400432,582.7282545454545,6.3,864,38.653969,96.0,en
9623,The Juror,1996-02-02,1996.0,"['Drama', 'Thriller']",Brian Gibson,"['Demi Moore', 'Alec Baldwin', 'Joseph Gordon-Levitt']",44000000,0,-44000000,-100.0,5.5,89,3.937352,118.0,en
10895,Pinocchio,1940-02-23,1940.0,"['Animation', 'Family']",Ben Sharpsteen,"['Mel Blanc', 'Don Brodie', 'Walter Catlett']",2600000,84300000,81700000,3142.3076923076924,6.9,1355,46.007991,88.0,en
10935,Heaven's Gate,1980-11-19,1980.0,"['Action', 'Drama', 'History', 'Western']",Michael Cimino,"['Kris Kristofferson', 'Christopher Walken', 'John Hurt']",44000000,3484331,-40515669,-92.08106590909091,6.4,55,5.380124,219.0,en
834,Underworld: Evolution,2006-01-12,2006.0,"['Fantasy', 'Action', 'Science Fiction', 'Thriller']",Len Wiseman,"['Kate Beckinsale', 'Scott Speedman', 'Tony Curran']",50000000,111340801,61340801,122.681602,6.4,1528,49.020045,106.0,en
228066,Victor Frankenstein,2015-11-10,2015.0,"['Drama', 'Science Fiction', 'Thriller']",Paul McGuigan,"['James McAvoy', 'Daniel Radcliffe', 'Jessica Brown Findlay']",40000000,34227298,-5772702,-14.431754999999999,5.6,685,24.821138,109.0,en
711,Finding Forrester,2000-12-21,2000.0,['Drama'],Gus Van Sant,"['Sean Connery', 'Rob Brown', 'F. Murray Abraham']",43000000,80049764,37049764,86.16224186046512,7.0,302,19.043286,136.0,en
10468,28 Days,2000-04-06,2000.0,"['Comedy', 'Drama']",Betty Thomas,"['Sandra Bullock', 'Viggo Mortensen', 'Dominic West']",43000000,0,-43000000,-100.0,6.0,208,5.418921,103.0,en
10027,Unleashed,2005-02-02,2005.0,"['Action', 'Crime']",Louis Leterrier,"['Jet Li', 'Morgan Freeman', 'Bob Hoskins']",45000000,50871113,5871113,13.046917777777779,6.6,518,25.999888,103.0,en
11812,The Sweetest Thing,2002-04-12,2002.0,"['Romance', 'Comedy']",Roger Kumble,"['Cameron Diaz', 'Christina Applegate', 'Thomas Jane']",43000000,68696770,25696770,59.75993023255815,5.3,280,18.65632,84.0,en
37233,The Firm,1993-06-30,1993.0,"['Drama', 'Mystery', 'Thriller']",Sydney Pollack,"['Tom Cruise', 'Jeanne Tripplehorn', 'Gene Hackman']",42000000,270248367,228248367,543.4484928571429,6.6,501,23.736535,154.0,en
37950,Charlie St. Cloud,2010-05-01,2010.0,['Drama'],Burr Steers,"['Zac Efron', 'Amanda Crew', 'Charlie Tahan']",44000000,48190704,4190704,9.524327272727273,6.8,566,21.75433,99.0,en
27582,The Mechanic,2011-01-13,2011.0,"['Action', 'Thriller', 'Crime']",Simon West,"['Jason Statham', 'Ben Foster', 'Donald Sutherland']",40000000,51070807,11070807,27.6770175,6.3,1045,44.094856,93.0,en
64688,21 Jump Street,2012-03-12,2012.0,"['Action', 'Comedy', 'Crime']",Phil Lord,"['Channing Tatum', 'Jonah Hill', 'Brie Larson']",42000000,201585328,159585328,379.96506666666664,6.7,4074,62.714026,109.0,en
509,Notting Hill,1999-05-13,1999.0,"['Romance', 'Comedy', 'Drama']",Roger Michell,"['Julia Roberts', 'Hugh Grant', 'Gina McKee']",42000000,363889678,321889678,766.4039952380953,7.0,1262,28.969151,124.0,en
7443,Chicken Run,2000-06-21,2000.0,"['Animation', 'Comedy', 'Family']",Nick Park,"['Mel Gibson', 'Miranda Richardson', 'Timothy Spall']",45000000,224834564,179834564,399.6323644444444,6.5,1150,31.789029,84.0,en
5966,Along Came Polly,2004-01-16,2004.0,"['Comedy', 'Romance']",John Hamburg,"['Ben Stiller', 'Jennifer Aniston', 'Philip Seymour Hoffman']",42000000,171963386,129963386,309.43663333333336,5.8,773,33.238296,90.0,en
11066,Boomerang,1992-06-30,1992.0,"['Comedy', 'Romance']",Reginald Hudlin,"['Eddie Murphy', 'Robin Givens', 'Halle Berry']",40000000,70100000,30100000,75.25,5.4,134,6.420434,117.0,en
136795,The Heat,2013-06-27,2013.0,"['Action', 'Comedy', 'Crime']",Paul Feig,"['Sandra Bullock', 'Melissa McCarthy', 'Demián Bichir']",43000000,158674180,115674180,269.00972093023256,6.5,1575,37.654688,117.0,en
8095,Cleopatra,1963-06-12,1963.0,"['Drama', 'History', 'Romance']",Joseph L. Mankiewicz,"['Elizabeth Taylor', 'Richard Burton', 'Rex Harrison']",31115000,71000000,39885000,128.18576249397398,6.7,146,13.244365,248.0,en
87826,Here Comes the Boom,2012-10-11,2012.0,['Comedy'],Frank Coraci,"['Salma Hayek', 'Kevin James', 'Henry Winkler']",0,73100172,73100172,inf,6.0,593,26.799913,105.0,en
11560,High Crimes,2002-04-03,2002.0,"['Drama', 'Mystery', 'Thriller', 'Crime']",Carl Franklin,"['Ashley Judd', 'Morgan Freeman', 'Jim Caviezel']",42000000,63781810,21781810,51.86145238095238,6.1,184,14.046705,115.0,en
25189,The Mirror Has Two Faces,1996-11-15,1996.0,"['Comedy', 'Drama', 'Romance']",Barbra Streisand,"['Barbra Streisand', 'Jeff Bridges', 'Lauren Bacall']",42000000,0,-42000000,-100.0,6.5,47,3.844926,126.0,en
2637,The Mothman Prophecies,2002-01-25,2002.0,"['Drama', 'Horror', 'Mystery']",Mark Pellington,"['Richard Gere', 'Laura Linney', 'Will Patton']",32000000,55157539,23157539,72.367309375,6.1,305,14.733513,119.0,en
18480,Brüno,2009-07-08,2009.0,['Comedy'],Larry Charles,"['Sacha Baron Cohen', 'Richard Bey', 'Ron Paul']",42000000,0,-42000000,-100.0,5.4,518,16.122168,83.0,en
709,Licence to Kill,1989-07-07,1989.0,"['Adventure', 'Action', 'Thriller']",John Glen,"['Timothy Dalton', 'Carey Lowell', 'Robert Davi']",32000000,156167015,124167015,388.02192187500003,5.9,541,28.22119,133.0,en
49730,Red Riding Hood,2011-03-11,2011.0,"['Fantasy', 'Thriller', 'Horror']",Catherine Hardwicke,"['Amanda Seyfried', 'Gary Oldman', 'Billy Burke']",42000000,89162162,47162162,112.2908619047619,5.6,922,45.151657,100.0,en
2749,15 Minutes,2001-03-01,2001.0,"['Action', 'Crime', 'Thriller']",John Herzfeld,"['Robert De Niro', 'Charlize Theron', 'Edward Burns']",60000000,56359980,-3640020,-6.0667,5.7,191,15.205371,120.0,en
9607,Super Mario Bros.,1993-05-28,1993.0,"['Adventure', 'Comedy', 'Family', 'Fantasy']",Annabel Jankel,"['Bob Hoskins', 'John Leguizamo', 'Dennis Hopper']",48000000,20915465,-27084535,-56.42611458333333,4.0,232,14.587367,104.0,en
1830,Lord of War,2005-09-16,2005.0,"['Crime', 'Drama', 'Thriller']",Andrew Niccol,"['Nicolas Cage', 'Bridget Moynahan', 'Jared Leto']",42000000,24127895,-17872105,-42.55263095238095,7.0,1335,34.828241,122.0,en
79,Hero,2002-12-19,2002.0,"['Drama', 'Adventure', 'Action', 'History']",Zhang Yimou,"['Jet Li', 'Tony Leung Chiu-Wai', 'Maggie Cheung']",31000000,177394432,146394432,472.2401032258064,7.2,635,23.607392,99.0,zh
54054,One for the Money,2012-01-26,2012.0,"['Action', 'Comedy', 'Crime']",Julie Anne Robinson,"['Katherine Heigl', ""Jason O'Mara"", 'Daniel Sunjata']",40000000,36893721,-3106279,-7.7656975,5.3,388,19.438503,91.0,en
228967,The Interview,2014-12-25,2014.0,"['Action', 'Comedy']",Seth Rogen,"['James Franco', 'Seth Rogen', 'Lizzy Caplan']",44000000,12342632,-31657368,-71.94856363636364,6.1,2304,74.168016,112.0,en
46528,The Warrior's Way,2010-12-02,2010.0,"['Adventure', 'Fantasy', 'Action', 'Western', 'Thriller']",Sngmoo Lee,"['Kate Bosworth', 'Jang Dong-gun', 'Geoffrey Rush']",42000000,11087569,-30912431,-73.60102619047619,6.3,136,7.349497,100.0,en
27936,Micmacs,2009-10-28,2009.0,"['Action', 'Comedy', 'Crime']",Jean-Pierre Jeunet,"['Dany Boon', 'Dominique Pinon', 'André Dussollier']",33000000,14000000,-19000000,-57.57575757575758,6.8,148,7.663515,100.0,fr
65,8 Mile,2002-11-08,2002.0,['Drama'],Curtis Hanson,"['Eminem', 'Mekhi Phifer', 'Brittany Murphy']",41000000,215000000,174000000,424.39024390243907,6.8,1626,32.798571,110.0,en
280391,Why I Did (Not) Eat My Father,2015-04-08,2015.0,"['Adventure', 'Comedy', 'Animation']",Jamel Debbouze,"['Jamel Debbouze', 'Arié Elmaleh', 'Mélissa Theuriau']",0,0,0,,5.3,125,5.794466,100.0,fr
9476,A Knight's Tale,2001-05-11,2001.0,"['Adventure', 'Drama', 'Romance', 'Action']",Brian Helgeland,"['Heath Ledger', 'Rufus Sewell', 'Shannyn Sossamon']",65000000,117487473,52487473,80.74995846153847,6.6,907,36.670399,132.0,en
10610,The Medallion,2003-08-15,2003.0,"['Thriller', 'Fantasy', 'Action', 'Comedy']",Gordon Chan,"['Jackie Chan', 'Lee Evans', 'Claire Forlani']",41000000,0,-41000000,-100.0,5.3,281,14.653718,88.0,en
745,The Sixth Sense,1999-08-06,1999.0,"['Mystery', 'Thriller', 'Drama']",M. Night Shyamalan,"['Bruce Willis', 'Toni Collette', 'Olivia Williams']",40000000,672806292,632806292,1582.01573,7.7,3147,73.085576,107.0,en
49527,Man on a Ledge,2012-01-13,2012.0,"['Action', 'Thriller', 'Crime']",Asger Leth,"['Sam Worthington', 'Elizabeth Banks', 'Jamie Bell']",42000000,46221189,4221189,10.05045,6.2,925,34.041407,102.0,en
73937,The Big Year,2011-10-13,2011.0,['Comedy'],David Frankel,"['Owen Wilson', 'Steve Martin', 'Jack Black']",41000000,7448385,-33551615,-81.83320731707317,5.6,248,9.419726,100.0,en
1885,The Karate Kid,1984-06-22,1984.0,['Drama'],John G. Avildsen,"['Ralph Macchio', 'Pat Morita', 'William Zabka']",8000000,90815558,82815558,1035.194475,6.9,891,28.456572,126.0,en
168672,American Hustle,2013-12-12,2013.0,"['Drama', 'Crime']",David O. Russell,"['Christian Bale', 'Bradley Cooper', 'Amy Adams']",40000000,251171807,211171807,527.9295175,6.8,2807,49.664128,138.0,en
18240,The Proposal,2009-06-01,2009.0,"['Comedy', 'Romance', 'Drama']",Anne Fletcher,"['Sandra Bullock', 'Ryan Reynolds', 'Mary Steenburgen']",40000000,317375031,277375031,693.4375775000001,6.7,1804,36.238968,108.0,en
10398,Double Jeopardy,1999-09-24,1999.0,"['Crime', 'Drama', 'Mystery', 'Thriller']",Bruce Beresford,"['Tommy Lee Jones', 'Ashley Judd', 'Bruce Greenwood']",70000000,177841558,107841558,154.05936857142856,6.2,278,19.439386,105.0,en
165,Back to the Future Part II,1989-11-20,1989.0,"['Adventure', 'Comedy', 'Family', 'Science Fiction']",Robert Zemeckis,"['Michael J. Fox', 'Christopher Lloyd', 'Lea Thompson']",40000000,332000000,292000000,730.0,7.4,3829,43.345252,108.0,en
240832,Lucy,2014-07-14,2014.0,"['Action', 'Science Fiction']",Luc Besson,"['Scarlett Johansson', 'Morgan Freeman', 'Choi Min-sik']",40000000,126546825,86546825,216.3670625,6.3,5878,115.241998,89.0,en
216015,Fifty Shades of Grey,2015-02-11,2015.0,"['Drama', 'Romance', 'Thriller']",Sam Taylor-Johnson,"['Dakota Johnson', 'Jamie Dornan', 'Jennifer Ehle']",40000000,571006128,531006128,1327.51532,5.2,3254,98.755657,125.0,en
12279,Spy Kids 3-D: Game Over,2003-07-25,2003.0,"['Action', 'Adventure', 'Comedy', 'Family', 'Science Fiction']",Robert Rodriguez,"['Antonio Banderas', 'Carla Gugino', 'Alexa PenaVega']",38000000,197011982,159011982,418.45258421052637,4.7,511,21.998734,84.0,en
1645,A Time to Kill,1996-07-24,1996.0,"['Crime', 'Drama', 'Thriller']",Joel Schumacher,"['Matthew McConaughey', 'Sandra Bullock', 'Samuel L. Jackson']",40000000,152266007,112266007,280.66501750000003,7.0,509,25.219805,149.0,en
11007,Cheaper by the Dozen,2003-12-24,2003.0,['Comedy'],Shawn Levy,"['Steve Martin', 'Bonnie Hunt', 'Piper Perabo']",40000000,190212113,150212113,375.5302825,6.0,699,26.516624,98.0,en
193756,Lone Survivor,2013-12-24,2013.0,"['Action', 'Drama', 'Thriller', 'War']",Peter Berg,"['Mark Wahlberg', 'Taylor Kitsch', 'Emile Hirsch']",40000000,149295601,109295601,273.23900249999997,7.4,1526,37.084384,121.0,en
11287,A League of Their Own,1992-07-01,1992.0,['Comedy'],Penny Marshall,"['Tom Hanks', 'Geena Davis', 'Madonna']",40000000,107458785,67458785,168.6469625,6.7,354,21.661028,128.0,en
259693,The Conjuring 2,2016-05-13,2016.0,['Horror'],James Wan,"['Patrick Wilson', 'Vera Farmiga', 'Madison Wolfe']",40000000,320170008,280170008,700.42502,7.0,1949,68.794673,134.0,en
37799,The Social Network,2010-09-30,2010.0,['Drama'],David Fincher,"['Jesse Eisenberg', 'Andrew Garfield', 'Justin Timberlake']",40000000,224920315,184920315,462.3007875,7.1,3391,69.27822,120.0,en
10184,He's Just Not That Into You,2009-02-06,2009.0,"['Comedy', 'Romance', 'Drama']",Ken Kwapis,"['Ben Affleck', 'Jennifer Aniston', 'Drew Barrymore']",40000000,177259441,137259441,343.1486025,6.2,959,26.253357,129.0,en
4257,Scary Movie 4,2006-04-13,2006.0,['Comedy'],David Zucker,"['Anna Faris', 'Regina Hall', 'Craig Bierko']",45000000,178262620,133262620,296.1391555555556,5.3,750,32.549282,83.0,en
4234,Scream 3,2000-02-03,2000.0,"['Horror', 'Mystery']",Wes Craven,"['David Arquette', 'Neve Campbell', 'Courteney Cox']",40000000,161834276,121834276,304.58569,5.7,736,24.992057,116.0,en
196,Back to the Future Part III,1990-05-25,1990.0,"['Adventure', 'Comedy', 'Family', 'Science Fiction']",Robert Zemeckis,"['Michael J. Fox', 'Christopher Lloyd', 'Mary Steenburgen']",40000000,244527583,204527583,511.3189575,7.1,2900,45.769562,118.0,en
257091,Get Hard,2015-03-26,2015.0,['Comedy'],Etan Cohen,"['Will Ferrell', 'Kevin Hart', 'Alison Brie']",40000000,111811453,71811453,179.5286325,5.9,944,36.301202,100.0,en
6114,Dracula,1992-11-13,1992.0,"['Romance', 'Horror']",Francis Ford Coppola,"['Gary Oldman', 'Winona Ryder', 'Anthony Hopkins']",40000000,215862692,175862692,439.65673,7.1,1056,45.022964,128.0,en
24803,Julie & Julia,2009-08-06,2009.0,"['Romance', 'Drama']",Nora Ephron,"['Meryl Streep', 'Amy Adams', 'Stanley Tucci']",40000000,129540499,89540499,223.85124749999997,6.6,560,22.853006,123.0,en
109410,42,2013-04-12,2013.0,['Drama'],Brian Helgeland,"['Chadwick Boseman', 'T.R. Knight', 'Harrison Ford']",40000000,95020213,55020213,137.5505325,6.8,787,31.884559,128.0,en
1213,The Talented Mr. Ripley,1999-12-25,1999.0,"['Thriller', 'Crime', 'Drama']",Anthony Minghella,"['Matt Damon', 'Gwyneth Paltrow', 'Jude Law']",40000000,128798265,88798265,221.9956625,7.0,767,31.385257,139.0,en
100042,Dumb and Dumber To,2014-11-12,2014.0,['Comedy'],Bobby Farrelly,"['Jim Carrey', 'Jeff Daniels', 'Rachel Melvin']",40000000,169837010,129837010,324.592525,5.4,1127,67.767785,110.0,en
9036,Eight Below,2006-02-17,2006.0,"['Adventure', 'Drama', 'Family']",Frank Marshall,"['Paul Walker', 'Bruce Greenwood', 'Moon Bloodgood']",40000000,120455994,80455994,201.13998500000002,6.7,542,24.287306,120.0,en
257211,The Intern,2015-09-24,2015.0,['Comedy'],Nancy Meyers,"['Robert De Niro', 'Anne Hathaway', 'Rene Russo']",35000000,194564672,159564672,455.89906285714284,7.1,1881,53.114573,121.0,en
323675,Ride Along 2,2016-01-14,2016.0,"['Action', 'Comedy']",Tim Story,"['Kevin Hart', 'Ice Cube', 'Olivia Munn']",40000000,124827316,84827316,212.06829,6.1,555,25.136082,102.0,en
9361,The Last of the Mohicans,1992-09-25,1992.0,"['Action', 'Adventure', 'Drama', 'History', 'Romance', 'War']",Michael Mann,"['Daniel Day-Lewis', 'Madeleine Stowe', 'Russell Means']",40000000,75505856,35505856,88.76464,7.1,732,37.776566,112.0,en
1677,Ray,2004-10-29,2004.0,"['Drama', 'Music']",Taylor Hackford,"['Jamie Foxx', 'Kerry Washington', 'Regina King']",40000000,124731534,84731534,211.82883499999997,7.2,467,21.743321,152.0,en
187,Sin City,2005-04-01,2005.0,"['Action', 'Thriller', 'Crime']",Robert Rodriguez,"['Jessica Alba', 'Devon Aoki', 'Clive Owen']",40000000,158733820,118733820,296.83455,7.2,2691,66.003433,124.0,en
7461,Vantage Point,2008-02-01,2008.0,"['Drama', 'Action', 'Thriller', 'Crime']",Pete Travis,"['Dennis Quaid', 'Matthew Fox', 'Forest Whitaker']",40000000,151161491,111161491,277.9037275,6.2,716,24.862767,90.0,en
16538,"I Love You, Man",2009-03-20,2009.0,['Comedy'],John Hamburg,"['Paul Rudd', 'Jason Segel', 'Rashida Jones']",41000000,91636986,50636986,123.50484390243903,6.5,515,25.391899,105.0,en
9889,Shallow Hal,2001-11-01,2001.0,"['Comedy', 'Romance']",Bobby Farrelly,"['Gwyneth Paltrow', 'Jack Black', 'Jason Alexander']",40000000,141069860,101069860,252.67464999999999,5.7,731,29.854773,114.0,en
820,JFK,1991-12-20,1991.0,"['Drama', 'Thriller', 'History']",Oliver Stone,"['Kevin Costner', 'Tommy Lee Jones', 'Gary Oldman']",40000000,205405498,165405498,413.51374500000003,7.5,502,26.82041,189.0,en
11565,Big Momma's House 2,2006-01-26,2006.0,"['Comedy', 'Crime']",John Whitesell,"['Martin Lawrence', 'Nia Long', 'Emily Procter']",40000000,138259062,98259062,245.64765500000001,5.4,371,17.61292,99.0,en
6073,The Mexican,2001-03-01,2001.0,"['Action', 'Comedy', 'Crime', 'Romance']",Gore Verbinski,"['Brad Pitt', 'Julia Roberts', 'James Gandolfini']",57000000,147845033,90845033,159.37725087719298,5.8,441,21.021809,123.0,en
16996,17 Again,2009-03-11,2009.0,['Comedy'],Burr Steers,"['Zac Efron', 'Leslie Mann', 'Matthew Perry']",20000000,136267476,116267476,581.3373799999999,6.1,1350,52.571674,102.0,en
193610,The Other Woman,2014-04-16,2014.0,"['Comedy', 'Romance']",Nick Cassavetes,"['Cameron Diaz', 'Leslie Mann', 'Kate Upton']",40000000,196781193,156781193,391.9529825,6.2,1437,34.519636,109.0,en
19912,The Final Destination,2009-08-26,2009.0,"['Horror', 'Mystery']",David R. Ellis,"['Bobby Campo', 'Shantel VanSanten', 'Nick Zano']",40000000,186167139,146167139,365.4178475,5.4,831,32.478077,82.0,en
296098,Bridge of Spies,2015-10-15,2015.0,"['Thriller', 'Drama']",Steven Spielberg,"['Tom Hanks', 'Mark Rylance', 'Amy Ryan']",40000000,165478348,125478348,313.69587,7.2,2583,48.445978,141.0,en
8007,Behind Enemy Lines,2001-11-17,2001.0,"['Action', 'Drama', 'Thriller', 'War']",John Moore,"['Owen Wilson', 'Gene Hackman', 'Gabriel Macht']",40000000,91753202,51753202,129.383005,6.0,457,24.012986,106.0,en
32823,Get Him to the Greek,2010-06-04,2010.0,['Comedy'],Nicholas Stoller,"['Jonah Hill', 'Russell Brand', 'Rose Byrne']",40000000,90029656,50029656,125.07413999999999,5.9,612,17.869443,109.0,en
4380,Shall We Dance?,2004-10-15,2004.0,"['Drama', 'Romance', 'Comedy']",Peter Chelsom,"['Richard Gere', 'Jennifer Lopez', 'Susan Sarandon']",50000000,170128460,120128460,240.25691999999998,5.9,297,14.231899,107.0,en
11551,Small Soldiers,1998-07-10,1998.0,"['Comedy', 'Adventure', 'Fantasy', 'Science Fiction', 'Action']",Joe Dante,"['Gregory Smith', 'Kirsten Dunst', 'Denis Leary']",40000000,54682547,14682547,36.7063675,6.2,511,23.088571,110.0,en
10336,Spawn,1997-07-31,1997.0,"['Action', 'Adventure', 'Fantasy', 'Horror', 'Science Fiction', 'Thriller']",Mark A.Z. Dippé,"['Michael Jai White', 'Martin Sheen', 'John Leguizamo']",40000000,87840042,47840042,119.600105,5.0,336,19.833664,96.0,en
11362,The Count of Monte Cristo,2002-01-23,2002.0,"['Action', 'Adventure', 'Drama', 'Thriller']",Kevin Reynolds,"['Jim Caviezel', 'Guy Pearce', 'Richard Harris']",35000000,75395048,40395048,115.41442285714285,7.3,453,26.595983,131.0,en
50348,The Lincoln Lawyer,2011-03-17,2011.0,"['Crime', 'Drama', 'Thriller']",Brad Furman,"['Matthew McConaughey', 'Marisa Tomei', 'Ryan Phillippe']",40000000,85412898,45412898,113.532245,7.0,902,26.072228,119.0,en
48138,Unknown,2011-02-16,2011.0,"['Action', 'Mystery', 'Thriller']",Jaume Collet-Serra,"['Liam Neeson', 'Diane Kruger', 'January Jones']",30000000,130786397,100786397,335.95465666666666,6.5,1265,38.643914,113.0,en
1124,The Prestige,2006-10-19,2006.0,"['Drama', 'Mystery', 'Thriller']",Christopher Nolan,"['Hugh Jackman', 'Christian Bale', 'Michael Caine']",40000000,109676311,69676311,174.1907775,8.0,4391,74.440708,130.0,en
227159,Horrible Bosses 2,2014-11-26,2014.0,['Comedy'],Sean Anders,"['Jason Bateman', 'Jason Sudeikis', 'Charlie Day']",42000000,107670357,65670357,156.35799285714285,6.1,1536,82.185281,108.0,en
68179,Escape from Planet Earth,2013-02-14,2013.0,"['Animation', 'Comedy', 'Adventure', 'Family', 'Science Fiction']",Callan Brunker,"['Brendan Fraser', 'Rob Corddry', 'Ricky Gervais']",40000000,74597643,34597643,86.4941075,5.7,332,18.14218,89.0,en
1579,Apocalypto,2006-12-07,2006.0,"['Action', 'Adventure', 'Drama', 'Thriller']",Mel Gibson,"['Rudy Youngblood', 'Raoul Max Trujillo', 'Gerardo Taracena']",40000000,120175290,80175290,200.438225,7.3,1221,41.570047,139.0,en
708,The Living Daylights,1987-06-29,1987.0,"['Action', 'Adventure', 'Thriller']",John Glen,"['Timothy Dalton', ""Maryam d'Abo"", 'Jeroen Krabbé']",40000000,191185897,151185897,377.9647425,6.2,440,23.331459,130.0,en
34851,Predators,2010-07-03,2010.0,"['Action', 'Science Fiction', 'Adventure', 'Thriller']",Nimród Antal,"['Topher Grace', 'Alice Braga', 'Laurence Fishburne']",40000000,126248813,86248813,215.62203250000002,6.0,1206,47.649554,107.0,en
9930,Legal Eagles,1986-06-18,1986.0,"['Comedy', 'Crime', 'Drama', 'Romance', 'Thriller']",Ivan Reitman,"['Robert Redford', 'Debra Winger', 'Daryl Hannah']",0,0,0,,5.8,51,7.519433,116.0,en
1586,Secret Window,2004-03-12,2004.0,"['Thriller', 'Mystery']",David Koepp,"['Johnny Depp', 'John Turturro', 'Timothy Hutton']",40000000,92913171,52913171,132.2829275,6.4,972,32.908414,96.0,en
2044,The Lake House,2006-06-16,2006.0,"['Romance', 'Drama', 'Mystery']",Alejandro Agresti,"['Keanu Reeves', 'Sandra Bullock', 'Shohreh Aghdashloo']",40000000,114830111,74830111,187.0752775,6.5,670,29.88736,99.0,en
9913,The Skeleton Key,2005-07-29,2005.0,"['Drama', 'Horror', 'Mystery', 'Thriller']",Iain Softley,"['Kate Hudson', 'Gena Rowlands', 'Peter Sarsgaard']",43000000,91974818,48974818,113.89492558139536,6.4,573,29.105407,104.0,en
71864,The Odd Life of Timothy Green,2012-08-15,2012.0,"['Fantasy', 'Drama', 'Comedy', 'Family']",Peter Hedges,"['Jennifer Garner', 'Joel Edgerton', 'Ron Livingston']",0,51854875,51854875,inf,6.5,386,16.394452,105.0,en
10761,Made of Honor,2008-05-02,2008.0,"['Comedy', 'Romance']",Paul Weiland,"['Patrick Dempsey', 'Michelle Monaghan', 'Kevin McKidd']",40000000,84601681,44601681,111.50420249999999,6.0,394,19.574774,101.0,en
209451,Jersey Boys,2014-06-05,2014.0,"['Music', 'Drama']",Clint Eastwood,"['Christopher Walken', 'Vincent Piazza', 'Freya Tingley']",40000000,67347013,27347013,68.3675325,6.8,255,14.199933,134.0,en
11975,The Rainmaker,1997-11-18,1997.0,"['Drama', 'Crime', 'Thriller']",Francis Ford Coppola,"['Matt Damon', 'Danny DeVito', 'Jon Voight']",40000000,45916769,5916769,14.791922499999998,6.7,235,12.229516,135.0,en
4970,Gothika,2003-11-21,2003.0,"['Horror', 'Thriller']",Mathieu Kassovitz,"['Halle Berry', 'Robert Downey Jr.', 'Charles S. Dutton']",40000000,141591324,101591324,253.97831000000002,5.8,629,27.303608,98.0,en
11831,Amistad,1997-12-03,1997.0,"['Drama', 'History', 'Mystery']",Steven Spielberg,"['Morgan Freeman', 'Nigel Hawthorne', 'Anthony Hopkins']",36000000,74000000,38000000,105.55555555555556,6.8,316,3.698276,155.0,en
9096,Medicine Man,1992-02-07,1992.0,['Adventure'],John McTiernan,"['Sean Connery', 'Lorraine Bracco', 'José Wilker']",40000000,0,-40000000,-100.0,5.8,114,7.021871,106.0,en
440,Aliens vs Predator: Requiem,2007-12-25,2007.0,"['Fantasy', 'Action', 'Science Fiction', 'Thriller', 'Horror']",Colin Strause,"['Steven Pasquale', 'Reiko Aylesworth', 'John Ortiz']",40000000,41797066,1797066,4.492665,4.9,740,39.381913,94.0,en
11011,Ri¢hie Ri¢h,1994-12-19,1994.0,"['Comedy', 'Family']",Donald Petrie,"['Macaulay Culkin', 'John Larroquette', 'Edward Herrmann']",40000000,0,-40000000,-100.0,5.4,415,14.398356,95.0,en
10641,Autumn in New York,2000-08-11,2000.0,"['Drama', 'Romance']",Joan Chen,"['Richard Gere', 'Winona Ryder', 'Anthony LaPaglia']",65000000,0,-65000000,-100.0,5.7,135,8.680334,103.0,en
11172,Music and Lyrics,2007-02-09,2007.0,"['Comedy', 'Music', 'Romance']",Marc Lawrence,"['Drew Barrymore', 'Hugh Grant', 'Scott Porter']",40000000,145896422,105896422,264.741055,6.2,554,17.659032,96.0,en
39513,Paul,2011-02-14,2011.0,"['Adventure', 'Comedy', 'Science Fiction']",Greg Mottola,"['Seth Rogen', 'Simon Pegg', 'Nick Frost']",40000000,97552050,57552050,143.880125,6.5,1789,43.151268,104.0,en
82687,The Guilt Trip,2012-12-19,2012.0,['Comedy'],Anne Fletcher,"['Seth Rogen', 'Barbra Streisand', 'Yvonne Strahovski']",40000000,41863726,1863726,4.659315,5.4,284,15.283444,95.0,en
41446,Scream 4,2011-04-11,2011.0,"['Horror', 'Mystery']",Wes Craven,"['David Arquette', 'Neve Campbell', 'Courteney Cox']",40000000,97138686,57138686,142.846715,6.1,902,35.21926,111.0,en
8224,8MM,1999-02-26,1999.0,"['Thriller', 'Crime', 'Mystery']",Joel Schumacher,"['Nicolas Cage', 'Joaquin Phoenix', 'James Gandolfini']",40000000,96618699,56618699,141.5467475,6.1,474,25.580272,123.0,en
10537,The Doors,1991-03-01,1991.0,"['Drama', 'Music']",Oliver Stone,"['Val Kilmer', 'Meg Ryan', 'Kyle MacLachlan']",38000000,34416893,-3583107,-9.42922894736842,6.7,275,10.794175,140.0,en
225886,Sex Tape,2014-07-17,2014.0,['Comedy'],Jake Kasdan,"['Cameron Diaz', 'Jason Segel', 'Rob Corddry']",40000000,126069509,86069509,215.17377249999998,5.3,1695,72.641296,97.0,en
10385,Hanging Up,2000-02-16,2000.0,"['Comedy', 'Drama']",Diane Keaton,"['Meg Ryan', 'Diane Keaton', 'Lisa Kudrow']",40000000,36037909,-3962091,-9.905227499999999,5.0,40,3.415534,94.0,en
55779,Final Destination 5,2011-08-12,2011.0,"['Horror', 'Mystery']",Steven Quale,"['Emma Bell', ""Nicholas D'Agosto"", 'Miles Fisher']",47000000,157887643,110887643,235.93115531914896,5.9,866,38.555482,92.0,en
10154,Mickey Blue Eyes,1999-08-16,1999.0,"['Comedy', 'Crime', 'Romance']",Kelly Makin,"['Hugh Grant', 'James Caan', 'Jeanne Tripplehorn']",0,0,0,,5.3,140,6.786117,102.0,en
10647,Pay It Forward,2000-10-12,2000.0,"['Drama', 'Romance']",Mimi Leder,"['Kevin Spacey', 'Helen Hunt', 'Haley Joel Osment']",40000000,55707411,15707411,39.2685275,7.0,432,24.313684,122.0,en
11431,Fever Pitch,2005-04-06,2005.0,"['Comedy', 'Drama', 'Romance']",Bobby Farrelly,"['Drew Barrymore', 'Jimmy Fallon', 'Jason Spevack']",30000000,50451307,20451307,68.17102333333334,5.9,182,9.965073,103.0,en
8457,Drillbit Taylor,2008-03-20,2008.0,['Comedy'],Steven Brill,"['Owen Wilson', 'Leslie Mann', 'Josh Peck']",40000000,0,-40000000,-100.0,5.5,275,15.055732,102.0,en
188161,A Million Ways to Die in the West,2014-05-22,2014.0,"['Comedy', 'Western']",Seth MacFarlane,"['Seth MacFarlane', 'Charlize Theron', 'Liam Neeson']",0,0,0,,5.8,1468,32.808675,116.0,en
8850,The Shadow,1994-07-01,1994.0,"['Adventure', 'Fantasy', 'Action', 'Thriller', 'Science Fiction']",Russell Mulcahy,"['Alec Baldwin', 'John Lone', 'Penelope Ann Miller']",25000000,48063435,23063435,92.25374,5.4,138,8.178203,108.0,en
64685,Extremely Loud & Incredibly Close,2011-12-24,2011.0,['Drama'],Stephen Daldry,"['Thomas Horn', 'Tom Hanks', 'Sandra Bullock']",40000000,55247881,15247881,38.1197025,6.9,708,31.066874,129.0,en
38357,Morning Glory,2010-01-12,2010.0,"['Comedy', 'Drama', 'Romance']",Roger Michell,"['Rachel McAdams', 'Harrison Ford', 'Patrick Wilson']",40000000,58785180,18785180,46.96295,6.1,412,22.491388,102.0,en
10060,Get Rich or Die Tryin',2005-11-09,2005.0,['Drama'],Jim Sheridan,"['50 Cent', 'Joy Bryant', 'Adewale Akinnuoye-Agbaje']",40000000,46442528,6442528,16.10632,6.3,186,12.885985,117.0,en
11398,The Art of War,2000-08-23,2000.0,"['Crime', 'Action', 'Adventure']",Christian Duguay,"['Wesley Snipes', 'Donald Sutherland', 'Maury Chaykin']",40000000,30199105,-9800895,-24.5022375,5.6,135,7.832337,117.0,en
1833,Rent,2005-11-23,2005.0,"['Drama', 'Romance']",Chris Columbus,"['Anthony Rapp', 'Adam Pascal', 'Rosario Dawson']",40000000,31670620,-8329380,-20.823449999999998,6.7,155,10.433667,135.0,en
10391,Bless the Child,2000-08-11,2000.0,"['Drama', 'Horror', 'Thriller', 'Crime']",Chuck Russell,"['Kim Basinger', 'Angela Bettis', 'Holliston Coleman']",40000000,0,-40000000,-100.0,4.9,71,3.321949,107.0,en
8970,The Out-of-Towners,1999-04-02,1999.0,['Comedy'],Sam Weisman,"['Steve Martin', 'Goldie Hawn', 'John Cleese']",75000000,29000000,-46000000,-61.33333333333333,5.0,45,4.842626,90.0,en
9306,The Island of Dr. Moreau,1996-08-23,1996.0,"['Fantasy', 'Horror', 'Science Fiction']",John Frankenheimer,"['Marlon Brando', 'Val Kilmer', 'David Thewlis']",40000000,49627779,9627779,24.0694475,4.6,147,13.210898,96.0,en
11370,The Musketeer,2001-09-07,2001.0,"['Action', 'Adventure', 'Drama']",Peter Hyams,"['Catherine Deneuve', 'Mena Suvari', 'Stephen Rea']",40000000,27053815,-12946185,-32.3654625,5.2,56,3.296933,104.0,en
12184,The Other Boleyn Girl,2008-02-28,2008.0,['Drama'],Justin Chadwick,"['Natalie Portman', 'Scarlett Johansson', 'Eric Bana']",35000000,0,-35000000,-100.0,6.4,477,22.939557,115.0,en
1921,Sweet November,2001-02-16,2001.0,"['Drama', 'Romance']",Pat O'Connor,"['Keanu Reeves', 'Charlize Theron', 'Jason Isaacs']",40000000,65754228,25754228,64.38557,6.4,278,19.372805,119.0,en
1683,The Reaping,2007-04-05,2007.0,['Horror'],Stephen Hopkins,"['Hilary Swank', 'David Morrissey', 'Idris Elba']",40000000,62771059,22771059,56.9276475,5.4,205,13.445697,99.0,en
203,Mean Streets,1973-10-02,1973.0,"['Drama', 'Crime']",Martin Scorsese,"['Harvey Keitel', 'Robert De Niro', 'David Proval']",500000,3000000,2500000,500.0,7.2,345,17.002096,110.0,en
11858,Renaissance Man,1994-06-03,1994.0,"['Comedy', 'War']",Penny Marshall,"['Danny DeVito', 'Mark Wahlberg', 'Gregory Hines']",40000000,24332324,-15667676,-39.16919,5.9,81,4.516953,128.0,en
62835,Colombiana,2011-07-27,2011.0,"['Action', 'Thriller', 'Crime', 'Drama']",Olivier Megaton,"['Zoe Saldana', 'Cliff Curtis', 'Callum Blue']",40000000,60965854,20965854,52.414635,6.5,824,33.785969,108.0,en
18937,Quest for Camelot,1998-05-15,1998.0,"['Fantasy', 'Animation', 'Drama', 'Romance', 'Family']",Frederik Du Chau,"['Jessalyn Gilsig', 'Cary Elwes', 'Gary Oldman']",40000000,38172500,-1827500,-4.56875,6.9,190,16.059443,86.0,en
13536,City By The Sea,2002-09-06,2002.0,"['Crime', 'Drama', 'Mystery']",Michael Caton-Jones,"['Robert De Niro', 'James Franco', 'Frances McDormand']",40000000,22433915,-17566085,-43.9152125,5.7,92,3.476966,108.0,en
15556,At First Sight,1999-01-15,1999.0,"['Drama', 'Romance']",Irwin Winkler,"['Val Kilmer', 'Mira Sorvino', 'Kelly McGillis']",0,0,0,,5.9,48,5.778724,128.0,en
10718,Torque,2004-01-16,2004.0,['Action'],Joseph Kahn,"['Martin Henderson', 'Ice Cube', 'Monet Mazur']",40000000,46546197,6546197,16.365492500000002,4.7,119,7.360793,84.0,en
11062,City Hall,1996-02-16,1996.0,"['Drama', 'Thriller']",Harold Becker,"['Al Pacino', 'John Cusack', 'Bridget Fonda']",0,0,0,,6.0,67,3.621837,111.0,en
10802,Showgirls,1995-09-22,1995.0,['Drama'],Paul Verhoeven,"['Elizabeth Berkley', 'Kyle MacLachlan', 'Gina Gershon']",45000000,20350754,-24649246,-54.77610222222222,4.9,256,14.513305,128.0,en
1887,Marie Antoinette,2006-05-24,2006.0,"['Drama', 'History']",Sofia Coppola,"['Kirsten Dunst', 'Jason Schwartzman', 'Judy Davis']",40000000,60474340,20474340,51.18585,6.5,642,22.364549,123.0,en
6071,Kiss of Death,1995-04-21,1995.0,"['Action', 'Crime', 'Drama', 'Thriller']",Barbet Schroeder,"['David Caruso', 'Samuel L. Jackson', 'Nicolas Cage']",40000000,0,-40000000,-100.0,5.7,81,6.90894,101.0,en
10461,Get Carter,2000-10-06,2000.0,"['Action', 'Drama', 'Thriller', 'Crime']",Stephen T. Kay,"['Sylvester Stallone', 'Miranda Richardson', 'Rachael Leigh Cook']",63600000,19412993,-44187007,-69.47642610062893,4.8,145,4.494788,102.0,en
80278,The Impossible,2012-09-09,2012.0,"['Thriller', 'Drama']",Juan Antonio Bayona,"['Naomi Watts', 'Ewan McGregor', 'Tom Holland']",42000000,180274123,138274123,329.2241023809524,7.0,2025,47.559928,113.0,en
12704,Ishtar,1987-05-15,1987.0,"['Action', 'Adventure', 'Comedy']",Elaine May,"['Warren Beatty', 'Dustin Hoffman', 'Isabelle Adjani']",55000000,14375181,-40624819,-73.86330727272727,4.2,28,2.410546,107.0,en
10315,Fantastic Mr. Fox,2009-10-23,2009.0,"['Adventure', 'Animation', 'Comedy', 'Family']",Wes Anderson,"['George Clooney', 'Meryl Streep', 'Jason Schwartzman']",40000000,46471023,6471023,16.1775575,7.5,1176,41.258956,87.0,en
16643,Life or Something Like It,2002-04-26,2002.0,"['Comedy', 'Drama', 'Romance']",Stephen Herek,"['Angelina Jolie', 'Edward Burns', 'Tony Shalhoub']",40000000,16872671,-23127329,-57.818322499999994,5.7,124,8.980846,103.0,en
2687,Memoirs of an Invisible Man,1992-02-28,1992.0,"['Comedy', 'Fantasy', 'Science Fiction']",John Carpenter,"['Chevy Chase', 'Daryl Hannah', 'Sam Neill']",40000000,14358033,-25641967,-64.1049175,5.7,125,7.222985,99.0,en
194,Amélie,2001-04-25,2001.0,"['Comedy', 'Romance']",Jean-Pierre Jeunet,"['Audrey Tautou', 'Mathieu Kassovitz', 'Rufus']",10000000,173921954,163921954,1639.2195399999998,7.8,3310,73.720244,122.0,fr
11025,New York Minute,2004-05-01,2004.0,['Comedy'],Dennie Gordon,"['Ashley Olsen', 'Mary-Kate Olsen', 'Eugene Levy']",0,0,0,,5.5,185,10.0403,91.0,en
8849,Alfie,2004-10-22,2004.0,['Comedy'],Charles Shyer,"['Jude Law', 'Marisa Tomei', 'Omar Epps']",60000000,13395939,-46604061,-77.673435,5.6,248,15.219263,103.0,en
78698,Big Miracle,2012-02-02,2012.0,"['Adventure', 'Drama', 'Romance']",Ken Kwapis,"['Drew Barrymore', 'John Krasinski', 'Kristen Bell']",40000000,24719215,-15280785,-38.2019625,6.6,152,8.303696,107.0,en
30943,The Deep End of the Ocean,1999-03-12,1999.0,"['Drama', 'Mystery']",Ulu Grosbard,"['Michelle Pfeiffer', 'Treat Williams', 'Whoopi Goldberg']",38000000,28121100,-9878900,-25.997105263157895,5.9,54,4.746085,106.0,en
9544,FearDotCom,2002-08-09,2002.0,"['Horror', 'Thriller']",William Malone,"['Stephen Dorff', 'Natascha McElhone', 'Stephen Rea']",40000000,18902015,-21097985,-52.7449625,3.2,105,6.756886,101.0,en
24418,Cirque du Freak: The Vampire's Assistant,2009-10-23,2009.0,"['Adventure', 'Fantasy', 'Action', 'Thriller']",Paul Weitz,"['John C. Reilly', 'Josh Hutcherson', 'Chris Massoglia']",40000000,28169671,-11830329,-29.575822499999997,5.5,348,16.424807,109.0,en
7288,Duplex,2003-09-26,2003.0,"['Action', 'Comedy', 'Thriller']",Danny DeVito,"['Ben Stiller', 'Drew Barrymore', 'Eileen Essell']",40000000,19322135,-20677865,-51.6946625,5.9,482,15.590001,89.0,en
14655,Soul Men,2008-11-07,2008.0,"['Comedy', 'Music']",Malcolm D. Lee,"['Samuel L. Jackson', 'Bernie Mac', 'Sharon Leal']",0,0,0,,6.3,47,5.483671,103.0,en
24575,Raise the Titanic,1980-01-01,1980.0,"['Action', 'Drama', 'Thriller']",Jerry Jameson,"['M. Emmet Walsh', 'Richard Jordan', 'David Selby']",0,0,0,,5.2,21,1.630541,115.0,en
10366,Universal Soldier: The Return,1999-08-05,1999.0,"['Action', 'Science Fiction']",Mic Rodgers,"['Jean-Claude Van Damme', 'Kiana Tom', 'Bill Goldberg']",45000000,10667893,-34332107,-76.29357111111112,4.2,135,14.566664,82.0,en
19898,Pandorum,2009-09-08,2009.0,"['Action', 'Horror', 'Mystery', 'Science Fiction', 'Thriller']",Christian Alvart,"['Ben Foster', 'Dennis Quaid', 'Cam Gigandet']",33000000,20645327,-12354673,-37.43840303030303,6.5,774,28.353517,108.0,en
4965,Impostor,2001-12-03,2001.0,"['Action', 'Science Fiction', 'Thriller']",Gary Fleder,"['Gary Sinise', 'Madeleine Stowe', 'Mekhi Phifer']",40000000,0,-40000000,-100.0,6.1,135,9.579975,102.0,en
15074,Extreme Ops,2002-11-27,2002.0,"['Action', 'Adventure', 'Drama', 'Thriller']",Christian Duguay,"['Devon Sawa', 'Bridgette Wilson', 'Rufus Sewell']",40000000,10959475,-29040525,-72.6013125,5.0,28,2.911819,93.0,en
56715,Just Visiting,2001-04-06,2001.0,"['Comedy', 'Fantasy', 'Science Fiction']",Jean-Marie Poiré,"['Jean Reno', 'Christina Applegate', 'Christian Clavier']",0,0,0,,4.8,171,10.844882,88.0,en
1272,Sunshine,2007-04-05,2007.0,"['Science Fiction', 'Thriller']",Danny Boyle,"['Cillian Murphy', 'Rose Byrne', 'Chris Evans']",50000000,32017803,-17982197,-35.964394,7.0,1182,51.502884,107.0,en
72358,A Thousand Words,2012-03-07,2012.0,"['Drama', 'Comedy']",Brian Robbins,"['Eddie Murphy', 'Allison Janney', 'Cliff Curtis']",40000000,22044277,-17955723,-44.8893075,6.0,373,13.119133,91.0,en
20542,Delgo,2008-12-12,2008.0,"['Adventure', 'Fantasy', 'Animation', 'Comedy', 'Science Fiction', 'Family']",Marc F. Adler,"['Freddie Prinze Jr.', 'Jennifer Love Hewitt', 'Val Kilmer']",40000000,0,-40000000,-100.0,5.4,15,4.238482,94.0,en
266396,The Gunman,2015-02-16,2015.0,"['Action', 'Drama', 'Crime']",Pierre Morel,"['Sean Penn', 'Jasmine Trinca', 'Javier Bardem']",40000000,13644292,-26355708,-65.88927,5.5,392,26.935458,115.0,en
9978,Stormbreaker,2006-07-21,2006.0,"['Adventure', 'Action', 'Family']",Geoffrey Sax,"['Alex Pettyfer', 'Sarah Bolger', 'Ewan McGregor']",40000000,23937870,-16062130,-40.155325,5.1,213,16.282962,93.0,en
8271,Disturbia,2007-04-12,2007.0,"['Thriller', 'Drama', 'Mystery']",D.J. Caruso,"['Shia LaBeouf', 'Sarah Roemer', 'Carrie-Anne Moss']",20000000,117760134,97760134,488.80067,6.6,1006,31.690456,105.0,en
10428,Hackers,1995-09-14,1995.0,"['Action', 'Crime', 'Thriller', 'Drama']",Iain Softley,"['Jonny Lee Miller', 'Angelina Jolie', 'Jesse Bradford']",20000000,7563728,-12436272,-62.18136,6.2,398,17.842246,107.0,en
5353,The Hunting Party,2007-09-03,2007.0,"['Action', 'Adventure', 'Thriller', 'Drama']",Richard Shepard,"['Richard Gere', 'Terrence Howard', 'James Brolin']",0,0,0,,6.6,96,8.048305,101.0,en
11934,The Hudsucker Proxy,1994-03-11,1994.0,"['Comedy', 'Drama']",Joel Coen,"['Tim Robbins', 'Jennifer Jason Leigh', 'Paul Newman']",30000000,0,-30000000,-100.0,7.1,275,14.188982,111.0,en
14392,The Warlords,2007-12-12,2007.0,"['Action', 'Drama', 'History']",Peter Chan,"['Jet Li', 'Andy Lau', 'Takeshi Kaneshiro']",40000000,0,-40000000,-100.0,6.3,83,6.884467,126.0,zh
19495,Nomad: The Warrior,2005-07-17,2005.0,"['Action', 'History', 'War']",Sergei Bodrov Jr.,"['Kuno Becker', 'Jay Hernandez', 'Jason Scott Lee']",25000000,0,-25000000,-100.0,4.3,17,8.212018,112.0,en
110415,Snowpiercer,2013-08-01,2013.0,"['Action', 'Science Fiction', 'Drama']",Bong Joon-ho,"['Chris Evans', 'Song Kang-ho', 'Ed Harris']",39200000,86758912,47558912,121.3237551020408,6.7,2854,64.238688,126.0,ko
77459,A Monster in Paris,2011-10-12,2011.0,"['Adventure', 'Animation', 'Comedy', 'Family', 'Fantasy']",Bibo Bergeron,"['Vanessa Paradis', 'Mathieu Chedid', 'Gad Elmaleh']",25000000,0,-25000000,-100.0,6.5,313,17.375562,90.0,fr
26486,The Last Shot,2004-09-24,2004.0,"['Action', 'Comedy']",Jeff Nathanson,"['Matthew Broderick', 'Alec Baldwin', 'Toni Collette']",0,0,0,,5.9,15,6.7698,90.0,en
9495,The Crow,1994-05-11,1994.0,"['Fantasy', 'Action', 'Thriller']",Alex Proyas,"['Brandon Lee', 'Rochelle Davis', 'Ernie Hudson']",15000000,94000000,79000000,526.6666666666666,7.3,953,44.690107,102.0,en
256040,Baahubali: The Beginning,2015-07-10,2015.0,"['Action', 'Adventure', 'War', 'History']",S.S. Rajamouli,"['Prabhas', 'Rana Daggubati', 'Tamanna Bhatia']",40000000,100000000,60000000,150.0,7.5,135,16.254032,159.0,te
24420,The Time Traveler's Wife,2009-08-14,2009.0,"['Drama', 'Romance', 'Fantasy']",Robert Schwentke,"['Eric Bana', 'Rachel McAdams', 'Michelle Nolden']",39000000,101229792,62229792,159.56356923076922,6.7,798,37.492928,107.0,en
1257,Because I Said So,2007-02-02,2007.0,['Comedy'],Michael Lehmann,"['Diane Keaton', 'Mandy Moore', 'Gabriel Macht']",0,69485490,69485490,inf,5.8,191,18.678415,102.0,en
62214,Frankenweenie,2012-10-04,2012.0,"['Animation', 'Comedy', 'Family']",Tim Burton,"['Charlie Tahan', ""Catherine O'Hara"", 'Martin Short']",39000000,35287788,-3712212,-9.51849230769231,6.6,932,27.908783,87.0,en
16320,Serenity,2005-08-25,2005.0,"['Science Fiction', 'Action', 'Adventure', 'Thriller']",Joss Whedon,"['Nathan Fillion', 'Gina Torres', 'Alan Tudyk']",39000000,38869464,-130536,-0.3347076923076923,7.4,1264,45.388937,119.0,en
8842,Against the Ropes,2004-02-20,2004.0,"['Romance', 'Drama']",Charles S. Dutton,"['Meg Ryan', 'Tony Shalhoub', 'Joe Cortese']",39000000,6614280,-32385720,-83.04030769230769,4.5,32,2.817364,106.0,en
9531,Superman III,1983-06-17,1983.0,"['Comedy', 'Action', 'Adventure', 'Fantasy', 'Science Fiction']",Richard Lester,"['Christopher Reeve', 'Richard Pryor', 'Jackie Cooper']",39000000,75850624,36850624,94.48877948717949,5.3,490,22.164202,125.0,en
64807,Grudge Match,2013-12-25,2013.0,['Comedy'],Peter Segal,"['Robert De Niro', 'Sylvester Stallone', 'Alan Arkin']",40000000,44907260,4907260,12.26815,6.0,433,21.362949,113.0,en
12289,Red Cliff,2008-07-10,2008.0,"['Adventure', 'Drama', 'Action']",John Woo,"['Chang Chen', 'Hu Jun', 'Tony Leung Chiu-Wai']",80341000,127814609,47473609,59.090139530252294,7.1,205,14.8375,150.0,zh
11529,Sweet Home Alabama,2002-09-26,2002.0,"['Comedy', 'Romance']",Andy Tennant,"['Reese Witherspoon', 'Josh Lucas', 'Patrick Dempsey']",30000000,180622424,150622424,502.0747466666666,6.0,394,18.256028,108.0,en
20943,The Ugly Truth,2009-07-24,2009.0,"['Comedy', 'Romance']",Robert Luketic,"['Katherine Heigl', 'Gerard Butler', 'Eric Winter']",38000000,205298907,167298907,440.2602815789474,6.4,972,22.332927,96.0,en
9099,Sgt. Bilko,1996-03-29,1996.0,"['Comedy', 'Family']",Jonathan Lynn,"['Steve Martin', 'Dan Aykroyd', 'Phil Hartman']",0,0,0,,5.5,94,5.417787,90.0,en
9488,Spy Kids 2: The Island of Lost Dreams,2002-08-07,2002.0,"['Action', 'Adventure', 'Family']",Robert Rodriguez,"['Antonio Banderas', 'Carla Gugino', 'Alexa PenaVega']",38000000,119723358,81723358,215.06146842105264,5.3,521,24.085144,100.0,en
193,Star Trek: Generations,1994-11-17,1994.0,"['Science Fiction', 'Action', 'Adventure', 'Thriller']",David Carson,"['Patrick Stewart', 'Jonathan Frakes', 'Brent Spiner']",38000000,120000000,82000000,215.78947368421052,6.4,452,14.779041,118.0,en
44865,The Grandmaster,2013-01-08,2013.0,"['Action', 'Drama', 'History']",Wong Kar-wai,"['Tony Leung Chiu-Wai', 'Zhang Ziyi', 'Song Hye-kyo']",3860000,64076736,60216736,1560.019067357513,6.3,273,19.947265,130.0,zh
55787,Water for Elephants,2011-03-15,2011.0,"['Drama', 'Romance']",Francis Lawrence,"['Robert Pattinson', 'Reese Witherspoon', 'Christoph Waltz']",38000000,114156230,76156230,200.41113157894736,6.7,850,16.801218,120.0,en
257932,Dragon Nest: Warriors' Dawn,2014-05-20,2014.0,"['Adventure', 'Family', 'Fantasy', 'Animation']",Yuefeng Song,"['Carrie-Anne Moss', 'Lucas Grabeel', 'Blythe Auffarth']",40000000,0,-40000000,-100.0,6.8,19,5.057695,88.0,zh
10400,The Hurricane,1999-09-17,1999.0,['Drama'],Norman Jewison,"['Denzel Washington', 'Vicellous Reon Shannon', 'Deborah Kara Unger']",50000000,73956241,23956241,47.912482,7.2,396,20.825781,146.0,en
1957,Enough,2002-05-24,2002.0,"['Drama', 'Thriller']",Michael Apted,"['Jennifer Lopez', 'Billy Campbell', 'Juliette Lewis']",38000000,51801187,13801187,36.31891315789474,6.2,264,11.500783,114.0,en
10833,Heartbreakers,2001-03-23,2001.0,"['Crime', 'Comedy', 'Romance']",David Mirkin,"['Sigourney Weaver', 'Jennifer Love Hewitt', 'Gene Hackman']",35000000,0,-35000000,-100.0,5.7,254,13.932203,123.0,en
256961,Paul Blart: Mall Cop 2,2015-04-16,2015.0,"['Action', 'Comedy', 'Family']",Andy Fickman,"['Kevin James', 'Raini Rodriguez', 'Eduardo Verástegui']",38000000,107597242,69597242,183.15063684210526,5.0,567,41.258487,94.0,en
5852,Angel Eyes,2001-05-15,2001.0,"['Drama', 'Romance', 'Thriller']",Luis Mandoki,"['Jennifer Lopez', 'Jim Caviezel', 'Jeremy Sisto']",53000000,29700000,-23300000,-43.9622641509434,5.6,88,6.454634,102.0,en
12312,Joe Somebody,2001-12-21,2001.0,['Comedy'],John Pasquin,"['Tim Allen', 'Julie Bowen', 'Kelly Lynch']",38000000,0,-38000000,-100.0,5.5,40,5.257009,99.0,en
622,The Ninth Gate,1999-08-24,1999.0,"['Horror', 'Mystery', 'Thriller']",Roman Polanski,"['Johnny Depp', 'Frank Langella', 'Lena Olin']",38000000,58401898,20401898,53.68920526315789,6.3,756,30.359164,133.0,en
11306,Extreme Measures,1996-09-27,1996.0,"['Drama', 'Thriller']",Michael Apted,"['Hugh Grant', 'Gene Hackman', 'Sarah Jessica Parker']",38000000,17380126,-20619874,-54.26282631578947,5.7,80,3.426555,118.0,en
12508,Rock Star,2001-09-04,2001.0,"['Music', 'Drama', 'Comedy']",Stephen Herek,"['Mark Wahlberg', 'Jennifer Aniston', 'Jason Flemyng']",57000000,16991902,-40008098,-70.18964561403509,6.0,190,11.60815,105.0,en
25793,Precious,2009-11-06,2009.0,['Drama'],Lee Daniels,"['Gabourey Sidibe', ""Mo'Nique"", 'Paula Patton']",10000000,47536959,37536959,375.36958999999996,6.9,417,18.664624,110.0,en
10534,White Squall,1996-02-02,1996.0,"['Action', 'Drama']",Ridley Scott,"['Jeff Bridges', 'Caroline Goodall', 'John Savage']",38000000,10300000,-27700000,-72.89473684210527,6.3,86,10.047579,129.0,en
1091,The Thing,1982-06-25,1982.0,"['Horror', 'Mystery', 'Science Fiction']",John Carpenter,"['Kurt Russell', 'Keith David', 'Wilford Brimley']",15000000,19629760,4629760,30.865066666666667,7.8,1588,52.731379,109.0,en
87421,Riddick,2013-09-02,2013.0,"['Science Fiction', 'Action', 'Thriller']",David Twohy,"['Vin Diesel', 'Karl Urban', 'Katee Sackhoff']",38000000,98337295,60337295,158.78235526315788,6.2,2035,46.630062,119.0,en
10871,Switchback,1997-10-31,1997.0,"['Action', 'Adventure', 'Mystery', 'Thriller']",Jeb Stuart,"['Dennis Quaid', 'Danny Glover', 'R. Lee Ermey']",37000000,6482195,-30517805,-82.48055405405405,5.8,52,4.131546,118.0,en
13503,Texas Rangers,2001-11-30,2001.0,"['Action', 'Western']",Steve Miner,"['James Van Der Beek', 'Rachael Leigh Cook', 'Ashton Kutcher']",0,0,0,,5.4,19,5.641978,110.0,en
13600,City of Ember,2008-10-07,2008.0,"['Adventure', 'Family', 'Fantasy']",Gil Kenan,"['Saoirse Ronan', 'Harry Treadaway', 'Mary Kay Place']",55000000,17869048,-37130952,-67.51082181818182,6.2,605,23.465539,90.0,en
68722,The Master,2012-09-07,2012.0,['Drama'],Paul Thomas Anderson,"['Joaquin Phoenix', 'Philip Seymour Hoffman', 'Amy Adams']",32000000,28258060,-3741940,-11.6935625,7.0,701,25.682509,137.0,en
14324,Virgin Territory,2007-12-17,2007.0,"['Adventure', 'Action', 'Comedy', 'Romance']",David Leland,"['Ryan Cartwright', 'Hayden Christensen', 'Mischa Barton']",38000000,5410749,-32589251,-85.76118684210526,4.3,75,6.760922,93.0,en
14325,The Express,2008-10-10,2008.0,['Drama'],Gary Fleder,"['Rob Brown', 'Dennis Quaid', 'Darrin Henson']",40000000,9793496,-30206504,-75.51626,7.1,71,3.87823,130.0,en
299687,The 5th Wave,2016-01-14,2016.0,"['Adventure', 'Science Fiction']",J Blakeson,"['Chloë Grace Moretz', 'Nick Robinson', 'Alex Roe']",38000000,109906372,71906372,189.2272947368421,5.6,1945,57.889964,112.0,en
312221,Creed,2015-11-25,2015.0,['Drama'],Ryan Coogler,"['Michael B. Jordan', 'Sylvester Stallone', 'Graham McTavish']",37000000,173567581,136567581,369.10157027027026,7.3,1915,57.773583,133.0,en
23168,The Town,2010-09-15,2010.0,"['Crime', 'Drama', 'Thriller']",Ben Affleck,"['Ben Affleck', 'Rebecca Hall', 'Jeremy Renner']",37000000,154026136,117026136,316.28685405405406,7.0,1468,24.218358,125.0,en
76494,What to Expect When You're Expecting,2012-05-17,2012.0,"['Romance', 'Comedy', 'Drama']",Kirk Jones,"['Cameron Diaz', 'Jennifer Lopez', 'Elizabeth Banks']",40000000,79700000,39700000,99.25,5.8,594,27.009723,110.0,en
4944,Burn After Reading,2008-09-05,2008.0,"['Comedy', 'Drama']",Joel Coen,"['George Clooney', 'Frances McDormand', 'Brad Pitt']",37000000,163720069,126720069,342.486672972973,6.5,1222,31.941347,96.0,en
10488,Nim's Island,2008-04-03,2008.0,"['Adventure', 'Comedy', 'Family', 'Fantasy']",Jennifer Flackett,"['Abigail Breslin', 'Jodie Foster', 'Gerard Butler']",37000000,100076342,63076342,170.4766,5.6,330,14.353279,96.0,en
96721,Rush,2013-09-02,2013.0,"['Drama', 'Action']",Ron Howard,"['Daniel Brühl', 'Chris Hemsworth', 'Olivia Wilde']",38000000,90247624,52247624,137.49374736842105,7.7,2277,33.003828,123.0,en
334,Magnolia,1999-12-08,1999.0,['Drama'],Paul Thomas Anderson,"['Julianne Moore', 'William H. Macy', 'John C. Reilly']",37000000,48451803,11451803,30.95081891891892,7.5,825,30.993736,188.0,en
23742,Cop Out,2010-02-26,2010.0,"['Action', 'Comedy', 'Crime']",Kevin Smith,"['Bruce Willis', 'Tracy Morgan', 'Juan Carlos Hernández']",30000000,55583804,25583804,85.27934666666667,5.3,511,25.825771,107.0,en
259694,How to Be Single,2016-01-21,2016.0,"['Comedy', 'Romance']",Christian Ditter,"['Dakota Johnson', 'Rebel Wilson', 'Alison Brie']",38000000,112343513,74343513,195.64082368421052,5.9,1201,46.078371,110.0,en
62837,Dolphin Tale,2011-09-23,2011.0,"['Drama', 'Family']",Charles Martin Smith,"['Morgan Freeman', 'Ashley Judd', 'Harry Connick Jr.']",37000000,95404397,58404397,157.84972162162163,6.7,163,6.63839,113.0,en
8966,Twilight,2008-11-20,2008.0,"['Adventure', 'Fantasy', 'Drama', 'Romance']",Catherine Hardwicke,"['Kristen Stewart', 'Robert Pattinson', 'Billy Burke']",37000000,392616625,355616625,961.1260135135135,5.8,3561,127.084938,122.0,en
8470,John Q,2002-02-15,2002.0,"['Drama', 'Thriller', 'Crime']",Nick Cassavetes,"['Denzel Washington', 'Robert Duvall', 'Anne Heche']",36000000,102244770,66244770,184.01325,7.0,594,27.465433,116.0,en
11001,Blue Streak,1999-09-17,1999.0,"['Action', 'Comedy', 'Crime']",Les Mayfield,"['Martin Lawrence', 'Luke Wilson', 'Dave Chappelle']",65000000,117758500,52758500,81.16692307692308,6.1,352,16.865782,93.0,en
138832,We're the Millers,2013-08-07,2013.0,"['Comedy', 'Crime']",Rawson Marshall Thurber,"['Jason Sudeikis', 'Jennifer Aniston', 'Will Poulter']",37000000,269994119,232994119,629.7138351351351,6.8,2972,100.348805,110.0,en
16911,The Inhabited Island,2008-12-18,2008.0,"['Action', 'Fantasy', 'Science Fiction', 'Thriller']",Fyodor Bondarchuk,"['Vasily Stepanov', 'Pyotr Fyodorov', 'Юлия Снигирь']",36500000,21834845,-14665155,-40.17850684931507,5.3,23,2.785832,115.0,ru
2163,Breakdown,1997-05-02,1997.0,"['Drama', 'Action', 'Thriller']",Jonathan Mostow,"['Kurt Russell', 'J. T. Walsh', 'Kathleen Quinlan']",36000000,50159144,14159144,39.330955555555555,6.6,198,9.176339,95.0,en
36670,Never Say Never Again,1983-10-07,1983.0,"['Adventure', 'Action', 'Thriller']",Irvin Kershner,"['Sean Connery', 'Kim Basinger', 'Klaus Maria Brandauer']",36000000,160000000,124000000,344.44444444444446,5.8,338,23.380757,134.0,en
23048,Hot Tub Time Machine,2010-03-26,2010.0,"['Science Fiction', 'Comedy', 'Adventure']",Steve Pink,"['John Cusack', 'Lizzy Caplan', 'Rob Corddry']",36000000,64572262,28572262,79.36739444444444,6.0,894,33.926473,101.0,en
227735,Dolphin Tale 2,2014-09-12,2014.0,"['Family', 'Drama']",Charles Martin Smith,"['Morgan Freeman', 'Ashley Judd', 'Nathan Gamble']",36000000,52424533,16424533,45.62370277777778,6.7,96,6.967857,107.0,en
2155,Reindeer Games,2000-02-25,2000.0,['Thriller'],John Frankenheimer,"['Ben Affleck', 'Gary Sinise', 'Charlize Theron']",42000000,32168970,-9831030,-23.407214285714286,5.4,173,11.470135,124.0,en
8409,A Man Apart,2003-04-04,2003.0,"['Action', 'Drama']",F. Gary Gray,"['Vin Diesel', 'Larenz Tate', 'Timothy Olyphant']",36000000,44350926,8350926,23.197016666666666,5.8,258,19.854932,109.0,en
222936,Aloha,2015-05-27,2015.0,"['Drama', 'Comedy', 'Romance']",Cameron Crowe,"['Bradley Cooper', 'Emma Stone', 'Rachel McAdams']",37000000,26250020,-10749980,-29.054000000000002,5.2,692,29.652536,105.0,en
31908,Ghosts of Mississippi,1996-12-20,1996.0,"['History', 'Drama']",Rob Reiner,"['Alec Baldwin', 'James Woods', 'Virginia Madsen']",0,0,0,,6.2,40,8.102925,130.0,en
10219,Snow Falling on Cedars,1999-12-22,1999.0,"['Drama', 'Romance']",Scott Hicks,"['Ethan Hawke', 'Youki Kudoh', 'Reeve Carney']",0,0,0,,6.3,32,2.79483,127.0,en
48171,The Rite,2011-01-28,2011.0,"['Drama', 'Thriller', 'Horror']",Mikael Håfström,"['Anthony Hopkins', ""Colin O'Donoghue"", 'Alice Braga']",37000000,96047633,59047633,159.58819729729728,5.8,556,11.492474,114.0,en
782,Gattaca,1997-09-07,1997.0,"['Thriller', 'Science Fiction', 'Mystery', 'Romance']",Andrew Niccol,"['Ethan Hawke', 'Jude Law', 'Gore Vidal']",36000000,12532777,-23467223,-65.18673055555556,7.5,1808,70.398356,106.0,en
75531,Isn't She Great,2000-01-28,2000.0,"['Drama', 'Comedy']",Andrew Bergman,"['Bette Midler', 'Nathan Lane', 'Stockard Channing']",36000000,3003296,-32996704,-91.6575111111111,4.6,14,1.068453,95.0,de
11802,Space Chimps,2008-07-17,2008.0,"['Animation', 'Family']",Kirk De Micco,"['Andy Samberg', 'Cheryl Hines', 'Jeff Daniels']",37000000,63800345,26800345,72.43336486486487,5.2,99,6.293217,81.0,en
9776,Head of State,2003-01-01,2003.0,['Comedy'],Chris Rock,"['Chris Rock', 'Bernie Mac', 'Dylan Baker']",0,0,0,,5.3,71,3.457194,95.0,en
18785,The Hangover,2009-06-05,2009.0,['Comedy'],Todd Phillips,"['Bradley Cooper', 'Ed Helms', 'Zach Galifianakis']",35000000,459270619,424270619,1212.2017685714286,7.2,6173,82.21166,100.0,en
365222,Ip Man 3,2015-12-19,2015.0,"['Action', 'Drama', 'History']",Wilson Yip,"['Donnie Yen', 'Lynn Hung', 'Zhang Jin']",36000000,156844753,120844753,335.6798694444445,6.5,379,19.167377,105.0,cn
817,Austin Powers: The Spy Who Shagged Me,1999-06-08,1999.0,"['Adventure', 'Comedy', 'Crime', 'Science Fiction']",Jay Roach,"['Mike Myers', 'Heather Graham', 'Michael York']",33000000,310940086,277940086,842.2426848484848,6.2,1011,18.316151,95.0,en
268,Batman,1989-06-23,1989.0,"['Fantasy', 'Action']",Tim Burton,"['Jack Nicholson', 'Michael Keaton', 'Kim Basinger']",35000000,411348924,376348924,1075.28264,7.0,2096,44.104469,126.0,en
45054,There Be Dragons,2011-03-25,2011.0,['Drama'],Roland Joffé,"['Charlie Cox', 'Dougray Scott', 'Wes Bentley']",0,0,0,,5.9,27,6.668679,112.0,en
943,Lethal Weapon 3,1992-05-15,1992.0,"['Adventure', 'Action', 'Comedy', 'Thriller', 'Crime']",Richard Donner,"['Mel Gibson', 'Danny Glover', 'Joe Pesci']",35000000,321731527,286731527,819.2329342857142,6.4,811,36.172182,118.0,en
22881,The Blind Side,2009-11-20,2009.0,['Drama'],John Lee Hancock,"['Sandra Bullock', 'Quinton Aaron', 'Kathy Bates']",29000000,309208309,280208309,966.235548275862,7.2,1597,25.767395,129.0,en
10054,Spy Kids,2001-03-18,2001.0,"['Action', 'Comedy', 'Family', 'Adventure']",Robert Rodriguez,"['Alexa PenaVega', 'Daryl Sabara', 'Antonio Banderas']",35000000,147934180,112934180,322.6690857142857,5.5,867,21.543389,88.0,en
51540,Horrible Bosses,2011-07-08,2011.0,"['Comedy', 'Crime']",Seth Gordon,"['Jennifer Aniston', 'Jason Bateman', 'Charlie Day']",35000000,117000000,82000000,234.2857142857143,6.5,2277,50.309843,98.0,en
44264,True Grit,2010-12-22,2010.0,"['Drama', 'Adventure', 'Western']",Joel Coen,"['Jeff Bridges', 'Matt Damon', 'Josh Brolin']",38000000,252276927,214276927,563.88665,7.2,1668,49.292384,110.0,en
350,The Devil Wears Prada,2006-06-30,2006.0,"['Comedy', 'Drama', 'Romance']",David Frankel,"['Meryl Streep', 'Anne Hathaway', 'Emily Blunt']",35000000,326551094,291551094,833.0031257142856,7.0,3088,83.893257,109.0,en
152,Star Trek: The Motion Picture,1979-12-06,1979.0,"['Science Fiction', 'Adventure', 'Mystery']",Robert Wise,"['William Shatner', 'Leonard Nimoy', 'DeForest Kelley']",35000000,139000000,104000000,297.14285714285717,6.2,530,24.616634,132.0,en
109431,Identity Thief,2013-02-07,2013.0,"['Comedy', 'Crime']",Seth Gordon,"['Jason Bateman', 'Melissa McCarthy', 'Jon Favreau']",35000000,173965010,138965010,397.0428857142857,5.6,1645,34.005726,111.0,en
1598,Cape Fear,1991-11-15,1991.0,"['Crime', 'Thriller']",Martin Scorsese,"['Robert De Niro', 'Nick Nolte', 'Jessica Lange']",35000000,182300000,147300000,420.85714285714283,7.0,675,27.714043,128.0,en
8065,21,2008-03-27,2008.0,"['Drama', 'Crime']",Robert Luketic,"['Jim Sturgess', 'Kevin Spacey', 'Kate Bosworth']",35000000,69823199,34823199,99.49485428571428,6.5,1375,45.149948,123.0,en
271718,Trainwreck,2015-07-17,2015.0,['Comedy'],Judd Apatow,"['Amy Schumer', 'Bill Hader', 'Brie Larson']",35000000,140795793,105795793,302.27369428571427,5.9,1181,72.774941,125.0,en
11638,Guess Who,2005-03-25,2005.0,"['Comedy', 'Romance']",Kevin Rodney Sullivan,"['Bernie Mac', 'Ashton Kutcher', 'Zoe Saldana']",35000000,68915888,33915888,96.90253714285714,5.5,225,3.74263,105.0,en
409,The English Patient,1996-11-14,1996.0,"['Drama', 'Romance', 'War']",Anthony Minghella,"['Ralph Fiennes', 'Juliette Binoche', 'Willem Dafoe']",27000000,231976425,204976425,759.1719444444444,7.0,542,29.381878,162.0,en
2118,L.A. Confidential,1997-09-19,1997.0,"['Crime', 'Drama', 'Mystery', 'Thriller']",Curtis Hanson,"['Kevin Spacey', 'Guy Pearce', 'Danny DeVito']",35000000,126216940,91216940,260.61982857142857,7.7,1310,24.860326,138.0,en
11459,Sky High,2005-07-29,2005.0,"['Adventure', 'Comedy', 'Family']",Mike Mitchell,"['Michael Angarano', 'Kurt Russell', 'Kelly Preston']",35000000,86369815,51369815,146.77089999999998,5.8,550,11.041659,100.0,en
10806,In & Out,1997-09-10,1997.0,"['Comedy', 'Romance']",Frank Oz,"['Kevin Kline', 'Joan Cusack', 'Tom Selleck']",35000000,0,-35000000,-100.0,6.3,177,11.897925,90.0,en
9348,Species,1995-07-07,1995.0,"['Science Fiction', 'Horror', 'Action']",Roger Donaldson,"['Natasha Henstridge', 'Ben Kingsley', 'Michael Madsen']",35000000,113374103,78374103,223.92600857142858,5.5,453,23.607071,108.0,en
377,A Nightmare on Elm Street,1984-11-14,1984.0,['Horror'],Wes Craven,"['John Saxon', 'Ronee Blakley', 'Heather Langenkamp']",1800000,25504513,23704513,1316.9173888888888,7.2,1180,38.204158,91.0,en
8843,The Cell,2000-08-17,2000.0,"['Horror', 'Science Fiction', 'Thriller']",Tarsem Singh,"['Jennifer Lopez', ""Vincent D'Onofrio"", 'Vince Vaughn']",33000000,104155843,71155843,215.62376666666668,6.0,436,25.413955,107.0,en
9313,The Man in the Iron Mask,1998-03-12,1998.0,"['Action', 'Adventure', 'Drama']",Randall Wallace,"['Leonardo DiCaprio', 'Jeremy Irons', 'Gérard Depardieu']",0,0,0,,6.3,1018,28.98027,132.0,en
39486,Secretariat,2010-08-20,2010.0,['Drama'],Randall Wallace,"['Diane Lane', 'John Malkovich', 'Scott Glenn']",35000000,60251371,25251371,72.14677428571429,6.8,103,9.525037,123.0,en
1273,TMNT,2007-03-23,2007.0,"['Adventure', 'Animation', 'Comedy', 'Family']",Kevin Munroe,"['Chris Evans', 'Sarah Michelle Gellar', 'Mako']",34000000,95608995,61608995,181.20292647058824,6.0,345,18.39217,90.0,en
13920,Radio,2003-10-24,2003.0,['Drama'],Mike Tollin,"['Cuba Gooding Jr.', 'Ed Harris', 'Alfre Woodard']",32000000,52277485,20277485,63.367140625,6.8,141,9.254647,109.0,en
50544,Friends with Benefits,2011-07-21,2011.0,"['Romance', 'Comedy']",Will Gluck,"['Justin Timberlake', 'Mila Kunis', 'Patricia Clarkson']",35000000,150483765,115483765,329.95361428571425,6.5,2237,40.526587,109.0,en
325133,Neighbors 2: Sorority Rising,2016-05-04,2016.0,['Comedy'],Nicholas Stoller,"['Seth Rogen', 'Rose Byrne', 'Zac Efron']",35000000,108758521,73758521,210.73863142857144,5.6,1462,50.179171,91.0,en
140823,Saving Mr. Banks,2013-11-16,2013.0,"['Comedy', 'Drama', 'History']",John Lee Hancock,"['Emma Thompson', 'Tom Hanks', 'Paul Giamatti']",35000000,112544580,77544580,221.55594285714284,7.3,1226,31.957947,125.0,en
1883,Malcolm X,1992-11-18,1992.0,"['Drama', 'History']",Spike Lee,"['Denzel Washington', 'Angela Bassett', 'Albert Hall']",34000000,48169908,14169908,41.6762,7.2,370,19.822791,202.0,en
89492,This Is 40,2012-12-20,2012.0,['Comedy'],Judd Apatow,"['Paul Rudd', 'Leslie Mann', 'Jason Segel']",35000000,88058786,53058786,151.59653142857144,5.6,896,38.429648,134.0,en
22949,Old Dogs,2009-11-24,2009.0,"['Comedy', 'Family']",Walt Becker,"['Robin Williams', 'John Travolta', 'Seth Green']",35000000,92219310,57219310,163.48374285714286,5.2,210,13.707843,88.0,en
12437,Underworld: Rise of the Lycans,2009-01-22,2009.0,"['Fantasy', 'Action', 'Adventure', 'Science Fiction', 'Thriller']",Patrick Tatopoulos,"['Bill Nighy', 'Michael Sheen', 'Rhona Mitra']",35000000,91353501,56353501,161.01000285714287,6.2,1428,51.927471,92.0,en
2959,License to Wed,2007-07-04,2007.0,['Comedy'],Ken Kwapis,"['Robin Williams', 'Mandy Moore', 'John Krasinski']",35000000,69307224,34307224,98.02064,5.2,253,14.503568,91.0,en
9957,The Benchwarmers,2006-04-07,2006.0,['Comedy'],Dennis Dugan,"['Jon Heder', 'Rob Schneider', 'David Spade']",0,0,0,,5.2,242,6.74556,80.0,en
11648,Must Love Dogs,2005-07-21,2005.0,"['Comedy', 'Romance']",Gary David Goldberg,"['Diane Lane', 'John Cusack', 'Elizabeth Perkins']",30000000,58405313,28405313,94.68437666666667,5.8,140,11.120167,98.0,en
9366,Donnie Brasco,1997-02-27,1997.0,"['Crime', 'Drama', 'Thriller']",Mike Newell,"['Johnny Depp', 'Al Pacino', 'Michael Madsen']",35000000,41954997,6954997,19.87142,7.4,1147,40.370442,127.0,en
1576,Resident Evil,2002-03-15,2002.0,"['Horror', 'Action', 'Science Fiction']",Paul W.S. Anderson,"['Milla Jovovich', 'Michelle Rodriguez', 'Eric Mabius']",33000000,102984862,69984862,212.0753393939394,6.4,2065,40.715623,100.0,en
609,Poltergeist,1982-06-04,1982.0,['Horror'],Tobe Hooper,"['Craig T. Nelson', 'JoBeth Williams', 'Beatrice Straight']",10700000,122200000,111500000,1042.056074766355,7.0,794,36.230204,114.0,en
5516,The Ladykillers,2004-03-25,2004.0,"['Comedy', 'Crime', 'Thriller']",Joel Coen,"['Tom Hanks', 'Irma P. Hall', 'Marlon Wayans']",0,0,0,,6.0,415,23.666229,104.0,en
13051,Max Payne,2008-10-15,2008.0,['Action'],John Moore,"['Mark Wahlberg', 'Mila Kunis', 'Beau Bridges']",35000000,85416905,50416905,144.04829999999998,5.2,613,25.903237,100.0,en
49530,In Time,2011-10-27,2011.0,"['Action', 'Thriller', 'Science Fiction']",Andrew Niccol,"['Justin Timberlake', 'Amanda Seyfried', 'Cillian Murphy']",40000000,173930596,133930596,334.82649000000004,6.7,3417,60.231382,109.0,en
34806,The Back-Up Plan,2010-04-23,2010.0,"['Comedy', 'Romance']",Alan Poul,"['Jennifer Lopez', ""Alex O'Loughlin"", 'Danneel Ackles']",35000000,77477008,42477008,121.36287999999999,5.7,458,18.38292,106.0,en
49022,Something Borrowed,2011-05-05,2011.0,"['Comedy', 'Drama', 'Romance']",Luke Greenfield,"['Kate Hudson', 'Ginnifer Goodwin', 'John Krasinski']",35000000,59901913,24901913,71.14832285714286,5.9,296,14.029012,112.0,en
11469,Black Knight,2001-11-21,2001.0,"['Adventure', 'Comedy', 'Fantasy']",Gil Junger,"['Martin Lawrence', 'Marsha Thomason', 'Tom Wilkinson']",0,0,0,,5.1,287,15.913783,95.0,en
23479,The Bad News Bears,1976-04-07,1976.0,"['Comedy', 'Family']",Michael Ritchie,"['Walter Matthau', ""Tatum O'Neal"", 'Ben Piazza']",35000000,35323292,323292,0.9236914285714286,6.9,97,6.889633,102.0,en
11667,Street Fighter,1994-12-22,1994.0,"['Action', 'Adventure', 'Thriller']",Steven E. de Souza,"['Jean-Claude Van Damme', 'Raúl Juliá', 'Ming-Na Wen']",35000000,99423521,64423521,184.06720285714286,4.1,325,19.286099,102.0,en
423,The Pianist,2002-09-24,2002.0,"['Drama', 'War']",Roman Polanski,"['Adrien Brody', 'Thomas Kretschmann', 'Frank Finlay']",35000000,120072577,85072577,243.06450571428573,8.0,1864,50.587541,150.0,en
2447,The Nativity Story,2006-12-01,2006.0,"['Drama', 'History']",Catherine Hardwicke,"['Keisha Castle-Hughes', 'Oscar Isaac', 'Hiam Abbass']",35000000,0,-35000000,-100.0,6.4,35,3.721272,101.0,en
10066,House of Wax,2005-04-30,2005.0,['Horror'],Jaume Collet-Serra,"['Elisha Cuthbert', 'Paris Hilton', 'Brian Van Holt']",40000000,68766121,28766121,71.9153025,5.5,677,17.157738,113.0,en
2288,Closer,2004-12-01,2004.0,"['Drama', 'Romance']",Mike Nichols,"['Julia Roberts', 'Jude Law', 'Natalie Portman']",27000000,115505027,88505027,327.7963962962963,6.7,811,22.636908,104.0,en
88794,J. Edgar,2011-11-09,2011.0,"['Drama', 'Crime', 'History']",Clint Eastwood,"['Leonardo DiCaprio', 'Josh Hamilton', 'Geoff Pierson']",35000000,84606030,49606030,141.7315142857143,6.0,741,28.069419,137.0,en
13515,Mirrors,2008-08-15,2008.0,"['Horror', 'Mystery', 'Thriller']",Alexandre Aja,"['Kiefer Sutherland', 'Paula Patton', 'Amy Smart']",35000000,72436439,37436439,106.96125428571428,6.0,485,19.774543,110.0,en
11979,Queen of the Damned,2002-02-10,2002.0,"['Drama', 'Fantasy', 'Horror']",Michael Rymer,"['Stuart Townsend', 'Aaliyah', 'Marguerite Moreau']",35000000,45479110,10479110,29.940314285714287,5.4,239,11.644243,101.0,en
169,Predator 2,1990-11-20,1990.0,"['Science Fiction', 'Action', 'Thriller']",Stephen Hopkins,"['Kevin Peter Hall', 'Danny Glover', 'Gary Busey']",35000000,57120318,22120318,63.20090857142857,5.9,730,27.934978,108.0,en
8090,Untraceable,2008-01-22,2008.0,['Drama'],Gregory Hoblit,"['Diane Lane', 'Billy Burke', 'Colin Hanks']",35000000,32483410,-2516590,-7.190257142857143,5.9,238,12.677505,101.0,en
11622,Blast from the Past,1999-02-12,1999.0,"['Comedy', 'Romance']",Hugh Wilson,"['Brendan Fraser', 'Alicia Silverstone', 'Christopher Walken']",35000000,40263020,5263020,15.0372,6.3,245,8.737058,112.0,en
3604,Flash Gordon,1980-09-01,1980.0,['Science Fiction'],Mike Hodges,"['Sam J. Jones', 'Melody Anderson', 'Max von Sydow']",35000000,27107960,-7892040,-22.548685714285714,6.1,233,12.343507,111.0,en
9541,Jersey Girl,2004-03-25,2004.0,"['Comedy', 'Romance']",Kevin Smith,"['Ben Affleck', 'Raquel Castro', 'Liv Tyler']",35000000,36098382,1098382,3.1382342857142858,5.8,325,14.699342,102.0,en
94348,Alex Cross,2012-10-18,2012.0,"['Action', 'Thriller', 'Crime', 'Mystery']",Rob Cohen,"['Tyler Perry', 'Rachel Nichols', 'Jean Reno']",45000000,30353232,-14646768,-32.54837333333334,5.1,300,14.513243,101.0,en
8197,Midnight in the Garden of Good and Evil,1997-11-21,1997.0,"['Crime', 'Drama', 'Mystery', 'Thriller']",Clint Eastwood,"['John Cusack', 'Kevin Spacey', 'Jude Law']",35000000,25105255,-9894745,-28.270699999999998,6.3,157,5.525544,155.0,en
336004,Heist,2015-11-13,2015.0,"['Crime', 'Action', 'Thriller']",Scott Mann,"['Jeffrey Dean Morgan', 'Robert De Niro', 'Kate Bosworth']",8900000,4100000,-4800000,-53.93258426966292,5.6,318,15.079993,93.0,en
35019,Nanny McPhee and the Big Bang,2010-03-26,2010.0,"['Comedy', 'Fantasy']",Susanna White,"['Emma Thompson', 'Asa Butterfield', 'Ralph Fiennes']",35000000,93246388,58246388,166.41825142857144,6.0,436,23.835055,109.0,en
10410,Hoffa,1992-12-25,1992.0,"['Crime', 'History']",Danny DeVito,"['Jack Nicholson', 'Danny DeVito', 'Armand Assante']",35000000,0,-35000000,-100.0,6.1,81,5.926966,140.0,en
8836,The X Files: I Want to Believe,2008-07-24,2008.0,"['Drama', 'Mystery', 'Science Fiction', 'Thriller']",Chris Carter,"['David Duchovny', 'Gillian Anderson', 'Amanda Peet']",30000000,68369434,38369434,127.89811333333334,5.5,523,25.454549,104.0,en
14442,Ella Enchanted,2004-04-09,2004.0,"['Family', 'Fantasy', 'Comedy']",Tommy O'Haver,"['Anne Hathaway', 'Hugh Dancy', 'Cary Elwes']",31000000,27388767,-3611233,-11.649138709677418,5.9,437,22.71592,96.0,en
321741,Concussion,2015-11-12,2015.0,['Drama'],Peter Landesman,"['Will Smith', 'Alec Baldwin', 'Albert Brooks']",35000000,50363790,15363790,43.896542857142855,7.0,823,35.120736,123.0,en
59965,Abduction,2011-09-22,2011.0,"['Thriller', 'Action', 'Mystery']",John Singleton,"['Taylor Lautner', 'Lily Collins', 'Alfred Molina']",35000000,82087155,47087155,134.53472857142856,5.6,961,19.893646,106.0,en
14175,Valiant,2005-03-25,2005.0,"['Animation', 'Family', 'Adventure']",Gary Chapman,"['Ewan McGregor', 'Ricky Gervais', 'Tim Curry']",35000000,19478106,-15521894,-44.34826857142858,5.2,235,14.051852,76.0,en
11004,Wonder Boys,2000-02-22,2000.0,"['Comedy', 'Drama']",Curtis Hanson,"['Michael Douglas', 'Tobey Maguire', 'Frances McDormand']",35000000,0,-35000000,-100.0,6.9,161,9.011729,111.0,en
11918,Superhero Movie,2008-03-27,2008.0,"['Action', 'Comedy', 'Science Fiction']",Craig Mazin,"['Drake Bell', 'Sara Paxton', 'Leslie Nielsen']",35000000,25871834,-9128166,-26.080474285714285,4.9,379,19.088655,85.0,en
98357,Broken City,2013-01-18,2013.0,"['Thriller', 'Crime', 'Drama']",Allen Hughes,"['Mark Wahlberg', 'Russell Crowe', 'Catherine Zeta-Jones']",56000000,19701164,-36298836,-64.81935,5.7,593,29.490057,109.0,en
10012,Cursed,2005-02-25,2005.0,"['Horror', 'Comedy']",Wes Craven,"['Portia de Rossi', 'Christina Ricci', 'Jesse Eisenberg']",35000000,19294901,-15705099,-44.87171142857142,5.1,167,11.195593,97.0,en
49526,Premium Rush,2012-08-24,2012.0,"['Crime', 'Action', 'Thriller']",David Koepp,"['Joseph Gordon-Levitt', 'Michael Shannon', 'Dania Ramirez']",35000000,31083599,-3916401,-11.189717142857143,6.2,832,17.709888,91.0,en
268920,Hot Pursuit,2015-05-08,2015.0,"['Action', 'Comedy', 'Crime']",Anne Fletcher,"['Reese Witherspoon', 'Sofía Vergara', 'Michael Mosley']",35000000,51680201,16680201,47.657717142857145,5.4,647,18.262017,87.0,en
9093,The Four Feathers,2002-09-08,2002.0,"['War', 'Adventure', 'Drama', 'Romance']",Shekhar Kapur,"['Heath Ledger', 'Wes Bentley', 'Kate Hudson']",35000000,29882645,-5117355,-14.621014285714285,6.5,159,10.10364,132.0,en
119283,Parker,2013-01-23,2013.0,"['Action', 'Crime']",Taylor Hackford,"['Jason Statham', 'Jennifer Lopez', 'Nick Nolte']",35000000,46216641,11216641,32.04754571428571,5.7,1455,28.670477,118.0,en
11823,Wimbledon,2004-09-13,2004.0,"['Comedy', 'Romance']",Richard Loncraine,"['Kirsten Dunst', 'Paul Bettany', 'Sam Neill']",31000000,41512007,10512007,33.9097,6.0,293,16.736734,98.0,en
35169,Furry Vengeance,2010-04-02,2010.0,['Comedy'],Roger Kumble,"['Brendan Fraser', 'Ken Jeong', 'Brooke Shields']",35000000,39340177,4340177,12.400505714285714,4.6,149,13.668633,92.0,en
118957,Bait,2012-09-05,2012.0,"['Action', 'Horror', 'Thriller']",Kimble Rendall,"['Sharni Vinson', 'Phoebe Tonkin', 'Julian McMahon']",30000000,0,-30000000,-100.0,5.3,191,9.780588,93.0,en
849,Krull,1983-07-29,1983.0,"['Fantasy', 'Action', 'Adventure']",Peter Yates,"['Ken Marshall', 'Lysette Anthony', 'Francesca Annis']",27000000,16519460,-10480540,-38.81681481481481,5.8,129,9.904881,117.0,en
4515,Lions for Lambs,2007-10-22,2007.0,"['Action', 'Adventure', 'Drama', 'History']",Robert Redford,"['Robert Redford', 'Meryl Streep', 'Tom Cruise']",35000000,63215872,28215872,80.61677714285715,6.0,216,9.789027,92.0,en
18886,Flight of the Intruder,1991-01-18,1991.0,"['Action', 'Adventure', 'Drama', 'Thriller']",John Milius,"['Danny Glover', 'Willem Dafoe', 'Brad Johnson']",35000000,0,-35000000,-100.0,5.7,31,6.81729,115.0,en
6575,Walk Hard: The Dewey Cox Story,2007-12-21,2007.0,"['Comedy', 'Music']",Jake Kasdan,"['John C. Reilly', 'Jenna Fischer', 'Tim Meadows']",35000000,18317151,-16682849,-47.665282857142856,6.6,212,10.73522,96.0,en
6440,The Shipping News,2001-12-18,2001.0,"['Drama', 'Romance']",Lasse Hallström,"['Kevin Spacey', 'Julianne Moore', 'Cate Blanchett']",0,0,0,,6.4,108,11.1399,111.0,en
13496,American Outlaws,2001-08-17,2001.0,"['Action', 'Western']",Les Mayfield,"['Colin Farrell', 'Scott Caan', 'Ali Larter']",35000000,13678913,-21321087,-60.917391428571435,5.7,55,6.727949,94.0,en
18320,The Young Victoria,2009-03-04,2009.0,"['Drama', 'History', 'Romance']",Jean-Marc Vallée,"['Emily Blunt', 'Jim Broadbent', 'Mark Strong']",35000000,27409889,-7590111,-21.68603142857143,7.0,322,16.343317,105.0,en
22787,Whiteout,2009-09-09,2009.0,"['Action', 'Crime', 'Mystery', 'Thriller']",Dominic Sena,"['Kate Beckinsale', 'Gabriel Macht', 'Tom Skerritt']",40000000,12206028,-27793972,-69.48493,5.3,220,14.818718,101.0,en
8967,The Tree of Life,2011-05-18,2011.0,"['Drama', 'Fantasy']",Terrence Malick,"['Brad Pitt', 'Sean Penn', 'Jessica Chastain']",32000000,54674226,22674226,70.85695625,6.5,987,43.862456,139.0,en
37498,Knock Off,1998-09-04,1998.0,"['Action', 'Adventure', 'Thriller']",Tsui Hark,"['Jean-Claude Van Damme', 'Lela Rochon', 'Paul Sorvino']",33000000,0,-33000000,-100.0,4.7,64,2.706207,91.0,en
144336,Sabotage,2014-03-28,2014.0,"['Action', 'Drama', 'Thriller', 'Crime']",David Ayer,"['Arnold Schwarzenegger', 'Sam Worthington', 'Mireille Enos']",35000000,17508518,-17491482,-49.97566285714286,5.5,555,27.903999,110.0,en
9616,The Order,2003-09-05,2003.0,"['Drama', 'Fantasy', 'Horror', 'Mystery', 'Romance', 'Thriller']",Brian Helgeland,"['Heath Ledger', 'Shannyn Sossamon', 'Benno Fürmann']",35000000,11560806,-23439194,-66.96912571428571,4.8,91,3.746806,102.0,en
13056,Punisher: War Zone,2008-12-05,2008.0,"['Action', 'Crime']",Lexi Alexander,"['Ray Stevenson', 'Dominic West', 'Julie Benz']",20500000,10089373,-10410627,-50.78354634146341,5.6,294,17.112498,102.0,en
14113,Zoom,2006-08-11,2006.0,"['Family', 'Fantasy', 'Comedy']",Peter Hewitt,"['Tim Allen', 'Courteney Cox', 'Chevy Chase']",35000000,12506188,-22493812,-64.26803428571428,4.9,135,10.304172,83.0,en
285783,The Walk,2015-09-30,2015.0,"['Adventure', 'Drama', 'Thriller']",Robert Zemeckis,"['Joseph Gordon-Levitt', 'Ben Kingsley', 'Charlotte Le Bon']",35000000,61181942,26181942,74.80554857142857,6.9,1121,37.335721,123.0,en
49478,Warriors of Virtue,1997-05-02,1997.0,"['Fantasy', 'Family', 'Action']",Ronny Yu,"['Angus Macfadyen', 'Mario Yedidia', 'Marley Shelton']",0,0,0,,4.7,9,0.912395,103.0,en
9726,A Good Year,2006-09-09,2006.0,"['Comedy', 'Drama', 'Romance']",Ridley Scott,"['Russell Crowe', 'Marion Cotillard', 'Albert Finney']",35000000,42064105,7064105,20.18315714285714,6.5,357,16.782471,118.0,en
20763,Radio Flyer,1992-02-21,1992.0,['Drama'],Richard Donner,"['Elijah Wood', 'Lorraine Bracco', 'Adam Baldwin']",35000000,4651977,-30348023,-86.70863714285714,6.6,53,3.503408,114.0,en
9702,Bound by Honor,1993-02-05,1993.0,"['Action', 'Crime', 'Drama', 'Thriller']",Taylor Hackford,"['Damian Chapa', 'Jesse Borrego', 'Benjamin Bratt']",35000000,0,-35000000,-100.0,7.7,115,9.122828,180.0,en
9311,Smilla's Sense of Snow,1997-02-13,1997.0,"['Action', 'Crime', 'Drama', 'Mystery', 'Thriller']",Bille August,"['Julia Ormond', 'Gabriel Byrne', 'Richard Harris']",35000000,0,-35000000,-100.0,6.6,60,5.419181,121.0,en
9280,Femme Fatale,2002-11-06,2002.0,"['Thriller', 'Crime', 'Romance']",Brian De Palma,"['Rebecca Romijn', 'Antonio Banderas', 'Peter Coyote']",35000000,16838910,-18161090,-51.88882857142857,6.2,142,9.07278,114.0,en
26843,Lion of the Desert,1981-04-17,1981.0,"['Action', 'History', 'War']",Moustapha Akkad,"['Anthony Quinn', 'Rod Steiger', 'Oliver Reed']",35000000,0,-35000000,-100.0,7.4,34,2.864979,173.0,en
11876,The Horseman on the Roof,1995-09-20,1995.0,"['War', 'Adventure', 'Drama', 'Romance']",Jean-Paul Rappeneau,"['Juliette Binoche', 'Olivier Martinez', 'Pierre Arditi']",35000000,15000000,-20000000,-57.14285714285714,6.7,25,2.877488,135.0,en
22267,Ride with the Devil,1999-11-24,1999.0,"['Drama', 'War', 'Romance', 'Western']",Ang Lee,"['Tobey Maguire', 'Skeet Ulrich', 'Jeffrey Wright']",38000000,635096,-37364904,-98.32869473684211,6.6,49,5.516207,138.0,en
45958,Biutiful,2010-10-20,2010.0,['Drama'],Alejandro González Iñárritu,"['Javier Bardem', 'Maricel Álvarez', 'Hanaa Bouchaib']",0,25147786,25147786,inf,7.0,291,13.930763,148.0,es
1969,Bandidas,2006-01-18,2006.0,"['Action', 'Comedy', 'Western', 'Crime']",Joachim Rønning,"['Penélope Cruz', 'Salma Hayek', 'Dwight Yoakam']",35000000,10496317,-24503683,-70.01052285714286,5.8,307,20.27704,93.0,es
310706,Black Water Transit,2009-05-13,2009.0,"['Drama', 'Crime']",Tony Kaye,"['Laurence Fishburne', 'Karl Urban', 'Brittany Snow']",0,0,0,,0.0,0,0.126738,100.0,en
198663,The Maze Runner,2014-09-10,2014.0,"['Action', 'Mystery', 'Science Fiction', 'Thriller']",Wes Ball,"[""Dylan O'Brien"", 'Ki Hong Lee', 'Kaya Scodelario']",34000000,348319861,314319861,924.4701794117648,7.0,5371,131.815575,113.0,en
239573,Unfinished Business,2015-03-05,2015.0,['Comedy'],Ken Scott,"['Vince Vaughn', 'Dave Franco', 'James Marsden']",35000000,14431253,-20568747,-58.76784857142857,5.0,320,16.832312,91.0,en
10436,The Age of Innocence,1993-09-17,1993.0,"['Drama', 'Romance']",Martin Scorsese,"['Daniel Day-Lewis', 'Michelle Pfeiffer', 'Winona Ryder']",34000000,32255440,-1744560,-5.131058823529411,7.0,169,9.133747,139.0,en
1381,The Fountain,2006-09-06,2006.0,"['Drama', 'Adventure', 'Science Fiction', 'Romance']",Darren Aronofsky,"['Hugh Jackman', 'Rachel Weisz', 'Ellen Burstyn']",35000000,15304890,-19695110,-56.27174285714286,6.8,827,24.606012,96.0,en
2162,Chill Factor,1999-09-01,1999.0,"['Action', 'Comedy', 'Thriller']",Hugh Johnson,"['Cuba Gooding Jr.', 'Skeet Ulrich', 'Peter Firth']",70000000,11263966,-58736034,-83.90862,5.3,29,3.276912,101.0,en
127493,Stolen,2012-05-17,2012.0,"['Action', 'Crime', 'Drama', 'Thriller']",Simon West,"['Nicolas Cage', 'Malin Åkerman', 'Josh Lucas']",35000000,2106557,-32893443,-93.98126571428571,5.1,344,16.830184,96.0,en
12429,Ponyo,2008-07-19,2008.0,"['Animation', 'Family']",Hayao Miyazaki,"['Yuria Nara', 'Hiroki Doi', 'George Tokoro']",41677699,187479518,145801819,349.8317385515933,7.5,926,39.58676,100.0,ja
228205,The Longest Ride,2015-04-09,2015.0,"['Drama', 'Romance']","George Tillman, Jr.","['Scott Eastwood', 'Britt Robertson', 'Lolita Davidovich']",34000000,63013281,29013281,85.3331794117647,7.3,1064,41.946523,128.0,en
2900,The Astronaut's Wife,1999-08-26,1999.0,"['Drama', 'Science Fiction', 'Thriller']",Rand Ravich,"['Johnny Depp', 'Charlize Theron', 'Joe Morton']",75000000,19598588,-55401412,-73.86854933333333,5.4,254,20.697556,109.0,en
21311,I Dreamed of Africa,2000-05-05,2000.0,"['Romance', 'Drama', 'Adventure']",Hugh Hudson,"['Kim Basinger', 'Vincent Pérez', 'Liam Aiken']",34000000,0,-34000000,-100.0,5.3,18,1.656695,114.0,en
77875,Playing for Keeps,2012-11-29,2012.0,"['Comedy', 'Romance']",Gabriele Muccino,"['Gerard Butler', 'Jessica Biel', 'Uma Thurman']",35000000,0,-35000000,-100.0,5.4,240,17.932561,106.0,en
192136,Mandela: Long Walk to Freedom,2013-12-06,2013.0,"['Drama', 'History']",Justin Chadwick,"['Idris Elba', 'Naomie Harris', 'Tony Kgoroge']",35000000,27330000,-7670000,-21.914285714285715,6.5,224,15.50957,141.0,en
18254,Reds,1981-12-25,1981.0,"['Drama', 'History']",Warren Beatty,"['Warren Beatty', 'Diane Keaton', 'Edward Herrmann']",32000000,40382659,8382659,26.195809375,7.1,67,4.602185,195.0,en
881,A Few Good Men,1992-12-11,1992.0,['Drama'],Rob Reiner,"['Tom Cruise', 'Jack Nicholson', 'Demi Moore']",40000000,243240178,203240178,508.100445,7.1,877,40.379966,138.0,en
10877,Exit Wounds,2001-03-13,2001.0,"['Action', 'Crime', 'Thriller']",Andrzej Bartkowiak,"['Steven Seagal', 'DMX', 'Isaiah Washington']",50000000,79958599,29958599,59.917198000000006,5.3,110,12.601306,101.0,en
9600,Big Momma's House,2000-05-31,2000.0,"['Crime', 'Comedy']",Raja Gosnell,"['Martin Lawrence', 'Nia Long', 'Paul Giamatti']",30000000,173959438,143959438,479.8647933333333,5.6,506,24.389194,98.0,en
202575,Thunder and the House of Magic,2013-12-24,2013.0,"['Family', 'Fantasy', 'Animation', 'Adventure']",Ben Stassen,"['Brianne Siddall', 'Joey Camen', 'Elisa Gabrielli']",34000000,0,-34000000,-100.0,6.3,121,12.867326,85.0,en
71469,The Darkest Hour,2011-12-22,2011.0,"['Horror', 'Action', 'Thriller', 'Science Fiction']",Chris Gorak,"['Emile Hirsch', 'Rachael Taylor', 'Olivia Thirlby']",30000000,64626786,34626786,115.42262000000001,4.8,469,23.328823,89.0,en
85446,Step Up Revolution,2012-07-26,2012.0,"['Music', 'Drama', 'Romance']",Scott Speer,"['Kathryn McCormick', 'Ryan Guzman', 'Stephen Boss']",33000000,140470746,107470746,325.6689272727273,6.7,663,29.775441,99.0,en
326,Snakes on a Plane,2006-08-06,2006.0,"['Action', 'Crime', 'Horror', 'Thriller']",David R. Ellis,"['Samuel L. Jackson', 'Julianna Margulies', 'Kenan Thompson']",33000000,62022014,29022014,87.94549696969696,5.1,497,19.642328,105.0,en
10685,The Watcher,2000-09-08,2000.0,"['Mystery', 'Thriller']",Joe Charbanic,"['James Spader', 'Keanu Reeves', 'Marisa Tomei']",33000000,0,-33000000,-100.0,4.9,110,7.339908,96.0,en
7220,The Punisher,2004-04-15,2004.0,"['Action', 'Crime', 'Drama']",Jonathan Hensleigh,"['Thomas Jane', 'John Travolta', 'Will Patton']",33000000,54700105,21700105,65.75789393939394,6.1,766,35.099611,124.0,en
9763,Goal!: The Dream Begins,2005-06-06,2005.0,['Drama'],Danny Cannon,"['Kuno Becker', 'Alessandro Nivola', 'Anna Friel']",30000000,27610873,-2389127,-7.963756666666668,6.6,238,16.541791,118.0,en
72387,Safe,2012-04-16,2012.0,"['Action', 'Crime', 'Thriller']",Boaz Yakin,"['Jason Statham', 'Chris Sarandon', 'James Hong']",30000000,40346186,10346186,34.48728666666667,6.3,799,31.92695,94.0,en
12596,Pushing Tin,1999-04-23,1999.0,"['Comedy', 'Drama']",Mike Newell,"['John Cusack', 'Billy Bob Thornton', 'Cate Blanchett']",33000000,0,-33000000,-100.0,5.7,116,9.060642,124.0,en
1892,Return of the Jedi,1983-05-23,1983.0,"['Adventure', 'Action', 'Science Fiction']",Richard Marquand,"['Mark Hamill', 'Harrison Ford', 'Carrie Fisher']",32350000,572700000,540350000,1670.32457496136,7.9,4665,46.509071,135.0,en
13460,Doomsday,2008-03-14,2008.0,"['Action', 'Thriller', 'Science Fiction']",Neil Marshall,"['Rhona Mitra', 'Bob Hoskins', 'Malcolm McDowell']",30000000,22211426,-7788574,-25.96191333333333,5.8,363,21.538222,108.0,en
8055,The Reader,2008-12-10,2008.0,"['Drama', 'Romance']",Stephen Daldry,"['Kate Winslet', 'Ralph Fiennes', 'David Kross']",32000000,113019290,81019290,253.18528125,7.2,813,33.923786,124.0,en
50647,Wanderlust,2012-02-23,2012.0,['Comedy'],David Wain,"['Paul Rudd', 'Jennifer Aniston', 'Justin Theroux']",35000000,24159934,-10840066,-30.971617142857145,5.3,394,20.908494,98.0,en
10719,Elf,2003-10-09,2003.0,"['Comedy', 'Family', 'Fantasy']",Jon Favreau,"['Will Ferrell', 'James Caan', 'Zooey Deschanel']",32000000,173398518,141398518,441.87036875,6.4,987,16.901954,97.0,en
9294,Phenomenon,1996-07-05,1996.0,"['Drama', 'Fantasy', 'Romance', 'Science Fiction']",Jon Turteltaub,"['John Travolta', 'Kyra Sedgwick', 'Forest Whitaker']",32000000,152036382,120036382,375.11369375000004,6.2,323,15.039407,123.0,en
11888,Snow Dogs,2002-01-18,2002.0,"['Adventure', 'Comedy', 'Family']",Brian Levant,"['Jim Belushi', 'Cuba Gooding Jr.', 'James Coburn']",33000000,0,-33000000,-100.0,5.3,185,13.655735,99.0,en
9647,Scrooged,1988-11-22,1988.0,"['Fantasy', 'Comedy', 'Drama']",Richard Donner,"['Bill Murray', 'Karen Allen', 'John Forsythe']",0,60328000,60328000,inf,6.7,390,21.620317,101.0,en
9353,Nacho Libre,2006-06-16,2006.0,"['Comedy', 'Family']",Jared Hess,"['Jack Black', 'Ana de la Reguera', 'Héctor Jiménez']",32000000,80197993,48197993,150.618728125,5.6,359,14.642055,92.0,en
55721,Bridesmaids,2011-04-28,2011.0,"['Comedy', 'Romance']",Paul Feig,"['Kristen Wiig', 'Rose Byrne', 'Maya Rudolph']",32500000,288383523,255883523,787.3339169230769,6.5,1661,17.107065,125.0,en
109414,This Is the End,2013-06-12,2013.0,"['Action', 'Comedy']",Seth Rogen,"['James Franco', 'Jonah Hill', 'Seth Rogen']",32000000,126041322,94041322,293.87913125,6.3,2359,38.21708,107.0,en
10307,Stigmata,1999-09-10,1999.0,['Horror'],Rupert Wainwright,"['Patricia Arquette', 'Gabriel Byrne', 'Jonathan Pryce']",29000000,50041732,21041732,72.55769655172413,6.0,242,14.993169,103.0,en
11978,Men of Honor,2000-09-13,2000.0,['Drama'],"George Tillman, Jr.","['Robert De Niro', 'Cuba Gooding Jr.', 'Charlize Theron']",32000000,48814909,16814909,52.546590625,7.0,544,24.147269,129.0,en
22907,Takers,2010-08-26,2010.0,"['Action', 'Crime', 'Drama', 'Thriller']",John Luessenhop,"['Chris Brown', 'Hayden Christensen', 'Matt Dillon']",32000000,69055695,37055695,115.799046875,6.0,394,18.47242,107.0,en
87567,The Big Wedding,2013-04-25,2013.0,['Comedy'],Justin Zackham,"['Robert De Niro', 'Diane Keaton', 'Katherine Heigl']",35000000,21819348,-13180652,-37.65900571428571,5.7,414,18.84332,90.0,en
38322,"Big Mommas: Like Father, Like Son",2011-02-16,2011.0,"['Crime', 'Comedy', 'Action']",John Whitesell,"['Martin Lawrence', 'Brandon T. Jackson', 'Portia Doubleday']",32000000,83615414,51615414,161.29816875,5.3,313,15.901137,107.0,en
45612,Source Code,2011-03-30,2011.0,"['Thriller', 'Science Fiction', 'Mystery']",Duncan Jones,"['Jake Gyllenhaal', 'Michelle Monaghan', 'Vera Farmiga']",32000000,147332697,115332697,360.41467812499997,7.1,2699,59.19888,93.0,en
7305,Alive,1993-01-15,1993.0,"['Action', 'Adventure', 'Drama', 'Thriller']",Frank Marshall,"['Ethan Hawke', 'Vincent Spano', 'Josh Hamilton']",32000000,36733909,4733909,14.793465625,6.7,374,14.48851,120.0,en
3594,The Number 23,2007-02-23,2007.0,"['Thriller', 'Drama', 'Mystery']",Joel Schumacher,"['Jim Carrey', 'Virginia Madsen', 'Logan Lerman']",30000000,77566815,47566815,158.55605,6.3,1018,23.197408,101.0,en
157841,The Young and Prodigious T.S. Spivet,2013-10-16,2013.0,"['Adventure', 'Drama', 'Family']",Jean-Pierre Jeunet,"['Kyle Catlett', 'Helena Bonham Carter', 'Judy Davis']",33000000,9494789,-23505211,-71.22791212121213,6.7,232,10.651202,105.0,en
11519,1941,1979-12-13,1979.0,"['Action', 'Comedy']",Steven Spielberg,"['Dan Aykroyd', 'Ned Beatty', 'John Belushi']",35000000,31755742,-3244258,-9.26930857142857,5.6,143,10.032626,113.0,en
12920,Dreamer: Inspired By a True Story,2005-09-10,2005.0,"['Drama', 'Family']",John Gatins,"['Kurt Russell', 'Dakota Fanning', 'Kris Kristofferson']",0,0,0,,6.3,67,6.048743,106.0,en
59,A History of Violence,2005-09-23,2005.0,"['Drama', 'Thriller', 'Crime']",David Cronenberg,"['Viggo Mortensen', 'Maria Bello', 'Heidi Hayes']",32000000,60740827,28740827,89.815084375,6.9,832,34.628738,96.0,en
9335,Transporter 2,2005-08-02,2005.0,"['Action', 'Thriller', 'Crime']",Louis Leterrier,"['Jason Statham', 'Amber Valletta', 'Kate Nauta']",32000000,85167639,53167639,166.148871875,6.2,1061,47.5612,87.0,en
12106,The Quick and the Dead,1995-02-09,1995.0,"['Action', 'Western']",Sam Raimi,"['Sharon Stone', 'Gene Hackman', 'Russell Crowe']",32000000,18552460,-13447540,-42.0235625,6.3,427,16.473355,107.0,en
11141,Laws of Attraction,2004-04-04,2004.0,"['Action', 'Comedy', 'Romance', 'Thriller']",Peter Howitt,"['Pierce Brosnan', 'Julianne Moore', 'Michael Sheen']",28000000,30016165,2016165,7.200589285714286,5.6,104,6.201404,90.0,en
8649,Bringing Out the Dead,1999-10-22,1999.0,['Drama'],Martin Scorsese,"['Nicolas Cage', 'Patricia Arquette', 'John Goodman']",32000000,0,-32000000,-100.0,6.6,225,15.560918,121.0,en
31867,Repo Men,2010-03-18,2010.0,"['Action', 'Science Fiction', 'Thriller', 'Crime']",Miguel Sapochnik,"['Jude Law', 'Forest Whitaker', 'Alice Braga']",32000000,18409891,-13590109,-42.469090625,6.2,620,25.799697,111.0,en
10253,Dragon Wars: D-War,2007-02-08,2007.0,"['Fantasy', 'Drama', 'Horror', 'Action', 'Thriller', 'Science Fiction']",Shim Hyung-Rae,"['Jason Behr', 'Robert Forster', 'Aimee Garcia']",70000000,53587404,-16412596,-23.446565714285715,4.0,104,4.822033,90.0,ko
3587,Bogus,1996-09-06,1996.0,"['Fantasy', 'Comedy', 'Family']",Norman Jewison,"['Whoopi Goldberg', 'Gérard Depardieu', 'Haley Joel Osment']",32000000,0,-32000000,-100.0,5.4,44,3.379454,110.0,en
124459,The Incredible Burt Wonderstone,2013-03-14,2013.0,['Comedy'],Don Scardino,"['Steve Carell', 'Jim Carrey', 'Steve Buscemi']",30000000,27437881,-2562119,-8.540396666666666,5.3,724,26.9385,100.0,en
24662,Cats Don't Dance,1997-03-26,1997.0,"['Animation', 'Comedy', 'Family', 'Music']",Mark Dindal,"['Scott Bakula', 'Jasmine Guy', 'Natalie Cole']",32000000,3566637,-28433363,-88.854259375,7.1,24,4.098444,75.0,en
32274,Cradle Will Rock,1999-12-10,1999.0,['Drama'],Tim Robbins,"['Hank Azaria', 'Rubén Blades', 'Joan Cusack']",0,0,0,,7.2,18,4.901553,132.0,en
182,The Good German,2006-12-08,2006.0,"['War', 'Crime', 'Drama', 'Mystery', 'Romance', 'Thriller']",Steven Soderbergh,"['George Clooney', 'Cate Blanchett', 'Tobey Maguire']",32000000,5914908,-26085092,-81.5159125,5.9,86,5.347936,108.0,en
5494,George and the Dragon,2004-03-28,2004.0,['Adventure'],Tom Reeve,"['James Purefoy', 'Piper Perabo', 'Patrick Swayze']",32000000,0,-32000000,-100.0,5.0,13,4.120549,93.0,en
28,Apocalypse Now,1979-08-15,1979.0,"['Drama', 'War']",Francis Ford Coppola,"['Martin Sheen', 'Marlon Brando', 'Robert Duvall']",31500000,89460381,57960381,184.0012095238095,8.0,2055,49.973462,153.0,en
38073,Going the Distance,2010-09-01,2010.0,"['Comedy', 'Drama', 'Romance']",Nanette Burstein,"['Drew Barrymore', 'Justin Long', 'Charlie Day']",32000000,42045846,10045846,31.393268749999997,6.0,262,13.611544,102.0,en
2054,Mr. Holland's Opus,1995-12-29,1995.0,"['Music', 'Drama', 'Family']",Stephen Herek,"['Richard Dreyfuss', 'Glenne Headly', 'Jay Thomas']",0,106269971,106269971,inf,6.9,113,6.775294,137.0,en
302156,Criminal,2016-04-14,2016.0,['Action'],Ariel Vromen,"['Kevin Costner', 'Gary Oldman', 'Tommy Lee Jones']",31500000,14708696,-16791304,-53.30572698412699,5.7,557,27.891012,113.0,en
606,Out of Africa,1985-12-20,1985.0,['Drama'],Sydney Pollack,"['Meryl Streep', 'Robert Redford', 'Klaus Maria Brandauer']",31000000,128499205,97499205,314.51356451612907,7.0,279,13.864975,161.0,en
87502,Flight,2012-11-02,2012.0,['Drama'],Robert Zemeckis,"['Denzel Washington', 'Don Cheadle', 'Bruce Greenwood']",31000000,161772375,130772375,421.84637096774196,6.5,2415,42.213765,138.0,en
698,Moonraker,1979-06-26,1979.0,"['Action', 'Adventure', 'Thriller', 'Science Fiction']",Lewis Gilbert,"['Roger Moore', 'Lois Chiles', 'Michael Lonsdale']",34000000,210308099,176308099,518.5532323529411,5.9,541,29.887404,126.0,en
120467,The Grand Budapest Hotel,2014-02-26,2014.0,"['Comedy', 'Drama']",Wes Anderson,"['Ralph Fiennes', 'Tony Revolori', 'F. Murray Abraham']",30000000,174600318,144600318,482.00106,8.0,4519,74.417456,99.0,en
11313,Hearts in Atlantis,2001-09-07,2001.0,"['Drama', 'Mystery']",Scott Hicks,"['Anthony Hopkins', 'Anton Yelchin', 'Hope Davis']",31000000,24185781,-6814219,-21.98135161290323,6.4,131,7.06762,101.0,en
6488,Arachnophobia,1990-08-09,1990.0,"['Comedy', 'Horror']",Frank Marshall,"['Jeff Daniels', 'Harley Jane Kozak', 'Garette Ratliff Henson']",31000000,53208180,22208180,71.63929032258064,6.2,433,15.895661,103.0,en
10559,Frequency,2000-04-28,2000.0,"['Crime', 'Drama', 'Science Fiction', 'Thriller']",Gregory Hoblit,"['Dennis Quaid', 'Jim Caviezel', 'Andre Braugher']",31000000,68106245,37106245,119.69756451612903,7.0,462,19.258041,118.0,en
296099,Vacation,2015-07-28,2015.0,['Comedy'],John Francis Daley,"['Ed Helms', 'Christina Applegate', 'Skyler Gisondo']",31000000,104384188,73384188,236.72318709677418,6.2,1195,47.753598,99.0,en
8012,Get Shorty,1995-10-20,1995.0,"['Comedy', 'Thriller', 'Crime']",Barry Sonnenfeld,"['John Travolta', 'Gene Hackman', 'Rene Russo']",30250000,115101622,84851622,280.5012297520661,6.4,302,15.585138,105.0,en
1574,Chicago,2002-12-26,2002.0,"['Action', 'Comedy', 'Crime', 'Drama', 'Music']",Rob Marshall,"['Catherine Zeta-Jones', 'Renée Zellweger', 'Queen Latifah']",45000000,306776732,261776732,581.7260711111112,6.9,677,32.217425,113.0,en
9032,Big Daddy,1999-06-25,1999.0,"['Comedy', 'Drama']",Dennis Dugan,"['Adam Sandler', 'Joey Lauren Adams', 'Kristy Swanson']",34200000,234801895,200601895,586.5552485380117,6.1,875,34.86859,93.0,en
2770,American Pie 2,2001-08-10,2001.0,"['Comedy', 'Romance']",J.B. Rogers,"['Jason Biggs', 'Thomas Ian Nicholas', 'Chris Klein']",30000000,287553595,257553595,858.5119833333333,6.0,1344,36.432598,108.0,en
862,Toy Story,1995-10-30,1995.0,"['Animation', 'Comedy', 'Family']",John Lasseter,"['Tom Hanks', 'Tim Allen', 'Don Rickles']",30000000,373554033,343554033,1145.18011,7.7,5269,73.640445,81.0,en
1637,Speed,1994-06-09,1994.0,"['Action', 'Adventure', 'Crime']",Jan de Bont,"['Keanu Reeves', 'Dennis Hopper', 'Sandra Bullock']",30000000,350448145,320448145,1068.1604833333333,6.8,1783,49.526736,116.0,en
72570,The Vow,2012-02-05,2012.0,"['Drama', 'Romance']",Michael Sucsy,"['Rachel McAdams', 'Channing Tatum', 'Sam Neill']",30000000,196114570,166114570,553.7152333333333,7.0,1293,26.780961,104.0,en
27569,Extraordinary Measures,2010-01-21,2010.0,['Drama'],Tom Vaughan,"['Harrison Ford', 'Brendan Fraser', 'Keri Russell']",31000000,15134293,-15865707,-51.1797,6.0,89,6.487344,105.0,en
10637,Remember the Titans,2000-09-29,2000.0,['Drama'],Boaz Yakin,"['Denzel Washington', 'Will Patton', 'Ryan Hurst']",30000000,136706683,106706683,355.6889433333333,7.4,821,25.996219,113.0,en
1669,The Hunt for Red October,1990-03-02,1990.0,"['Action', 'Adventure', 'Thriller']",John McTiernan,"['Alec Baldwin', 'Sean Connery', 'Scott Glenn']",30000000,199200000,169200000,564.0,7.2,957,46.212155,134.0,en
132363,The Butler,2013-08-16,2013.0,['Drama'],Lee Daniels,"['Forest Whitaker', 'David Banner', 'Michael Rainey Jr.']",25000000,115922175,90922175,363.68870000000004,7.2,1101,32.105328,132.0,en
9472,DodgeBall: A True Underdog Story,2004-06-18,2004.0,['Comedy'],Rawson Marshall Thurber,"['Vince Vaughn', 'Christine Taylor', 'Ben Stiller']",20000000,167722310,147722310,738.61155,6.2,981,41.156217,92.0,en
2907,The Addams Family,1991-11-22,1991.0,"['Horror', 'Comedy', 'Fantasy']",Barry Sonnenfeld,"['Raúl Juliá', 'Anjelica Huston', 'Christopher Lloyd']",30000000,191502426,161502426,538.34142,6.7,848,37.179547,99.0,en
9273,Ace Ventura: When Nature Calls,1995-11-10,1995.0,"['Crime', 'Comedy', 'Adventure']",Steve Oedekerk,"['Jim Carrey', 'Ian McNeice', 'Simon Callow']",30000000,212385533,182385533,607.9517766666667,6.1,1099,34.391792,90.0,en
9880,The Princess Diaries,2001-08-03,2001.0,"['Comedy', 'Family', 'Romance']",Garry Marshall,"['Anne Hathaway', 'Julie Andrews', 'Heather Matarazzo']",37000000,165335153,128335153,346.8517648648649,6.5,1023,40.176265,115.0,en
2925,The First Wives Club,1996-09-20,1996.0,['Comedy'],Hugh Wilson,"['Goldie Hawn', 'Bette Midler', 'Diane Keaton']",26000000,116400000,90400000,347.6923076923077,6.5,166,10.704596,102.0,en
807,Se7en,1995-09-22,1995.0,"['Crime', 'Mystery', 'Thriller']",David Fincher,"['Brad Pitt', 'Morgan Freeman', 'Gwyneth Paltrow']",33000000,327311859,294311859,891.8541181818181,8.1,5765,79.579532,127.0,en
17654,District 9,2009-08-05,2009.0,['Science Fiction'],Neill Blomkamp,"['Sharlto Copley', 'Jason Cope', 'Nathalie Boltt']",30000000,210819611,180819611,602.7320366666667,7.3,3382,63.13678,112.0,en
11836,The SpongeBob SquarePants Movie,2004-11-14,2004.0,"['Animation', 'Comedy', 'Family']",Stephen Hillenburg,"['Tom Kenny', 'Clancy Brown', 'Rodger Bumpass']",30000000,140161792,110161792,367.2059733333333,6.7,574,27.870755,87.0,en
322,Mystic River,2003-10-07,2003.0,"['Thriller', 'Crime', 'Drama', 'Mystery']",Clint Eastwood,"['Sean Penn', 'Tim Robbins', 'Kevin Bacon']",25000000,156822020,131822020,527.28808,7.6,1422,31.242999,138.0,en
70,Million Dollar Baby,2004-12-15,2004.0,['Drama'],Clint Eastwood,"['Clint Eastwood', 'Hilary Swank', 'Morgan Freeman']",30000000,216763646,186763646,622.5454866666666,7.7,2439,70.456012,132.0,en
9535,Analyze This,1999-03-05,1999.0,"['Comedy', 'Crime']",Harold Ramis,"['Robert De Niro', 'Billy Crystal', 'Lisa Kudrow']",80000000,176885658,96885658,121.10707249999999,6.4,503,29.415229,103.0,en
11036,The Notebook,2004-06-25,2004.0,"['Romance', 'Drama']",Nick Cassavetes,"['Rachel McAdams', 'Ryan Gosling', 'Gena Rowlands']",29000000,115603229,86603229,298.631824137931,7.7,3067,55.109138,123.0,en
6557,27 Dresses,2008-01-10,2008.0,"['Comedy', 'Romance']",Anne Fletcher,"['Katherine Heigl', 'James Marsden', 'Malin Åkerman']",30000000,160259319,130259319,434.19773,6.1,978,30.695228,111.0,en
18126,Hannah Montana: The Movie,2009-04-10,2009.0,"['Comedy', 'Drama', 'Family', 'Music', 'Romance']",Peter Chelsom,"['Miley Cyrus', 'Billy Ray Cyrus', 'Emily Osment']",35000000,155545279,120545279,344.41508285714286,6.0,449,13.788422,102.0,en
16340,Rugrats in Paris: The Movie,2000-09-14,2000.0,"['Adventure', 'Animation', 'Comedy', 'Family']",Stig Bergqvist,"['E.G. Daily', 'Susan Sarandon', 'John Lithgow']",30,103,73,243.33333333333331,6.0,100,4.590277,78.0,it
10333,The Prince of Tides,1991-12-25,1991.0,"['Drama', 'Romance']",Barbra Streisand,"['Nick Nolte', 'Barbra Streisand', 'Blythe Danner']",30000000,74787599,44787599,149.29199666666665,5.9,56,3.845231,132.0,en
4476,Legends of the Fall,1994-12-16,1994.0,"['Adventure', 'Drama', 'Romance', 'War']",Edward Zwick,"['Brad Pitt', 'Anthony Hopkins', 'Aidan Quinn']",30000000,160638883,130638883,435.4629433333334,7.2,619,26.952727,133.0,en
22947,Up in the Air,2009-09-05,2009.0,"['Drama', 'Romance']",Jason Reitman,"['George Clooney', 'Vera Farmiga', 'Anna Kendrick']",25000000,163670000,138670000,554.6800000000001,6.7,1205,33.704181,109.0,en
2755,About Schmidt,2002-12-13,2002.0,"['Drama', 'Comedy']",Alexander Payne,"['Jack Nicholson', 'Kathy Bates', 'Hope Davis']",30000000,105834556,75834556,252.78185333333334,6.7,362,19.925026,125.0,en
82654,Warm Bodies,2013-01-31,2013.0,"['Horror', 'Comedy', 'Romance']",Jonathan Levine,"['Nicholas Hoult', 'Teresa Palmer', 'Analeigh Tipton']",35000000,116980662,81980662,234.23046285714287,6.4,2652,43.742241,97.0,en
59967,Looper,2012-09-26,2012.0,"['Action', 'Thriller', 'Science Fiction']",Rian Johnson,"['Joseph Gordon-Levitt', 'Bruce Willis', 'Emily Blunt']",30000000,47042000,17042000,56.80666666666667,6.6,4697,46.377628,118.0,en
16300,Down to Earth,2001-02-16,2001.0,"['Fantasy', 'Comedy', 'Science Fiction', 'Romance']",Chris Weitz,"['Chris Rock', 'Regina King', 'Chazz Palminteri']",0,0,0,,4.9,95,9.166658,87.0,en
9598,Babe,1995-07-18,1995.0,"['Fantasy', 'Drama', 'Comedy', 'Family']",Chris Noonan,"['Christine Cavanaugh', 'Miriam Margolyes', 'Danny Mann']",30000000,254134910,224134910,747.1163666666666,6.0,733,34.36645,89.0,en
82696,Hope Springs,2012-08-07,2012.0,"['Drama', 'Comedy', 'Romance']",David Frankel,"['Meryl Streep', 'Steve Carell', 'Tommy Lee Jones']",30000000,114281051,84281051,280.93683666666664,5.8,284,12.967137,100.0,en
9870,Forgetting Sarah Marshall,2008-04-17,2008.0,"['Comedy', 'Romance', 'Drama']",Nicholas Stoller,"['Jason Segel', 'Kristen Bell', 'Mila Kunis']",30000000,105173115,75173115,250.57705,6.4,1172,50.670253,111.0,en
8292,Four Brothers,2005-08-11,2005.0,"['Action', 'Crime']",John Singleton,"['Mark Wahlberg', 'Tyrese Gibson', 'André Benjamin']",45000000,92374674,47374674,105.27705333333333,6.7,607,24.694551,109.0,en
8780,Baby Mama,2008-04-23,2008.0,['Comedy'],Michael McCullers,"['Tina Fey', 'Amy Poehler', 'Dax Shepard']",30000000,63833449,33833449,112.77816333333332,5.8,205,11.409124,99.0,en
9715,Hope Floats,1998-05-29,1998.0,"['Drama', 'Romance']",Forest Whitaker,"['Sandra Bullock', 'Harry Connick Jr.', 'Gena Rowlands']",0,0,0,,5.8,81,7.922716,114.0,en
10521,Bride Wars,2009-01-09,2009.0,['Comedy'],Gary Winick,"['Anne Hathaway', 'Kate Hudson', 'Bryan Greenberg']",30000000,114663461,84663461,282.21153666666663,5.9,856,33.385429,89.0,en
10762,Without a Paddle,2004-08-20,2004.0,"['Action', 'Adventure', 'Comedy', 'Thriller']",Steven Brill,"['Seth Green', 'Matthew Lillard', 'Dax Shepard']",19000000,69631118,50631118,266.47956842105265,5.3,214,8.584398,95.0,en
10096,13 Going on 30,2004-04-13,2004.0,"['Comedy', 'Fantasy', 'Romance']",Gary Winick,"['Jennifer Garner', 'Mark Ruffalo', 'Judy Greer']",37000000,96455697,59455697,160.691072972973,6.3,1204,41.569541,98.0,en
59436,Midnight in Paris,2011-05-11,2011.0,"['Fantasy', 'Comedy', 'Romance']",Woody Allen,"['Owen Wilson', 'Rachel McAdams', 'Kurt Fuller']",30000000,151119219,121119219,403.73073,7.4,1990,43.753585,94.0,en
227783,The Nut Job,2014-01-17,2014.0,"['Animation', 'Comedy', 'Family', 'Adventure']",Peter Lepeniotis,"['Will Arnett', 'Katherine Heigl', 'Brendan Fraser']",0,0,0,,5.5,319,18.568021,85.0,en
4133,Blow,2001-04-04,2001.0,"['Crime', 'Drama']",Ted Demme,"['Johnny Depp', 'Penélope Cruz', 'Ethan Suplee']",53000000,83282296,30282296,57.13640754716981,7.4,1317,28.350529,124.0,en
10207,Message in a Bottle,1999-02-22,1999.0,"['Romance', 'Drama']",Luis Mandoki,"['Kevin Costner', 'Robin Wright', 'Paul Newman']",80000000,118880016,38880016,48.60002,5.8,196,10.81051,131.0,en
172,Star Trek V: The Final Frontier,1989-06-09,1989.0,"['Science Fiction', 'Action', 'Adventure', 'Thriller']",William Shatner,"['William Shatner', 'Leonard Nimoy', 'DeForest Kelley']",30000000,70200000,40200000,134.0,5.6,376,19.578249,107.0,en
21972,Like Mike,2002-07-03,2002.0,"['Comedy', 'Drama', 'Family', 'Fantasy']",John Schultz,"['Shad Moss', 'Morris Chestnut', 'Jonathan Lipnicki']",30000000,0,-30000000,-100.0,5.7,100,5.73667,99.0,en
36593,The Naked Gun 33⅓: The Final Insult,1994-03-18,1994.0,"['Comedy', 'Crime']",Peter Segal,"['Leslie Nielsen', 'Priscilla Presley', 'George Kennedy']",30000000,51132598,21132598,70.44199333333333,6.3,521,28.624038,83.0,en
707,A View to a Kill,1985-05-24,1985.0,"['Adventure', 'Action', 'Thriller']",John Glen,"['Roger Moore', 'Christopher Walken', 'Tanya Roberts']",30000000,152427960,122427960,408.09319999999997,6.0,506,27.230493,131.0,en
533,The Curse of the Were-Rabbit,2005-09-04,2005.0,"['Adventure', 'Animation', 'Comedy', 'Family']",Nick Park,"['Peter Sallis', 'Helena Bonham Carter', 'Ralph Fiennes']",30000000,192452832,162452832,541.50944,6.8,643,30.380747,85.0,en
6023,P.S. I Love You,2007-11-15,2007.0,"['Drama', 'Romance']",Richard LaGravenese,"['Hilary Swank', 'Gerard Butler', 'Lisa Kudrow']",30000000,156835339,126835339,422.78446333333335,6.9,977,29.489274,126.0,en
6439,Racing Stripes,2005-01-06,2005.0,['Comedy'],Frederik Du Chau,"['Frankie Muniz', 'Mandy Moore', 'Hayden Panettiere']",30000000,93772522,63772522,212.5750733333333,5.1,123,8.058109,102.0,en
4347,Atonement,2007-08-29,2007.0,"['Drama', 'Romance']",Joe Wright,"['Keira Knightley', 'James McAvoy', 'Romola Garai']",30000000,129266061,99266061,330.88687,7.4,1049,33.369305,123.0,en
37056,Letters to Juliet,2010-05-14,2010.0,"['Comedy', 'Drama', 'Romance']",Gary Winick,"['Amanda Seyfried', 'Christopher Egan', 'Gael García Bernal']",30000000,0,-30000000,-100.0,6.6,796,16.52083,105.0,en
4105,Black Rain,1989-09-22,1989.0,"['Action', 'Thriller', 'Crime']",Ridley Scott,"['Michael Douglas', 'Andy García', 'Kate Capshaw']",30000000,45892212,15892212,52.97404,6.2,243,11.19602,125.0,en
76489,The Three Stooges,2012-04-13,2012.0,['Comedy'],Bobby Farrelly,"['Sean Hayes', 'Will Sasso', 'Chris Diamantopoulos']",30000000,54819301,24819301,82.73100333333333,4.9,140,14.585968,92.0,en
3933,Corpse Bride,2005-09-09,2005.0,"['Romance', 'Fantasy', 'Animation', 'Music']",Tim Burton,"['Johnny Depp', 'Helena Bonham Carter', 'Emily Watson']",40000000,117195061,77195061,192.9876525,7.2,1894,43.571612,77.0,en
9918,Glory Road,2006-01-13,2006.0,['Drama'],James Gartner,"['Josh Lucas', 'Derek Luke', 'Jon Voight']",0,42647449,42647449,inf,7.2,144,8.305085,118.0,en
273481,Sicario,2015-09-17,2015.0,"['Action', 'Crime', 'Drama', 'Mystery', 'Thriller']",Denis Villeneuve,"['Emily Blunt', 'Benicio del Toro', 'Josh Brolin']",30000000,84025816,54025816,180.08605333333335,7.2,2416,55.424027,121.0,en
307081,Southpaw,2015-06-15,2015.0,"['Action', 'Drama']",Antoine Fuqua,"['Jake Gyllenhaal', 'Rachel McAdams', 'Forest Whitaker']",30000000,91709827,61709827,205.69942333333336,7.3,2067,65.364452,123.0,en
16871,Drag Me to Hell,2009-03-15,2009.0,"['Horror', 'Thriller']",Sam Raimi,"['Alison Lohman', 'Justin Long', 'Lorna Raver']",30000000,90810892,60810892,202.70297333333335,6.2,966,45.083509,99.0,en
293863,The Age of Adaline,2015-04-16,2015.0,"['Fantasy', 'Drama', 'Romance']",Lee Toland Krieger,"['Blake Lively', 'Michiel Huisman', 'Harrison Ford']",25000000,65663276,40663276,162.65310399999998,7.4,1990,82.052056,112.0,en
13156,Secondhand Lions,2003-09-19,2003.0,"['Comedy', 'Drama', 'Family']",Tim McCanlies,"['Michael Caine', 'Robert Duvall', 'Haley Joel Osment']",0,0,0,,6.9,260,15.011624,111.0,en
41233,Step Up 3D,2010-08-04,2010.0,"['Drama', 'Romance']",Jon M. Chu,"['Rick Malambri', 'Adam G. Sevani', 'Joe Slaughter']",30000000,159291809,129291809,430.9726966666667,6.6,582,25.060342,107.0,en
9266,Blue Crush,2002-08-08,2002.0,['Adventure'],John Stockwell,"['Kate Bosworth', 'Matthew Davis', 'Michelle Rodriguez']",25000000,51842679,26842679,107.37071600000002,5.6,159,11.42943,104.0,en
1262,Stranger Than Fiction,2006-09-09,2006.0,"['Comedy', 'Drama', 'Fantasy', 'Romance']",Marc Forster,"['Will Ferrell', 'Maggie Gyllenhaal', 'Dustin Hoffman']",30000000,53653224,23653224,78.84408,7.1,721,32.26789,113.0,en
4513,30 Days of Night,2007-10-17,2007.0,"['Horror', 'Thriller']",David Slade,"['Josh Hartnett', 'Melissa George', 'Ben Foster']",30000000,75505973,45505973,151.68657666666667,6.2,767,33.394082,113.0,en
22970,The Cabin in the Woods,2012-04-12,2012.0,"['Horror', 'Thriller']",Drew Goddard,"['Kristen Connolly', 'Chris Hemsworth', 'Anna Hutchison']",30000000,66486080,36486080,121.62026666666668,6.5,2263,73.987775,95.0,en
7278,Meet the Spartans,2008-01-24,2008.0,['Comedy'],Jason Friedberg,"['Sean Maguire', 'Carmen Electra', 'Ken Davitian']",30000000,84646831,54646831,182.15610333333333,3.7,359,10.608998,84.0,en
9013,Midnight Run,1988-07-20,1988.0,"['Adventure', 'Comedy', 'Crime']",Martin Brest,"['Robert De Niro', 'Charles Grodin', 'Yaphet Kotto']",30000000,38413606,8413606,28.045353333333335,7.2,238,12.821329,126.0,en
865,The Running Man,1987-11-13,1987.0,"['Action', 'Science Fiction']",Paul Michael Glaser,"['Arnold Schwarzenegger', 'Richard Dawson', 'María Conchita Alonso']",27000000,38122105,11122105,41.19298148148148,6.4,703,30.131498,101.0,en
10776,Little Shop of Horrors,1986-12-19,1986.0,"['Horror', 'Comedy', 'Music']",Frank Oz,"['Rick Moranis', 'Ellen Greene', 'Vincent Gardenia']",25000000,38748395,13748395,54.993579999999994,6.6,384,12.113235,94.0,en
50456,Hanna,2011-04-07,2011.0,"['Action', 'Thriller', 'Adventure']",Joe Wright,"['Saoirse Ronan', 'Eric Bana', 'Vicky Krieps']",30000000,63782078,33782078,112.60692666666668,6.5,1263,31.191975,111.0,en
9823,Mortal Kombat: Annihilation,1997-11-21,1997.0,"['Action', 'Fantasy', 'Science Fiction']",John R. Leonetti,"['Robin Shou', 'Talisa Soto', 'James Remar']",30000000,51376861,21376861,71.25620333333333,3.8,221,11.916389,95.0,en
59861,Larry Crowne,2011-06-30,2011.0,"['Comedy', 'Romance', 'Drama']",Tom Hanks,"['Tom Hanks', 'Julia Roberts', 'Bryan Cranston']",30000000,36160375,6160375,20.534583333333334,5.7,359,20.355458,98.0,en
133805,Carrie,2013-10-16,2013.0,"['Drama', 'Horror']",Kimberly Peirce,"['Chloë Grace Moretz', 'Julianne Moore', 'Judy Greer']",30000000,82394288,52394288,174.64762666666667,5.8,1463,63.848541,100.0,en
12763,Take the Lead,2006-03-17,2006.0,['Music'],Liz Friedlander,"['Antonio Banderas', 'Rob Brown', 'Yaya DaCosta']",30000000,34742066,4742066,15.806886666666667,6.6,162,8.999675,108.0,en
9766,Gridiron Gang,2006-09-15,2006.0,"['Action', 'Adventure', 'Crime', 'Drama']",Phil Joanou,"['Dwayne Johnson', 'Xzibit', 'L. Scott Caldwell']",30000000,41480851,11480851,38.26950333333333,6.5,206,9.278361,125.0,en
14034,What's the Worst That Could Happen?,2001-05-31,2001.0,"['Action', 'Comedy']",Sam Weisman,"['Martin Lawrence', 'Danny DeVito', 'John Leguizamo']",45000000,0,-45000000,-100.0,5.1,66,7.185212,94.0,en
12244,9,2009-08-19,2009.0,"['Action', 'Adventure', 'Animation', 'Science Fiction', 'Thriller']",Shane Acker,"['Christopher Plummer', 'Martin Landau', 'John C. Reilly']",30000000,48428063,18428063,61.426876666666665,6.6,1262,55.806402,79.0,en
109421,Side Effects,2013-02-07,2013.0,"['Thriller', 'Crime', 'Drama']",Steven Soderbergh,"['Jude Law', 'Rooney Mara', 'Catherine Zeta-Jones']",30000000,63372757,33372757,111.24252333333334,6.4,1323,48.237797,106.0,en
11137,The Prince & Me,2004-03-28,2004.0,"['Comedy', 'Romance']",Martha Coolidge,"['Julia Stiles', 'Luke Mably', 'Ben Miller']",0,0,0,,5.9,278,17.943945,111.0,en
51162,Winnie the Pooh,2011-04-13,2011.0,"['Animation', 'Family']",Stephen Anderson,"['Jim Cummings', 'Travis Oates', 'Bud Luckey']",30000000,14460000,-15540000,-51.800000000000004,6.8,258,19.143721,63.0,en
10152,Dumb and Dumberer: When Harry Met Lloyd,2003-06-13,2003.0,['Comedy'],Troy Miller,"['Mimi Rogers', 'Eric Christian Olsen', 'Luis Guzmán']",19000000,39267515,20267515,106.67113157894737,4.1,210,15.67747,85.0,en
9452,Bulworth,1998-05-15,1998.0,"['Comedy', 'Drama']",Warren Beatty,"['Warren Beatty', 'Halle Berry', 'Sean Astin']",30000000,29202884,-797116,-2.6570533333333333,6.3,66,4.52363,108.0,en
239566,Get on Up,2014-08-01,2014.0,"['Drama', 'Music']",Tate Taylor,"['Chadwick Boseman', 'Nelsan Ellis', 'Dan Aykroyd']",0,31911598,31911598,inf,6.4,158,13.064264,139.0,en
53113,One True Thing,1998-09-18,1998.0,"['Drama', 'Romance']",Carl Franklin,"['Meryl Streep', 'Renée Zellweger', 'William Hurt']",0,0,0,,6.2,27,2.644427,127.0,en
9271,Virtuosity,1995-08-04,1995.0,"['Action', 'Crime', 'Science Fiction', 'Thriller']",Brett Leonard,"['Denzel Washington', 'Russell Crowe', 'Kelly Lynch']",30000000,24048000,-5952000,-19.84,5.4,163,5.301589,106.0,en
4474,My Super Ex-Girlfriend,2006-06-20,2006.0,"['Fantasy', 'Drama', 'Action', 'Comedy', 'Crime', 'Science Fiction']",Ivan Reitman,"['Uma Thurman', 'Luke Wilson', 'Anna Faris']",0,60896147,60896147,inf,4.8,442,20.252143,95.0,en
184346,Deliver Us from Evil,2014-07-01,2014.0,"['Thriller', 'Crime', 'Horror']",Scott Derrickson,"['Eric Bana', 'Edgar Ramírez', 'Olivia Munn']",30000000,0,-30000000,-100.0,5.9,690,29.359201,118.0,en
48340,Sanctum,2011-02-03,2011.0,"['Action', 'Thriller']",Alister Grierson,"['Ioan Gruffudd', 'Richard Roxburgh', 'Alice Parkinson']",30000000,108609310,78609310,262.0310333333333,5.8,339,20.063165,108.0,en
14846,Little Black Book,2004-08-06,2004.0,"['Comedy', 'Romance', 'Drama']",Nick Hurran,"['Brittany Murphy', 'Holly Hunter', 'Kathy Bates']",35000000,22034832,-12965168,-37.04333714285714,5.2,112,6.246199,111.0,en
72207,The Five-Year Engagement,2012-04-27,2012.0,['Comedy'],Nicholas Stoller,"['Jason Segel', 'Emily Blunt', 'Chris Pratt']",30000000,53909751,23909751,79.69917,5.7,457,27.71063,124.0,en
16232,Mr. 3000,2004-06-15,2004.0,"['Comedy', 'Drama']",Charles Stone III,"['Bernie Mac', 'Angela Bassett', 'Michael Rispoli']",30000000,21800302,-8199698,-27.332326666666667,5.0,66,2.850896,104.0,en
43539,The Next Three Days,2010-11-18,2010.0,"['Romance', 'Drama', 'Thriller', 'Crime']",Paul Haggis,"['Russell Crowe', 'Elizabeth Banks', 'Brian Dennehy']",30000000,51148651,21148651,70.49550333333333,6.9,905,34.421696,133.0,en
9920,Ultraviolet,2006-03-03,2006.0,"['Science Fiction', 'Action', 'Thriller']",Kurt Wimmer,"['Milla Jovovich', 'Cameron Bright', 'Nick Chinlund']",30000000,31070211,1070211,3.5673700000000004,4.8,458,15.89534,87.0,en
8978,Assault on Precinct 13,2005-01-19,2005.0,['Thriller'],Jean-François Richet,"['Ethan Hawke', 'Laurence Fishburne', 'Gabriel Byrne']",30000000,35294470,5294470,17.648233333333334,6.0,311,18.706504,109.0,en
11702,The Replacement Killers,1998-02-06,1998.0,"['Action', 'Drama', 'Crime', 'Thriller']",Antoine Fuqua,"['Chow Yun-fat', 'Mira Sorvino', 'Michael Rooker']",30000000,19204929,-10795071,-35.98357,6.0,127,9.607391,87.0,en
18550,Fled,1996-07-19,1996.0,"['Action', 'Comedy', 'Thriller']",Kevin Hooks,"['Laurence Fishburne', 'Stephen Baldwin', 'Salma Hayek']",25000000,17193231,-7806769,-31.227075999999997,5.2,47,2.77255,98.0,en
8869,Eight Legged Freaks,2002-07-17,2002.0,"['Action', 'Comedy', 'Horror', 'Thriller']",Ellory Elkayem,"['David Arquette', 'Kari Wuhrer', 'Scott Terra']",0,0,0,,5.4,295,17.834976,99.0,en
43347,Love & Other Drugs,2010-11-22,2010.0,"['Drama', 'Comedy', 'Romance']",Edward Zwick,"['Jake Gyllenhaal', 'Anne Hathaway', 'Oliver Platt']",30000000,102820008,72820008,242.73335999999998,6.6,1233,20.236951,112.0,en
3489,88 Minutes,2007-02-14,2007.0,"['Crime', 'Mystery', 'Thriller']",Jon Avnet,"['Al Pacino', 'Alicia Witt', 'Leelee Sobieski']",30000000,16930884,-13069116,-43.56372,5.7,313,16.883429,108.0,en
9701,North Country,2005-02-12,2005.0,['Drama'],Niki Caro,"['Charlize Theron', 'Elle Peterson', 'Thomas Curtis']",35000000,25224242,-9775758,-27.930737142857144,6.8,125,12.779201,126.0,en
2122,The Whole Ten Yards,2004-04-07,2004.0,"['Comedy', 'Thriller', 'Crime']",Howard Deutch,"['Bruce Willis', 'Matthew Perry', 'Amanda Peet']",40000000,26155781,-13844219,-34.6105475,5.5,278,14.729386,98.0,en
37707,Splice,2009-10-06,2009.0,"['Horror', 'Thriller', 'Science Fiction']",Vincenzo Natali,"['Adrien Brody', 'Sarah Polley', 'Delphine Chanéac']",26000000,0,-26000000,-100.0,5.5,671,23.227877,104.0,en
10658,Howard the Duck,1986-08-01,1986.0,"['Comedy', 'Fantasy', 'Science Fiction']",Willard Huyck,"['Lea Thompson', 'Jeffrey Jones', 'Tim Robbins']",37000000,37962774,962774,2.602091891891892,5.1,221,11.374306,110.0,en
13150,Pride and Glory,2008-09-09,2008.0,"['Thriller', 'Crime', 'Drama']",Gavin O'Connor,"['Edward Norton', 'Jon Voight', 'Colin Farrell']",30000000,31148328,1148328,3.82776,6.3,240,10.703602,130.0,en
9042,The Cave,2005-08-25,2005.0,"['Action', 'Adventure', 'Horror', 'Thriller']",Bruce Hunt,"['Cole Hauser', 'Eddie Cibrian', 'Morris Chestnut']",30000000,15007991,-14992009,-49.97336333333333,5.1,202,10.756266,97.0,en
17813,Alex & Emma,2003-06-16,2003.0,"['Comedy', 'Romance']",Rob Reiner,"['Luke Wilson', 'Kate Hudson', 'Sophie Marceau']",30000000,15368897,-14631103,-48.77034333333333,5.0,68,4.352422,96.0,en
11208,Wicker Park,2004-09-03,2004.0,"['Drama', 'Mystery', 'Romance', 'Thriller']",Paul McGuigan,"['Josh Hartnett', 'Rose Byrne', 'Matthew Lillard']",30000000,13001257,-16998743,-56.66247666666666,6.7,157,9.301562,114.0,en
58151,Fright Night,2011-08-18,2011.0,"['Horror', 'Comedy']",Craig Gillespie,"['Anton Yelchin', 'Colin Farrell', 'Toni Collette']",17000000,24922237,7922237,46.60139411764706,6.0,603,18.27083,106.0,en
11400,The New World,2005-12-25,2005.0,"['Drama', 'History', 'Romance']",Terrence Malick,"['Colin Farrell', ""Q'orianka Kilcher"", 'Christopher Plummer']",30000000,30536013,536013,1.78671,6.4,330,19.106154,135.0,en
10350,Wing Commander,1999-03-11,1999.0,"['Action', 'Science Fiction']",Christopher Roberts,"['Freddie Prinze Jr.', 'Saffron Burrows', 'Matthew Lillard']",30000000,0,-30000000,-100.0,4.0,72,5.259585,100.0,en
28902,In Dreams,1999-01-15,1999.0,"['Drama', 'Thriller']",Neil Jordan,"['Annette Bening', 'Aidan Quinn', 'Stephen Rea']",0,0,0,,5.4,44,3.226243,100.0,en
14164,Dragonball Evolution,2009-04-01,2009.0,"['Action', 'Adventure', 'Fantasy', 'Science Fiction', 'Thriller']",James Wong,"['Chow Yun-fat', 'Justin Chatwin', 'Joon Park']",100000000,0,-100000000,-100.0,2.9,462,21.677732,85.0,en
76640,The Last Stand,2013-01-12,2013.0,"['Action', 'Crime', 'Thriller']",Kim Jee-woon,"['Arnold Schwarzenegger', 'Forest Whitaker', 'Rodrigo Santoro']",30000000,0,-30000000,-100.0,5.7,1266,43.882857,107.0,en
11058,Godsend,2004-04-30,2004.0,"['Drama', 'Horror', 'Science Fiction', 'Thriller']",Nick Hamm,"['Greg Kinnear', 'Rebecca Romijn', 'Robert De Niro']",25000000,30114487,5114487,20.457948000000002,4.7,114,12.10235,102.0,en
14844,Chasing Liberty,2004-01-09,2004.0,"['Comedy', 'Romance']",Andy Cadiff,"['Mandy Moore', 'Stark Sands', 'Tony Jayawardena']",23000000,12,-22999988,-99.99994782608695,6.1,152,3.362045,111.0,en
57089,Hoodwinked Too! Hood VS. Evil,2011-04-29,2011.0,"['Comedy', 'Animation', 'Family']",Mike Disa,"['Hayden Panettiere', 'Bill Hader', 'Joan Cusack']",30000000,13521829,-16478171,-54.927236666666666,4.8,131,10.694417,86.0,en
1947,An Unfinished Life,2005-09-09,2005.0,['Drama'],Lasse Hallström,"['Robert Redford', 'Jennifer Lopez', 'Morgan Freeman']",30000000,18618284,-11381716,-37.939053333333334,6.7,161,6.353971,108.0,en
8054,The Imaginarium of Doctor Parnassus,2009-10-01,2009.0,"['Adventure', 'Fantasy', 'Mystery']",Terry Gilliam,"['Christopher Plummer', 'Heath Ledger', 'Johnny Depp']",30000000,64352607,34352607,114.50868999999999,6.3,869,37.181019,123.0,en
46829,Barney's Version,2010-10-26,2010.0,"['Comedy', 'Drama']",Richard J. Lewis,"['Paul Giamatti', 'Dustin Hoffman', 'Rosamund Pike']",30000000,8454301,-21545699,-71.81899666666666,7.2,129,4.952735,134.0,en
146238,Runner Runner,2013-09-24,2013.0,"['Crime', 'Thriller', 'Drama']",Brad Furman,"['Ben Affleck', 'Gemma Arterton', 'Justin Timberlake']",30000000,62616646,32616646,108.72215333333332,5.5,543,22.975918,91.0,en
9989,Antitrust,2001-01-12,2001.0,"['Action', 'Crime', 'Drama']",Peter Howitt,"['Ryan Phillippe', 'Rachael Leigh Cook', 'Tim Robbins']",30000000,18195610,-11804390,-39.347966666666665,5.8,153,8.359599,108.0,en
9665,Glory,1989-12-15,1989.0,['War'],Edward Zwick,"['Matthew Broderick', 'Denzel Washington', 'Cary Elwes']",18000000,26828365,8828365,49.04647222222222,7.4,383,16.102271,122.0,en
311,Once Upon a Time in America,1984-02-16,1984.0,"['Drama', 'Crime']",Sergio Leone,"['Robert De Niro', 'James Woods', 'Elizabeth McGovern']",30000000,0,-30000000,-100.0,8.2,1069,49.336397,229.0,en
102362,Dead Man Down,2013-03-08,2013.0,"['Thriller', 'Action', 'Crime', 'Drama']",Niels Arden Oplev,"['Colin Farrell', 'Noomi Rapace', 'Terrence Howard']",0,18074539,18074539,inf,5.9,638,29.647844,118.0,en
11162,The Merchant of Venice,2004-09-03,2004.0,"['Drama', 'Romance']",Michael Radford,"['Al Pacino', 'Jeremy Irons', 'Joseph Fiennes']",0,0,0,,6.7,144,12.467267,138.0,en
6016,The Good Thief,2003-04-03,2003.0,"['Crime', 'Drama', 'Thriller']",Neil Jordan,"['Nick Nolte', 'Tchéky Karyo', 'Nutsa Kukhianidze']",0,0,0,,6.0,31,2.774811,108.0,en
17186,Supercross,2005-08-16,2005.0,"['Action', 'Adventure', 'Drama', 'Romance']",Steve Boyum,"['Steve Howey', 'Mike Vogel', 'Cameron Richardson']",0,3102550,3102550,inf,5.4,29,3.71305,80.0,en
13967,Miss Potter,2006-12-03,2006.0,"['Drama', 'Family', 'Romance']",Chris Noonan,"['Ewan McGregor', 'Renée Zellweger', 'Emily Watson']",30000000,35078241,5078241,16.92747,6.3,141,8.386432,92.0,en
2008,The Promise,2005-12-15,2005.0,"['Fantasy', 'Drama', 'Action', 'Thriller', 'Romance']",Chen Kaige,"['Cecilia Cheung', 'Liu Ye', 'Hong Chen']",0,0,0,,5.0,29,3.866026,98.0,zh
9053,DOA: Dead or Alive,2006-09-07,2006.0,"['Adventure', 'Action', 'Thriller']",Corey Yuen Kwai,"['Jaime Pressly', 'Devon Aoki', 'Holly Valance']",21000000,480314,-20519686,-97.71279047619048,5.0,205,12.790408,87.0,en
4512,The Assassination of Jesse James by the Coward Robert Ford,2007-09-02,2007.0,"['Action', 'Drama', 'Western']",Andrew Dominik,"['Brad Pitt', 'Casey Affleck', 'Sam Shepard']",30000000,14711793,-15288207,-50.96069,7.0,776,35.53352,160.0,en
76349,1911,2011-07-03,2011.0,"['Adventure', 'Drama', 'Action', 'History', 'War']",Jackie Chan,"['Jackie Chan', 'Li Bingbing', 'Joan Chen']",30000000,108348,-29891652,-99.63884,5.0,41,4.065212,125.0,zh
31203,Little Nicholas,2009-09-30,2009.0,['Comedy'],Laurent Tirard,"['Maxime Godart', 'Valérie Lemercier', 'Kad Merad']",0,0,0,,5.9,306,20.362025,91.0,fr
265208,Wild Card,2015-01-14,2015.0,"['Thriller', 'Crime', 'Drama']",Simon West,"['Jason Statham', 'Michael Angarano', 'Milo Ventimiglia']",30000000,0,-30000000,-100.0,5.4,656,48.0343,92.0,en
45610,Machine Gun Preacher,2011-09-23,2011.0,"['Action', 'Thriller', 'Crime']",Marc Forster,"['Gerard Butler', 'Michelle Monaghan', 'Kathy Baker']",30000000,2527904,-27472096,-91.57365333333334,6.4,286,13.268936,129.0,en
50135,Animals United,2010-10-07,2010.0,"['Animation', 'Family', 'Comedy']",Reinhard Klooss,"['Christoph Maria Herbst', 'Ralf Schmitz', 'Thomas Fritsch']",0,0,0,,5.5,90,8.010046,93.0,de
1874,Goodbye Bafana,2007-02-11,2007.0,"['History', 'Drama']",Bille August,"['Joseph Fiennes', 'Dennis Haysbert', 'Diane Kruger']",30000000,0,-30000000,-100.0,7.0,38,12.257654,140.0,en
271331,United Passions,2014-06-19,2014.0,['Drama'],Frédéric Auburtin,"['Tim Roth', 'Sam Neill', 'Thomas Kretschmann']",27000000,0,-27000000,-100.0,3.0,16,6.036684,110.0,en
215211,Grace of Monaco,2014-05-14,2014.0,"['Romance', 'Drama']",Olivier Dahan,"['Nicole Kidman', 'Milo Ventimiglia', 'Paz Vega']",30000000,0,-30000000,-100.0,5.8,195,10.958697,103.0,en
367961,Savva. Heart of the Warrior,2015-11-12,2015.0,"['Fantasy', 'Adventure', 'Animation']",Maksim Fadeev,"['Maksim Chukharyov', 'Konstantin Khabenskiy', 'Mikhail Galustyan']",30000000,0,-30000000,-100.0,6.4,7,2.625594,85.0,ru
10955,Ripley's Game,2002-09-02,2002.0,"['Crime', 'Thriller']",Liliana Cavani,"['John Malkovich', 'Ray Winstone', 'Uwe Mansshardt']",30000000,0,-30000000,-100.0,6.6,69,2.981047,110.0,en
223702,Sausage Party,2016-07-11,2016.0,"['Adventure', 'Animation', 'Comedy', 'Fantasy']",Conrad Vernon,"['Seth Rogen', 'Kristen Wiig', 'Jonah Hill']",19000000,140752617,121752617,640.803247368421,5.6,2238,66.242737,83.0,en
254470,Pitch Perfect 2,2015-05-07,2015.0,"['Comedy', 'Music']",Elizabeth Banks,"['Anna Kendrick', 'Rebel Wilson', 'Hailee Steinfeld']",29000000,287506194,258506194,891.4006689655173,6.8,1940,71.496894,115.0,en
69,Walk the Line,2005-09-13,2005.0,"['Drama', 'Music', 'Romance']",James Mangold,"['Joaquin Phoenix', 'Reese Witherspoon', 'Ginnifer Goodwin']",28000000,186438883,158438883,565.8531535714285,7.3,718,35.580032,136.0,en
4967,Keeping the Faith,2000-04-14,2000.0,['Comedy'],Edward Norton,"['Ben Stiller', 'Edward Norton', 'Jenna Elfman']",30000000,37036004,7036004,23.453346666666665,5.9,159,8.085872,127.0,en
9449,The Borrowers,1997-12-05,1997.0,"['Adventure', 'Fantasy', 'Action', 'Comedy', 'Family']",Peter Hewitt,"['John Goodman', 'Jim Broadbent', 'Celia Imrie']",29000000,0,-29000000,-100.0,5.8,135,10.364582,86.0,en
11499,Frost/Nixon,2008-10-15,2008.0,"['Drama', 'History']",Ron Howard,"['Michael Sheen', 'Frank Langella', 'Kevin Bacon']",0,0,0,,7.2,328,16.87784,122.0,en
4912,Confessions of a Dangerous Mind,2002-12-30,2002.0,"['Comedy', 'Crime', 'Drama', 'Romance', 'Thriller']",George Clooney,"['Sam Rockwell', 'Drew Barrymore', 'Julia Roberts']",30000000,33013805,3013805,10.046016666666667,6.6,275,18.165957,113.0,en
12771,Serving Sara,2002-08-20,2002.0,"['Comedy', 'Romance']",Reginald Hudlin,"['Matthew Perry', 'Elizabeth Hurley', 'Vincent Pastore']",29000000,16930185,-12069815,-41.62005172413793,5.0,85,8.93941,100.0,en
323676,The Boss,2016-04-07,2016.0,['Comedy'],Ben Falcone,"['Melissa McCarthy', 'Peter Dinklage', 'Kristen Bell']",29000000,78636257,49636257,171.15950689655173,5.5,431,20.55509,91.0,en
12506,Cry Freedom,1987-11-05,1987.0,['Drama'],Richard Attenborough,"['Denzel Washington', 'Kevin Kline', 'Penelope Wilton']",0,0,0,,6.9,51,3.735723,157.0,en
24071,Mumford,1999-09-24,1999.0,"['Comedy', 'Drama', 'Romance']",Lawrence Kasdan,"['Loren Dean', 'Hope Davis', 'Jason Lee']",0,0,0,,6.3,26,4.310168,112.0,en
11249,Seed of Chucky,2004-11-11,2004.0,"['Drama', 'Horror', 'Comedy']",Don Mancini,"['Brad Dourif', 'Jennifer Tilly', 'Billy Boyd']",12000000,24829644,12829644,106.9137,4.9,287,12.653831,87.0,en
9667,The Jacket,2005-03-04,2005.0,"['Drama', 'Mystery', 'Thriller', 'Fantasy']",John Maybury,"['Adrien Brody', 'Keira Knightley', 'Kris Kristofferson']",29000000,21126225,-7873775,-27.15094827586207,6.8,455,24.240361,103.0,en
812,Aladdin,1992-11-25,1992.0,"['Animation', 'Family', 'Comedy', 'Adventure', 'Fantasy', 'Romance']",Ron Clements,"['Scott Weinger', 'Robin Williams', 'Linda Larkin']",28000000,504050219,476050219,1700.1793535714285,7.4,3416,92.982009,90.0,en
277216,Straight Outta Compton,2015-08-13,2015.0,"['Drama', 'Music']",F. Gary Gray,"[""O'Shea Jackson Jr."", 'Corey Hawkins', 'Jason Mitchell']",28000000,201634991,173634991,620.1249678571428,7.7,1355,61.76233,147.0,en
87,Indiana Jones and the Temple of Doom,1984-05-23,1984.0,"['Adventure', 'Action']",Steven Spielberg,"['Harrison Ford', 'Kate Capshaw', 'Jonathan Ke Quan']",28000000,333000000,305000000,1089.2857142857142,7.1,2781,66.976776,118.0,en
14444,The Rugrats Movie,1998-11-20,1998.0,"['Animation', 'Family']",Norton Virgien,"['Whoopi Goldberg', 'David Spade', 'E.G. Daily']",30000000,100491683,70491683,234.97227666666666,5.7,147,7.981116,79.0,en
2043,Along Came a Spider,2001-04-06,2001.0,"['Crime', 'Mystery', 'Thriller', 'Action']",Lee Tamahori,"['Morgan Freeman', 'Monica Potter', 'Michael Wincott']",60000000,105178561,45178561,75.29760166666667,6.1,400,21.252797,104.0,en
315664,Florence Foster Jenkins,2016-05-06,2016.0,"['Comedy', 'Drama']",Stephen Frears,"['Meryl Streep', 'Hugh Grant', 'Rebecca Ferguson']",29000000,48902953,19902953,68.6308724137931,6.6,392,19.237254,110.0,en
1428,Once Upon a Time in Mexico,2003-09-11,2003.0,['Action'],Robert Rodriguez,"['Antonio Banderas', 'Salma Hayek', 'Johnny Depp']",29000000,98185582,69185582,238.57097241379313,6.2,594,27.555646,102.0,en
562,Die Hard,1988-07-15,1988.0,"['Action', 'Thriller']",John McTiernan,"['Bruce Willis', 'Alan Rickman', 'Alexander Godunov']",28000000,140767956,112767956,402.7427,7.5,3948,66.169628,131.0,en
15373,Role Models,2008-02-03,2008.0,['Comedy'],David Wain,"['Seann William Scott', 'Paul Rudd', 'Elizabeth Banks']",28000000,92380927,64380927,229.93188214285715,6.4,564,24.917665,99.0,en
318846,The Big Short,2015-12-11,2015.0,"['Comedy', 'Drama']",Adam McKay,"['Christian Bale', 'Steve Carell', 'Ryan Gosling']",28000000,133346506,105346506,376.2375214285714,7.3,2607,57.518472,130.0,en
26320,Taking Woodstock,2009-09-03,2009.0,"['Music', 'Comedy', 'Drama']",Ang Lee,"['Demetri Martin', 'Imelda Staunton', 'Henry Goodman']",0,0,0,,6.2,127,11.870161,120.0,en
14292,Miracle,2004-02-06,2004.0,"['Drama', 'History']",Gavin O'Connor,"['Kurt Russell', 'Patricia Clarkson', 'Noah Emmerich']",28000000,64445708,36445708,130.16324285714285,7.0,159,7.534003,135.0,en
924,Dawn of the Dead,2004-03-19,2004.0,"['Fantasy', 'Horror', 'Action']",Zack Snyder,"['Sarah Polley', 'Ving Rhames', 'Jake Weber']",28000000,102356381,74356381,265.55850357142856,6.8,1016,44.529429,101.0,en
2018,The Wedding Planner,2001-01-26,2001.0,['Comedy'],Adam Shankman,"['Jennifer Lopez', 'Matthew McConaughey', 'Justin Chambers']",35000000,94728529,59728529,170.65294,5.5,427,14.949395,103.0,en
192577,Space Pirate Captain Harlock,2013-09-07,2013.0,"['Animation', 'Science Fiction']",Shinji Aramaki,"['Shun Oguri', 'Haruma Miura', 'Yu Aoi']",30000000,17137302,-12862698,-42.875659999999996,6.5,356,14.726338,115.0,ja
9428,The Royal Tenenbaums,2001-10-05,2001.0,"['Comedy', 'Drama']",Wes Anderson,"['Gene Hackman', 'Anjelica Huston', 'Ben Stiller']",21000000,71441250,50441250,240.19642857142856,7.4,1286,24.13081,110.0,en
2832,Identity,2003-04-25,2003.0,"['Mystery', 'Thriller']",James Mangold,"['John Cusack', 'Ray Liotta', 'Amanda Peet']",30000000,90259536,60259536,200.86512000000002,7.1,1061,45.915165,90.0,en
137093,Last Vegas,2013-10-31,2013.0,['Comedy'],Jon Turteltaub,"['Robert De Niro', 'Morgan Freeman', 'Michael Douglas']",28000000,134402450,106402450,380.00875,6.4,799,28.043508,105.0,en
699,For Your Eyes Only,1981-06-23,1981.0,"['Adventure', 'Action', 'Thriller']",John Glen,"['Roger Moore', 'Carole Bouquet', 'Chaim Topol']",28000000,195312802,167312802,597.5457214285714,6.3,490,26.090746,127.0,en
9778,Serendipity,2001-10-05,2001.0,"['Comedy', 'Romance']",Peter Chelsom,"['John Cusack', 'Kate Beckinsale', 'Jeremy Piven']",28000000,77516304,49516304,176.84394285714288,6.6,521,14.530803,90.0,en
8831,Timecop,1994-09-15,1994.0,"['Thriller', 'Science Fiction', 'Action', 'Crime']",Peter Hyams,"['Jean-Claude Van Damme', 'Mia Sara', 'Ron Silver']",27000000,101646581,74646581,276.4688185185185,5.5,282,13.308127,99.0,en
9398,Zoolander,2001-09-28,2001.0,['Comedy'],Ben Stiller,"['Ben Stiller', 'Owen Wilson', 'Christine Taylor']",28000000,60780981,32780981,117.07493214285714,6.1,1337,38.0958,89.0,en
112949,Safe Haven,2013-02-07,2013.0,['Romance'],Lasse Hallström,"['Julianne Hough', 'Josh Duhamel', 'Cobie Smulders']",28000000,97594140,69594140,248.5505,6.9,823,37.729059,115.0,en
10439,Hocus Pocus,1993-07-16,1993.0,"['Comedy', 'Family', 'Fantasy']",Kenny Ortega,"['Bette Midler', 'Sarah Jessica Parker', 'Kathy Najimy']",28000000,39514713,11514713,41.123975,6.4,471,18.650748,96.0,en
3638,No Reservations,2007-07-25,2007.0,['Comedy'],Scott Hicks,"['Catherine Zeta-Jones', 'Aaron Eckhart', 'Abigail Breslin']",28000000,92601050,64601050,230.71803571428572,6.1,327,15.794946,104.0,en
23483,Kick-Ass,2010-03-22,2010.0,"['Action', 'Crime']",Matthew Vaughn,"['Aaron Taylor-Johnson', 'Chloë Grace Moretz', 'Christopher Mintz-Plasse']",28000000,96188903,68188903,243.53179642857143,7.1,4645,45.054936,117.0,en
62206,30 Minutes or Less,2011-08-11,2011.0,"['Action', 'Adventure', 'Comedy']",Ruben Fleischer,"['Jesse Eisenberg', 'Danny McBride', 'Aziz Ansari']",28000000,40547440,12547440,44.812285714285714,5.6,531,25.039383,83.0,en
10577,Dracula 2000,2000-12-22,2000.0,"['Thriller', 'Horror']",Patrick Lussier,"['Gerard Butler', 'Christopher Plummer', 'Jonny Lee Miller']",28000000,33000337,5000337,17.85834642857143,4.6,148,6.756771,99.0,en
218778,"Alexander and the Terrible, Horrible, No Good, Very Bad Day",2014-10-08,2014.0,"['Family', 'Comedy']",Miguel Arteta,"['Steve Carell', 'Jennifer Garner', 'Ed Oxenbould']",28000000,100654149,72654149,259.47910357142854,6.1,493,22.14595,81.0,en
4348,Pride & Prejudice,2005-09-16,2005.0,"['Drama', 'Romance']",Joe Wright,"['Keira Knightley', 'Matthew Macfadyen', 'Rosamund Pike']",28000000,121147947,93147947,332.6712392857143,7.7,1358,36.58383,135.0,en
78,Blade Runner,1982-06-25,1982.0,"['Science Fiction', 'Drama', 'Thriller']",Ridley Scott,"['Harrison Ford', 'Rutger Hauer', 'Sean Young']",28000000,33139618,5139618,18.355778571428573,7.9,3509,94.056131,117.0,en
11780,Rob Roy,1995-04-13,1995.0,['Adventure'],Michael Caton-Jones,"['Liam Neeson', 'Jessica Lange', 'John Hurt']",28000000,31596911,3596911,12.846110714285713,6.5,148,10.703456,139.0,en
192102,3 Days to Kill,2014-02-14,2014.0,"['Action', 'Drama', 'Thriller', 'Crime']",McG,"['Kevin Costner', 'Amber Heard', 'Hailee Steinfeld']",28000000,52597999,24597999,87.84999642857143,6.0,883,41.638961,113.0,en
2001,We Own the Night,2007-05-25,2007.0,"['Drama', 'Crime', 'Thriller']",James Gray,"['Joaquin Phoenix', 'Eva Mendes', 'Alex Veadov']",21000000,54926886,33926886,161.5566,6.5,323,14.518708,117.0,en
10383,Lost Souls,2000-10-13,2000.0,"['Horror', 'Thriller']",Janusz Kamiński,"['Winona Ryder', 'Ben Chaplin', 'Sarah Wynter']",0,0,0,,4.5,38,3.312385,97.0,en
11516,Winged Migration,2001-12-12,2001.0,['Documentary'],Jacques Perrin,"['Philippe Labro', 'Jacques Perrin']",35866397,20217080,-15649317,-43.63225277409381,7.0,49,3.75074,98.0,fr
10025,Just My Luck,2006-05-12,2006.0,"['Comedy', 'Drama', 'Family', 'Fantasy', 'Romance']",Donald Petrie,"['Lindsay Lohan', 'Samaire Armstrong', 'Chris Pine']",28000000,38159905,10159905,36.285374999999995,5.8,491,22.074306,103.0,en
15198,"Mystery, Alaska",1999-10-01,1999.0,"['Drama', 'Comedy']",Jay Roach,"['Russell Crowe', 'Hank Azaria', 'Mary McCormack']",28000000,8888143,-19111857,-68.25663214285714,6.0,69,4.436792,119.0,en
23172,The Spy Next Door,2010-01-15,2010.0,"['Action', 'Comedy', 'Family']",Brian Levant,"['Amber Valletta', 'Lucas Till', 'Jackie Chan']",28000000,45236543,17236543,61.55908214285715,5.5,345,14.639324,94.0,en
17834,A Simple Wish,1997-07-11,1997.0,"['Adventure', 'Comedy', 'Family', 'Fantasy']",Michael Ritchie,"['Martin Short', 'Kathleen Turner', 'Mara Wilson']",28000000,8345056,-19654944,-70.19622857142858,5.5,46,1.767479,86.0,en
10016,Ghosts of Mars,2001-08-24,2001.0,"['Action', 'Horror', 'Science Fiction']",John Carpenter,"['Natasha Henstridge', 'Ice Cube', 'Jason Statham']",28000000,14010832,-13989168,-49.96131428571429,4.8,296,13.145205,98.0,en
10317,Our Brand Is Crisis,2015-09-11,2015.0,"['Comedy', 'Drama']",David Gordon Green,"['Sandra Bullock', 'Anthony Mackie', 'Billy Bob Thornton']",28000000,7002261,-20997739,-74.99192500000001,5.8,195,12.921594,108.0,en
58431,Pride and Prejudice and Zombies,2016-02-04,2016.0,"['Romance', 'Horror', 'Comedy', 'Thriller']",Burr Steers,"['Lily James', 'Sam Riley', 'Jack Huston']",28000000,16374328,-11625672,-41.52025714285714,5.5,640,28.397048,108.0,en
9746,Kundun,1997-12-25,1997.0,['Drama'],Martin Scorsese,"['Tenzin Thuthob Tsarong', 'Tencho Gyalpo', 'Tsewang Migyur Khangsar']",28000000,5684789,-22315211,-79.69718214285714,6.8,91,7.039189,134.0,en
13092,How to Lose Friends & Alienate People,2008-10-02,2008.0,"['Comedy', 'Romance', 'Drama']",Robert B. Weide,"['Kelan Pannell', 'Janette Scott', 'Simon Pegg']",27000000,17286299,-9713701,-35.97667037037037,6.2,244,16.785866,110.0,en
59859,Kick-Ass 2,2013-07-17,2013.0,"['Action', 'Adventure', 'Crime']",Jeff Wadlow,"['Aaron Taylor-Johnson', 'Chloë Grace Moretz', 'Christopher Mintz-Plasse']",28000000,60700000,32700000,116.78571428571429,6.3,2224,40.28635,103.0,en
13495,Alatriste,2006-09-01,2006.0,['Action'],Agustín Díaz Yanes,"['Viggo Mortensen', 'Elena Anaya', 'Unax Ugalde']",24000000,23321954,-678046,-2.825191666666667,5.6,61,6.009644,145.0,es
254473,Brick Mansions,2014-04-22,2014.0,"['Action', 'Crime', 'Drama']",Camille Delamarre,"['Paul Walker', 'David Belle', 'RZA']",28000000,68896829,40896829,146.06010357142858,5.7,615,25.520976,90.0,en
700,Octopussy,1983-06-05,1983.0,"['Adventure', 'Action', 'Thriller']",John Glen,"['Roger Moore', 'Maud Adams', 'Louis Jourdan']",27500000,187500000,160000000,581.8181818181819,6.2,527,25.633663,131.0,en
4964,Knocked Up,2007-06-01,2007.0,"['Comedy', 'Romance', 'Drama']",Judd Apatow,"['Seth Rogen', 'Katherine Heigl', 'Leslie Mann']",30000000,219076518,189076518,630.25506,6.2,1214,22.527211,129.0,en
10024,My Sister's Keeper,2009-06-26,2009.0,['Drama'],Nick Cassavetes,"['Cameron Diaz', 'Alec Baldwin', 'Abigail Breslin']",30000000,95714875,65714875,219.04958333333332,7.1,598,24.09152,109.0,en
13490,Welcome Home Roscoe Jenkins,2008-02-08,2008.0,"['Comedy', 'Drama']",Malcolm D. Lee,"['Martin Lawrence', 'James Earl Jones', 'Margaret Avery']",35000000,43650785,8650785,24.716528571428572,5.7,57,6.248273,114.0,en
15927,A Passage to India,1984-12-14,1984.0,"['Drama', 'Adventure', 'History']",David Lean,"['Judy Davis', 'Alec Guinness', 'Peggy Ashcroft']",8000000,27187653,19187653,239.8456625,6.9,67,9.548391,163.0,en
1259,Notes on a Scandal,2006-12-25,2006.0,"['Drama', 'Romance']",Richard Eyre,"['Judi Dench', 'Cate Blanchett', 'Bill Nighy']",15000000,49469904,34469904,229.79935999999998,6.9,235,12.576381,92.0,en
5125,Rendition,2007-09-07,2007.0,"['Drama', 'Thriller']",Gavin Hood,"['Omar Metwally', 'Reese Witherspoon', 'Jake Gyllenhaal']",27500000,24748670,-2751330,-10.004836363636363,6.2,205,12.741073,120.0,en
174,Star Trek VI: The Undiscovered Country,1991-12-05,1991.0,"['Science Fiction', 'Action', 'Adventure', 'Thriller']",Nicholas Meyer,"['William Shatner', 'Leonard Nimoy', 'DeForest Kelley']",27000000,96900000,69900000,258.8888888888889,6.7,413,16.188572,113.0,en
9583,Divine Secrets of the Ya-Ya Sisterhood,2002-06-07,2002.0,"['Comedy', 'Drama', 'Romance']",Callie Khouri,"['Sandra Bullock', 'Ellen Burstyn', 'Fionnula Flanagan']",27000000,0,-27000000,-100.0,5.6,65,5.576937,116.0,en
9437,Kiss the Girls,1997-10-03,1997.0,"['Drama', 'Mystery', 'Thriller', 'Crime']",Gary Fleder,"['Morgan Freeman', 'Ashley Judd', 'Cary Elwes']",27000000,60527873,33527873,124.1773074074074,6.2,345,18.913,115.0,en
525,The Blues Brothers,1980-06-17,1980.0,"['Music', 'Comedy', 'Action', 'Crime']",John Landis,"['Dan Aykroyd', 'John Belushi', 'James Brown']",27000000,115229890,88229890,326.77737037037036,7.5,1065,44.714264,133.0,en
10188,The Sisterhood of the Traveling Pants 2,2008-08-06,2008.0,"['Adventure', 'Comedy', 'Drama', 'Family']",Sanaa Hamri,"['Alexis Bledel', 'Amber Tamblyn', 'America Ferrera']",27000000,44352417,17352417,64.2682111111111,6.0,238,11.870301,117.0,en
63574,Joyful Noise,2012-01-13,2012.0,"['Comedy', 'Music']",Todd Graff,"['Queen Latifah', 'Dolly Parton', 'Keke Palmer']",0,0,0,,6.7,33,5.753705,117.0,en
245,About a Boy,2002-04-26,2002.0,"['Drama', 'Comedy', 'Romance']",Chris Weitz,"['Hugh Grant', 'Nicholas Hoult', 'Toni Collette']",27000000,129000000,102000000,377.77777777777777,6.6,607,28.227984,101.0,en
9825,Lake Placid,1999-07-15,1999.0,"['Horror', 'Comedy', 'Action', 'Science Fiction', 'Thriller']",Steve Miner,"['Bill Pullman', 'Bridget Fonda', 'Oliver Platt']",27000000,56870414,29870414,110.63116296296296,5.5,247,11.678561,82.0,en
186,Lucky Number Slevin,2006-02-24,2006.0,"['Drama', 'Thriller', 'Crime', 'Mystery']",Paul McGuigan,"['Josh Hartnett', 'Bruce Willis', 'Lucy Liu']",27000000,56308881,29308881,108.55141111111111,7.4,1323,36.921445,110.0,en
9549,The Right Stuff,1983-10-20,1983.0,"['Drama', 'History']",Philip Kaufman,"['Fred Ward', 'Dennis Quaid', 'Ed Harris']",27000000,21500000,-5500000,-20.37037037037037,7.3,235,17.567332,193.0,en
61891,Anonymous,2011-10-21,2011.0,"['Drama', 'History', 'Thriller']",Roland Emmerich,"['Jamie Campbell Bower', 'Rhys Ifans', 'David Thewlis']",30000000,15395087,-14604913,-48.68304333333333,6.3,288,16.698316,130.0,en
34584,The NeverEnding Story,1984-04-05,1984.0,"['Drama', 'Family', 'Fantasy', 'Adventure']",Wolfgang Petersen,"['Barret Oliver', 'Gerald McRaney', 'Noah Hathaway']",27000000,20158808,-6841192,-25.337748148148147,7.0,1002,47.862016,102.0,en
2666,Dark City,1998-02-27,1998.0,"['Mystery', 'Science Fiction']",Alex Proyas,"['Rufus Sewell', 'William Hurt', 'Kiefer Sutherland']",27000000,27200316,200316,0.7419111111111111,7.2,828,39.324831,100.0,en
12783,The Duchess,2008-09-05,2008.0,"['Drama', 'History', 'Romance']",Saul Dibb,"['Keira Knightley', 'Ralph Fiennes', 'Aidan McArdle']",0,0,0,,6.7,396,18.591657,110.0,en
13155,Return to Oz,1985-06-21,1985.0,"['Adventure', 'Family', 'Fantasy']",Walter Murch,"['Fairuza Balk', 'Nicol Williamson', 'Jean Marsh']",25000000,11137801,-13862199,-55.448796,6.7,120,5.650125,109.0,en
42807,The Newton Boys,1998-03-26,1998.0,"['Crime', 'Action', 'Drama']",Richard Linklater,"['Matthew McConaughey', 'Skeet Ulrich', 'Ethan Hawke']",27000000,76000000,49000000,181.4814814814815,5.9,44,3.123583,113.0,en
28355,Case 39,2009-08-13,2009.0,"['Horror', 'Mystery', 'Thriller']",Christian Alvart,"['Renée Zellweger', 'Jodelle Ferland', 'Ian McShane']",27000000,29000000,2000000,7.4074074074074066,6.1,563,23.917982,109.0,en
8080,Suspect Zero,2004-08-27,2004.0,"['Crime', 'Thriller']",E. Elias Merhige,"['Carrie-Anne Moss', 'Aaron Eckhart', 'Ben Kingsley']",27000000,13000000,-14000000,-51.85185185185185,5.5,98,8.715822,99.0,en
5126,Martian Child,2007-11-02,2007.0,['Drama'],Menno Meyjes,"['John Cusack', 'Bobby Coleman', 'Amanda Peet']",0,0,0,,6.8,79,5.737161,106.0,en
56288,Spy Kids: All the Time in the World,2011-08-18,2011.0,"['Family', 'Comedy', 'Action']",Robert Rodriguez,"['Jessica Alba', 'Mason Cook', 'Rowan Blanchard']",27000000,85564310,58564310,216.90485185185184,4.4,222,14.788073,89.0,en
303858,Money Monster,2016-05-12,2016.0,['Thriller'],Jodie Foster,"['George Clooney', 'Julia Roberts', ""Jack O'Connell""]",27000000,93282604,66282604,245.49112592592596,6.5,1068,38.279458,98.0,en
1613,The 51st State,2001-12-07,2001.0,"['Thriller', 'Action', 'Comedy', 'Crime']",Ronny Yu,"['Samuel L. Jackson', 'Robert Carlyle', 'Emily Mortimer']",28,14,-14,-50.0,5.9,173,9.670031,93.0,en
31582,Flawless,1999-11-26,1999.0,"['Comedy', 'Drama']",Joel Schumacher,"['Robert De Niro', 'Philip Seymour Hoffman', 'Barry Miller']",0,4488529,4488529,inf,5.9,56,5.271559,112.0,en
16617,Mindhunters,2004-05-07,2004.0,"['Mystery', 'Thriller', 'Crime']",Renny Harlin,"['LL Cool J', 'Jonny Lee Miller', 'Kathryn Morris']",27000000,21148829,-5851171,-21.671003703703704,6.3,333,17.193659,106.0,en
8944,What Just Happened,2008-10-17,2008.0,"['Comedy', 'Drama']",Barry Levinson,"['Bruce Willis', 'Robert De Niro', 'Sean Penn']",25000000,6673422,-18326578,-73.30631199999999,5.2,127,8.31653,104.0,en
41488,The Statement,2003-12-12,2003.0,"['Drama', 'Thriller']",Norman Jewison,"['Michael Caine', 'Tilda Swinton', 'Jeremy Northam']",0,0,0,,5.9,23,2.653988,120.0,en
37028,The Magic Flute,2006-09-07,2006.0,"['Comedy', 'Drama', 'Music']",Kenneth Branagh,"['Joseph Kaiser', 'Amy Carson', 'René Pape']",0,0,0,,6.9,6,0.548435,133.0,en
14560,Paul Blart: Mall Cop,2009-01-15,2009.0,"['Action', 'Adventure', 'Comedy', 'Family']",Steve Carr,"['Kevin James', ""Keir O'Donnell"", 'Jayma Mays']",26000000,183293131,157293131,604.9735807692308,5.2,788,31.250383,91.0,en
10330,Freaky Friday,2003-08-03,2003.0,['Comedy'],Mark Waters,"['Jamie Lee Curtis', 'Lindsay Lohan', 'Mark Harmon']",26000000,110230332,84230332,323.9628153846154,6.0,879,24.345651,97.0,en
6957,The 40 Year Old Virgin,2005-08-11,2005.0,"['Comedy', 'Romance']",Judd Apatow,"['Steve Carell', 'Catherine Keener', 'Paul Rudd']",26000000,109449237,83449237,320.9586038461539,6.2,1983,38.473732,116.0,en
1934,Shakespeare in Love,1998-12-11,1998.0,"['Romance', 'History']",John Madden,"['Joseph Fiennes', 'Gwyneth Paltrow', 'Geoffrey Rush']",25000000,289317794,264317794,1057.271176,6.8,796,31.792964,122.0,en
169917,A Walk Among the Tombstones,2014-09-18,2014.0,"['Crime', 'Drama', 'Mystery', 'Thriller']",Scott Frank,"['Liam Neeson', 'Dan Stevens', 'David Harbour']",28000000,53181600,25181600,89.9342857142857,6.2,1131,61.309619,113.0,en
951,Kindergarten Cop,1990-12-21,1990.0,['Comedy'],Ivan Reitman,"['Arnold Schwarzenegger', 'Penelope Ann Miller', 'Pamela Reed']",15000000,201957688,186957688,1246.3845866666666,5.8,628,5.411154,111.0,en
10189,Pineapple Express,2008-08-06,2008.0,"['Action', 'Comedy']",David Gordon Green,"['Seth Rogen', 'James Franco', 'Danny McBride']",27000000,101624843,74624843,276.3883074074074,6.6,1148,41.832392,111.0,en
9454,Ever After: A Cinderella Story,1998-07-31,1998.0,"['Drama', 'Romance', 'Comedy']",Andy Tennant,"['Drew Barrymore', 'Dougray Scott', 'Anjelica Huston']",26000000,65705772,39705772,152.7145076923077,6.8,399,21.988861,121.0,en
2055,Open Range,2003-08-29,2003.0,['Western'],Kevin Costner,"['Kevin Costner', 'Robert Duvall', 'Michael Gambon']",22000000,68296293,46296293,210.43769545454546,7.0,262,19.068175,139.0,en
1551,Flatliners,1990-08-09,1990.0,"['Drama', 'Horror', 'Science Fiction', 'Thriller']",Joel Schumacher,"['Kiefer Sutherland', 'Julia Roberts', 'Kevin Bacon']",26000000,61489265,35489265,136.49717307692308,6.3,404,24.114459,115.0,en
5902,A Bridge Too Far,1977-06-15,1977.0,"['Drama', 'History', 'War']",Richard Attenborough,"['Dirk Bogarde', 'James Caan', 'Michael Caine']",22000000,50750000,28750000,130.6818181818182,6.9,207,20.256571,175.0,en
11460,Red Eye,2005-08-04,2005.0,"['Horror', 'Thriller']",Wes Craven,"['Rachel McAdams', 'Cillian Murphy', 'Brian Cox']",26000000,57891803,31891803,122.66078076923077,6.2,455,8.802626,85.0,en
9358,Final Destination 2,2003-01-31,2003.0,"['Horror', 'Mystery']",David R. Ellis,"['Ali Larter', 'A.J. Cook', 'Michael Landes']",26000000,90426405,64426405,247.79386538461537,5.9,1023,37.355826,90.0,en
134,"O Brother, Where Art Thou?",2000-08-30,2000.0,"['Action', 'Adventure', 'Comedy']",Joel Coen,"['George Clooney', 'John Turturro', 'Tim Blake Nelson']",26000000,71868327,45868327,176.4166423076923,7.3,1112,39.742009,106.0,en
22894,Legion,2010-01-21,2010.0,['Horror'],Scott Stewart,"['Paul Bettany', 'Dennis Quaid', 'Kevin Durand']",26000000,67918658,41918658,161.2256076923077,5.2,629,30.981604,100.0,en
134374,Pain & Gain,2013-04-18,2013.0,"['Thriller', 'Crime', 'Action']",Michael Bay,"['Mark Wahlberg', 'Dwayne Johnson', 'Anthony Mackie']",25000000,86175291,61175291,244.701164,6.1,1573,31.893932,130.0,en
1901,In Good Company,2004-12-29,2004.0,"['Comedy', 'Drama', 'Romance']",Paul Weitz,"['Topher Grace', 'Scarlett Johansson', 'Dennis Quaid']",0,0,0,,5.9,194,15.376391,109.0,en
15028,Clockstoppers,2002-03-17,2002.0,"['Adventure', 'Family', 'Science Fiction', 'Thriller']",Jonathan Frakes,"['Jesse Bradford', 'Paula Garcés', 'Robin Thomas']",26000000,38793283,12793283,49.204934615384616,4.9,89,5.894163,94.0,en
11509,Silverado,1985-07-10,1985.0,"['Action', 'Crime', 'Drama', 'Western']",Lawrence Kasdan,"['Kevin Kline', 'Scott Glenn', 'Kevin Costner']",26000000,0,-26000000,-100.0,7.1,146,10.981038,127.0,en
7445,Brothers,2009-01-27,2009.0,"['Drama', 'Thriller', 'War']",Jim Sheridan,"['Tobey Maguire', 'Jake Gyllenhaal', 'Natalie Portman']",26000000,43318349,17318349,66.60903461538462,6.8,633,22.07638,104.0,en
17047,Agent Cody Banks 2: Destination London,2004-12-03,2004.0,['Comedy'],Kevin Allen,"['Frankie Muniz', 'Anthony Anderson', 'Hannah Spearritt']",26000000,28818995,2818995,10.84228846153846,5.2,144,10.925618,100.0,en
62838,New Year's Eve,2011-12-08,2011.0,"['Comedy', 'Romance']",Garry Marshall,"['Robert De Niro', 'Katherine Heigl', 'Ashton Kutcher']",56000000,142044638,86044638,153.65113928571427,5.7,718,21.219292,118.0,en
2057,Original Sin,2001-08-03,2001.0,"['Drama', 'Thriller', 'Mystery', 'Romance']",Michael Cristofer,"['Angelina Jolie', 'Antonio Banderas', 'Gregory Itzin']",42000000,35402320,-6597680,-15.708761904761905,5.8,198,14.831402,118.0,en
70436,The Raven,2012-03-09,2012.0,"['Crime', 'Thriller', 'Mystery']",James McTeigue,"['John Cusack', 'Luke Evans', 'Alice Eve']",26000000,29657751,3657751,14.068273076923077,6.1,426,22.520842,111.0,en
16784,Welcome to Mooseport,2004-02-24,2004.0,['Comedy'],Donald Petrie,"['Ray Romano', 'Gene Hackman', 'Marcia Gay Harden']",30000000,14000000,-16000000,-53.333333333333336,4.8,54,3.314094,110.0,en
8011,Highlander: The Final Dimension,1994-11-29,1994.0,"['Action', 'Fantasy', 'Science Fiction']",Andrew Morahan,"['Christopher Lambert', 'Mario Van Peebles', 'Deborah Kara Unger']",26000000,36800000,10800000,41.53846153846154,4.5,110,7.964451,99.0,en
31640,Blood and Wine,1996-10-03,1996.0,"['Crime', 'Drama', 'Thriller']",Bob Rafelson,"['Jack Nicholson', 'Stephen Dorff', 'Jennifer Lopez']",26000000,0,-26000000,-100.0,5.5,34,1.492056,101.0,en
9092,Snow White: A Tale of Terror,1997-07-18,1997.0,"['Fantasy', 'Horror']",Michael Cohn,"['Sigourney Weaver', 'Sam Neill', 'Monica Keena']",26000000,0,-26000000,-100.0,6.0,62,4.810621,100.0,en
2779,The Curse of the Jade Scorpion,2001-08-05,2001.0,"['Comedy', 'Crime', 'Mystery', 'Romance', 'Thriller']",Woody Allen,"['Dan Aykroyd', 'Helen Hunt', 'Woody Allen']",0,0,0,,6.5,165,9.317265,103.0,en
316002,Accidental Love,2015-02-10,2015.0,"['Romance', 'Comedy']",David O. Russell,"['Jake Gyllenhaal', 'Jessica Biel', 'James Marsden']",26000000,0,-26000000,-100.0,3.9,95,5.644844,100.0,en
36355,Flipper,1996-05-17,1996.0,"['Adventure', 'Family']",Alan Shapiro,"['Elijah Wood', 'Paul Hogan', 'Jonathan Banks']",25530000,20080020,-5449980,-21.347356051703876,5.3,84,4.475007,95.0,en
238615,Self/less,2015-07-10,2015.0,"['Science Fiction', 'Mystery', 'Thriller']",Tarsem Singh,"['Ryan Reynolds', 'Ben Kingsley', 'Natalie Martinez']",26000000,30523226,4523226,17.397023076923077,6.3,1091,66.097437,116.0,en
1985,The Constant Gardener,2005-08-31,2005.0,"['Drama', 'Mystery', 'Thriller']",Fernando Meirelles,"['Ralph Fiennes', 'Rachel Weisz', 'Danny Huston']",25000000,82466670,57466670,229.86668,6.8,417,20.679652,129.0,en
615,The Passion of the Christ,2004-02-25,2004.0,['Drama'],Mel Gibson,"['Jim Caviezel', 'Maia Morgenstern', 'Monica Bellucci']",30000000,611899420,581899420,1939.6647333333335,6.9,864,38.171417,127.0,en
788,Mrs. Doubtfire,1993-11-24,1993.0,"['Comedy', 'Drama', 'Family']",Chris Columbus,"['Robin Williams', 'Sally Field', 'Pierce Brosnan']",25000000,441286195,416286195,1665.14478,7.0,1591,30.884535,125.0,en
380,Rain Man,1988-12-11,1988.0,['Drama'],Barry Levinson,"['Dustin Hoffman', 'Tom Cruise', 'Valeria Golino']",25000000,412800000,387800000,1551.2,7.6,1709,49.510658,133.0,en
13223,Gran Torino,2008-12-09,2008.0,['Drama'],Clint Eastwood,"['Clint Eastwood', 'Christopher Carley', 'Bee Vang']",33000000,269958228,236958228,718.0552363636364,7.8,3086,50.7453,116.0,en
10523,W.,2008-10-17,2008.0,"['Drama', 'History']",Oliver Stone,"['Josh Brolin', 'Elizabeth Banks', 'Ellen Burstyn']",25100000,29506464,4406464,17.555633466135458,6.1,143,10.445391,131.0,en
8681,Taken,2008-02-18,2008.0,"['Action', 'Thriller']",Pierre Morel,"['Liam Neeson', 'Famke Janssen', 'Maggie Grace']",25000000,226830568,201830568,807.322272,7.2,4369,80.879032,93.0,en
239571,The Best of Me,2014-10-16,2014.0,"['Drama', 'Romance']",Michael Hoffman,"['Michelle Monaghan', 'James Marsden', 'Liana Liberato']",26000000,35926213,9926213,38.177742307692306,7.2,765,33.93914,117.0,en
619,The Bodyguard,1992-11-25,1992.0,"['Thriller', 'Action', 'Drama', 'Music', 'Romance']",Mick Jackson,"['Whitney Houston', 'Kevin Costner', 'Michele Lamar Richards']",25000000,411006740,386006740,1544.0269600000001,6.1,661,26.576385,129.0,en
424,Schindler's List,1993-11-29,1993.0,"['Drama', 'History', 'War']",Steven Spielberg,"['Liam Neeson', 'Ben Kingsley', 'Ralph Fiennes']",22000000,321365567,299365567,1360.7525772727274,8.3,4329,104.469351,195.0,en
50014,The Help,2011-08-09,2011.0,['Drama'],Tate Taylor,"['Emma Stone', 'Viola Davis', 'Octavia Spencer']",25000000,124272124,99272124,397.08849599999996,7.8,1910,42.191509,146.0,en
162903,The Fifth Estate,2013-10-11,2013.0,"['Drama', 'Thriller']",Bill Condon,"['Benedict Cumberbatch', 'Daniel Brühl', 'Anthony Mackie']",28000000,8555008,-19444992,-69.4464,5.7,364,20.267062,128.0,en
11024,Scooby-Doo 2: Monsters Unleashed,2004-03-24,2004.0,"['Mystery', 'Fantasy', 'Adventure', 'Comedy']",Raja Gosnell,"['Freddie Prinze Jr.', 'Sarah Michelle Gellar', 'Matthew Lillard']",0,181466833,181466833,inf,5.4,500,22.644275,93.0,en
208763,Forbidden Kingdom,2014-01-30,2014.0,"['Thriller', 'Adventure', 'Mystery', 'Fantasy']",Oleg Stepchenko,"['Jason Flemyng', 'Aleksey Chadov', 'Agniya Ditkovskite']",26000000,0,-26000000,-100.0,4.9,71,7.182761,127.0,ru
6466,Freddy vs. Jason,2003-08-15,2003.0,['Horror'],Ronny Yu,"['Robert Englund', 'Ken Kirzinger', 'Jason Ritter']",30000000,114908830,84908830,283.0294333333333,5.8,594,26.69592,97.0,en
254024,The Face of an Angel,2014-09-06,2014.0,"['Thriller', 'Drama']",Michael Winterbottom,"['Kate Beckinsale', 'Cara Delevingne', 'Daniel Brühl']",0,0,0,,4.7,64,7.336256,100.0,en
12589,Jimmy Neutron: Boy Genius,2001-12-21,2001.0,"['Action', 'Adventure', 'Animation', 'Comedy', 'Family', 'Fantasy', 'Science Fiction']",John A. Davis,"['Debi Derryberry', 'Megan Cavanagh', 'Mark DeCarlo']",25000000,80936232,55936232,223.744928,5.6,231,12.739721,83.0,en
7191,Cloverfield,2008-01-15,2008.0,"['Action', 'Thriller', 'Science Fiction']",Matt Reeves,"['Lizzy Caplan', 'Jessica Lucas', 'Odette Annable']",25000000,170764026,145764026,583.056104,6.4,2251,46.942396,85.0,en
1497,Teenage Mutant Ninja Turtles II: The Secret of the Ooze,1991-03-22,1991.0,"['Science Fiction', 'Adventure', 'Action', 'Comedy', 'Family']",Michael Pressman,"['Paige Turco', 'David Warner', 'Michelan Sisti']",25000000,78000000,53000000,212.0,5.8,286,15.505137,88.0,en
117,The Untouchables,1987-06-02,1987.0,"['Crime', 'Drama', 'History', 'Thriller']",Brian De Palma,"['Kevin Costner', 'Sean Connery', 'Charles Martin Smith']",25000000,76270454,51270454,205.081816,7.6,1384,38.272889,119.0,en
6977,No Country for Old Men,2007-11-08,2007.0,"['Crime', 'Drama', 'Thriller']",Joel Coen,"['Tommy Lee Jones', 'Javier Bardem', 'Josh Brolin']",25000000,171600000,146600000,586.4,7.7,3003,53.645267,122.0,en
168530,Ride Along,2014-01-07,2014.0,"['Action', 'Comedy']",Tim Story,"['Ice Cube', 'Kevin Hart', 'John Leguizamo']",25000000,153997819,128997819,515.991276,6.1,853,28.468,99.0,en
634,Bridget Jones's Diary,2001-04-13,2001.0,"['Comedy', 'Romance', 'Drama']",Sharon Maguire,"['Renée Zellweger', 'Colin Firth', 'Hugh Grant']",25000000,281929795,256929795,1027.71918,6.5,1356,35.310712,97.0,en
392,Chocolat,2000-12-14,2000.0,"['Comedy', 'Drama', 'Romance']",Lasse Hallström,"['Juliette Binoche', 'Alfred Molina', 'Johnny Depp']",25000000,152500343,127500343,510.00137199999995,6.8,951,28.727731,121.0,en
10327,"Legally Blonde 2: Red, White & Blonde",2003-07-02,2003.0,['Comedy'],Charles Herman-Wurmfeld,"['Reese Witherspoon', 'Sally Field', 'Regina King']",45000000,124914842,79914842,177.5885377777778,5.1,377,4.340616,95.0,en
88042,Parental Guidance,2012-12-25,2012.0,['Comedy'],Andy Fickman,"['Billy Crystal', 'Bette Midler', 'Marisa Tomei']",25000000,119772232,94772232,379.088928,5.7,210,14.604911,104.0,en
41630,No Strings Attached,2011-01-21,2011.0,"['Comedy', 'Romance']",Ivan Reitman,"['Natalie Portman', 'Ashton Kutcher', 'Kevin Kline']",25000000,147780440,122780440,491.12175999999994,6.1,1331,38.688822,107.0,en
11969,Tombstone,1993-12-25,1993.0,"['Action', 'Adventure', 'Drama', 'History', 'Western']",George P. Cosmatos,"['Kurt Russell', 'Val Kilmer', 'Sam Elliott']",25000000,56505065,31505065,126.02026,7.4,626,30.537845,130.0,en
2085,Romeo Must Die,2000-03-20,2000.0,"['Action', 'Crime', 'Thriller']",Andrzej Bartkowiak,"['Jet Li', 'Aaliyah', 'Isaiah Washington']",25000000,91036760,66036760,264.14704,6.0,330,19.750059,115.0,en
794,The Omen,1976-06-06,1976.0,"['Horror', 'Thriller']",Richard Donner,"['Gregory Peck', 'Lee Remick', 'David Warner']",2800000,60922980,58122980,2075.820714285714,7.2,476,25.939385,111.0,en
9286,Final Destination 3,2006-02-10,2006.0,"['Horror', 'Mystery']",James Wong,"['Mary Elizabeth Winstead', 'Ryan Merriman', 'Kris Lemche']",25000000,117719158,92719158,370.87663200000003,5.8,974,31.64341,93.0,en
77877,The Lucky One,2012-04-19,2012.0,"['Drama', 'Romance']",Scott Hicks,"['Zac Efron', 'Blythe Danner', 'Taylor Schilling']",25000000,99357138,74357138,297.428552,6.8,946,26.811541,101.0,en
1265,Bridge to Terabithia,2007-02-16,2007.0,"['Adventure', 'Drama', 'Family']",Gábor Csupó,"['Josh Hutcherson', 'AnnaSophia Robb', 'Robert Patrick']",60000000,137587063,77587063,129.3117716666667,7.0,1113,40.646102,96.0,en
866,Finding Neverland,2004-10-17,2004.0,['Drama'],Marc Forster,"['Johnny Depp', 'Kate Winslet', 'Julie Christie']",25000000,116766556,91766556,367.066224,7.2,1223,34.160448,106.0,en
175555,A Madea Christmas,2013-12-13,2013.0,"['Comedy', 'Drama']",Tyler Perry,"['Tyler Perry', 'Anna Maria Horsford', 'Tika Sumpter']",0,0,0,,7.0,35,5.377155,100.0,en
75174,The Grey,2012-01-26,2012.0,"['Action', 'Drama', 'Thriller']",Joe Carnahan,"['Liam Neeson', 'Dermot Mulroney', 'Frank Grillo']",25000000,77278331,52278331,209.113324,6.4,1451,48.552871,117.0,en
11096,Hide and Seek,2005-01-27,2005.0,"['Horror', 'Mystery', 'Thriller']",John Polson,"['Robert De Niro', 'Dakota Fanning', 'Famke Janssen']",25000000,122644820,97644820,390.57928,6.1,440,18.228538,101.0,en
8699,Anchorman: The Legend of Ron Burgundy,2004-07-09,2004.0,['Comedy'],Adam McKay,"['Will Ferrell', 'Christina Applegate', 'Paul Rudd']",26000000,90574188,64574188,248.36226153846152,6.7,1493,29.342744,94.0,en
769,GoodFellas,1990-09-12,1990.0,"['Drama', 'Crime']",Martin Scorsese,"['Robert De Niro', 'Ray Liotta', 'Joe Pesci']",25000000,46836394,21836394,87.34557600000001,8.2,3128,63.654244,145.0,en
10923,Agent Cody Banks,2003-03-14,2003.0,['Action'],Harald Zwart,"['Frankie Muniz', 'Hilary Duff', 'Angie Harmon']",28000000,58795814,30795814,109.98505,5.0,284,11.859396,102.0,en
11283,Nanny McPhee,2005-10-21,2005.0,"['Fantasy', 'Comedy', 'Family']",Kirk Jones,"['Emma Thompson', 'Colin Firth', 'Kelly Macdonald']",25000000,122489822,97489822,389.959288,6.4,711,24.356483,97.0,en
111,Scarface,1983-12-08,1983.0,"['Action', 'Crime', 'Drama', 'Thriller']",Brian De Palma,"['Al Pacino', 'Steven Bauer', 'Michelle Pfeiffer']",25000000,65884703,40884703,163.538812,8.0,2948,70.105981,170.0,en
11676,Nothing to Lose,1997-07-18,1997.0,"['Action', 'Adventure', 'Comedy']",Steve Oedekerk,"['Tim Robbins', 'Martin Lawrence', 'John C. McGinley']",25000000,0,-25000000,-100.0,6.3,174,8.618208,97.0,en
746,The Last Emperor,1987-10-21,1987.0,"['Drama', 'History']",Bernardo Bertolucci,"['John Lone', ""Peter O'Toole"", 'Joan Chen']",23000000,43984230,20984230,91.23578260869564,7.4,355,21.189028,163.0,en
77866,Contraband,2012-01-12,2012.0,"['Thriller', 'Action', 'Drama', 'Crime']",Baltasar Kormákur,"['Mark Wahlberg', 'Kate Beckinsale', 'Ben Foster']",25000000,63100000,38100000,152.4,6.1,770,31.364901,109.0,en
9416,Money Talks,1997-08-22,1997.0,"['Action', 'Adventure', 'Comedy']",Brett Ratner,"['Chris Tucker', 'Charlie Sheen', 'Heather Locklear']",0,0,0,,5.9,87,7.615653,97.0,en
7345,There Will Be Blood,2007-12-28,2007.0,['Drama'],Paul Thomas Anderson,"['Daniel Day-Lewis', 'Paul Dano', 'Dillon Freasier']",25000000,77208711,52208711,208.83484399999998,7.9,1537,37.817905,158.0,en
14317,The Wild Thornberrys Movie,2002-12-20,2002.0,"['Animation', 'Adventure', 'Family']",Cathy Malkasian,"['Lacey Chabert', 'Tom Kane', 'Cree Summer']",35000000,0,-35000000,-100.0,5.8,44,5.784661,85.0,en
20694,Rugrats Go Wild,2003-06-13,2003.0,"['Animation', 'Family']",Norton Virgien,"['E.G. Daily', 'Nancy Cartwright', 'Kath Soucie']",0,0,0,,5.6,61,8.255708,84.0,en
12277,Undercover Brother,2002-05-31,2002.0,"['Action', 'Comedy']",Malcolm D. Lee,"['Eddie Griffin', 'Chris Kattan', 'Denise Richards']",25000000,41604473,16604473,66.417892,5.5,112,6.086083,86.0,en
9779,The Sisterhood of the Traveling Pants,2005-06-01,2005.0,"['Drama', 'Comedy']",Ken Kwapis,"['Amber Tamblyn', 'Alexis Bledel', 'America Ferrera']",25000000,39053061,14053061,56.212244,6.3,386,17.17372,119.0,en
2140,Kiss of the Dragon,2001-07-06,2001.0,"['Action', 'Crime', 'Thriller']",Chris Nahon,"['Jet Li', 'Bridget Fonda', 'Tchéky Karyo']",25000000,64437847,39437847,157.751388,6.4,298,16.936576,98.0,en
12620,The House Bunny,2008-08-22,2008.0,"['Romance', 'Comedy']",Fred Wolf,"['Anna Faris', 'Emma Stone', 'Kat Dennings']",25000000,70442940,45442940,181.77176,5.6,529,25.838073,97.0,en
14177,Beauty Shop,2005-06-02,2005.0,"['Comedy', 'Romance']",Bille Woodruff,"['Queen Latifah', 'Alicia Silverstone', 'Andie MacDowell']",25000000,36351350,11351350,45.4054,5.4,115,5.625632,105.0,en
198185,Million Dollar Arm,2014-05-09,2014.0,['Drama'],Craig Gillespie,"['Jon Hamm', 'Bill Paxton', 'Lake Bell']",25000000,38307627,13307627,53.230508,6.6,259,17.312433,124.0,en
227156,The Giver,2014-08-11,2014.0,"['Drama', 'Science Fiction']",Phillip Noyce,"['Jeff Bridges', 'Meryl Streep', 'Brenton Thwaites']",25000000,66980456,41980456,167.921824,6.4,1798,53.811461,94.0,en
10735,What a Girl Wants,2003-03-27,2003.0,['Comedy'],Dennie Gordon,"['Amanda Bynes', 'Colin Firth', 'Kelly Preston']",0,0,0,,5.8,368,7.057765,105.0,en
11351,Jeepers Creepers 2,2003-08-08,2003.0,"['Horror', 'Thriller']",Victor Salva,"['Ray Wise', 'Jonathan Breck', 'Garikayi Mutambirwa']",17000000,63102666,46102666,271.1921529411765,5.5,299,19.045146,104.0,en
10030,Good Luck Chuck,2007-09-21,2007.0,"['Comedy', 'Drama', 'Romance']",Mark Helfrich,"['Dane Cook', 'Jessica Alba', 'Dan Fogler']",25000000,59192128,34192128,136.768512,5.5,444,21.729434,101.0,en
10623,Cradle 2 the Grave,2003-02-28,2003.0,"['Action', 'Crime', 'Drama']",Andrzej Bartkowiak,"['Jet Li', 'DMX', 'Kelly Hu']",25000000,56489558,31489558,125.95823200000001,5.8,236,12.837116,101.0,en
590,The Hours,2002-12-27,2002.0,['Drama'],Stephen Daldry,"['Nicole Kidman', 'Julianne Moore', 'Meryl Streep']",25000000,41597830,16597830,66.39132,7.0,451,20.953265,114.0,en
9655,She's the Man,2006-03-17,2006.0,"['Comedy', 'Drama', 'Family', 'Romance']",Andy Fickman,"['Amanda Bynes', 'Channing Tatum', 'Laura Ramsey']",20000000,33889159,13889159,69.445795,6.4,671,10.81439,105.0,en
1268,Mr. Bean's Holiday,2007-03-22,2007.0,"['Family', 'Comedy']",Steve Bendelack,"['Rowan Atkinson', 'Max Baldry', 'Emma de Caunes']",25000000,229736344,204736344,818.9453759999999,6.1,663,27.683874,90.0,en
11237,Anacondas: The Hunt for the Blood Orchid,2004-08-26,2004.0,"['Adventure', 'Action', 'Horror', 'Science Fiction', 'Thriller']",Dwight H. Little,"['Johnny Messner', 'KaDee Strickland', 'Matthew Marsden']",20000000,70992898,50992898,254.96449,4.9,199,9.855474,97.0,en
190955,Blood Ties,2013-08-22,2013.0,"['Thriller', 'Crime', 'Drama']",Guillaume Canet,"['Clive Owen', 'Billy Crudup', 'Marion Cotillard']",25500000,2415472,-23084528,-90.52756078431372,6.0,171,12.756344,128.0,en
5123,August Rush,2007-11-21,2007.0,['Drama'],Kirsten Sheridan,"['Freddie Highmore', 'Keri Russell', 'Jonathan Rhys Meyers']",25000000,66122026,41122026,164.488104,7.1,797,29.533437,114.0,en
4518,Elizabeth,1998-09-13,1998.0,"['Drama', 'History']",Shekhar Kapur,"['Cate Blanchett', 'Geoffrey Rush', 'Christopher Eccleston']",30000000,82150642,52150642,173.83547333333334,7.1,334,14.179538,124.0,en
11932,Bride of Chucky,1998-10-16,1998.0,"['Horror', 'Comedy']",Ronny Yu,"['Ed Gale', 'Jennifer Tilly', 'Brad Dourif']",25000000,50671850,25671850,102.68740000000001,5.5,350,14.340095,89.0,en
11165,Tora! Tora! Tora!,1970-01-26,1970.0,"['History', 'Action', 'Drama', 'Adventure', 'War']",Richard Fleischer,"['Martin Balsam', 'Sô Yamamura', 'Joseph Cotten']",25485000,29548291,4063291,15.943853247008043,6.9,147,9.795985,144.0,en
6116,Spice World,1997-12-19,1997.0,"['Adventure', 'Fantasy', 'Drama', 'Comedy', 'Music']",Bob Spiers,"['Victoria Beckham', 'Melanie Brown', 'Emma Bunton']",25000000,100000000,75000000,300.0,4.7,123,6.889437,93.0,en
57431,The Sitter,2011-12-09,2011.0,['Comedy'],David Gordon Green,"['Sam Rockwell', 'Jonah Hill', 'Max Records']",25000000,34942188,9942188,39.768752,5.4,325,19.428994,81.0,en
21724,Dance Flick,2009-05-22,2009.0,"['Action', 'Comedy', 'Music']",Damien Dante Wayans,"['Shoshana Bush', 'Damon Wayans Jr.', 'Essence Atkins']",0,0,0,,4.7,71,7.326034,83.0,en
278,The Shawshank Redemption,1994-09-23,1994.0,"['Drama', 'Crime']",Frank Darabont,"['Tim Robbins', 'Morgan Freeman', 'Bob Gunton']",25000000,28341469,3341469,13.365875999999998,8.5,8205,136.747729,142.0,en
9290,Crocodile Dundee in Los Angeles,2001-04-12,2001.0,"['Adventure', 'Comedy']",Simon Wincer,"['Paul Hogan', 'Linda Kozlowski', 'Jere Burns']",21150000,39438674,18288674,86.4712718676123,4.7,146,6.081772,92.0,en
11543,Kingpin,1996-07-04,1996.0,['Comedy'],Bobby Farrelly,"['Woody Harrelson', 'Randy Quaid', 'Vanessa Angel']",27000000,25023434,-1976566,-7.320614814814815,6.7,244,17.329269,113.0,en
284536,The Gambler,2014-12-25,2014.0,"['Thriller', 'Crime', 'Drama']",Rupert Wyatt,"['Mark Wahlberg', 'John Goodman', 'Brie Larson']",25000000,39171130,14171130,56.684520000000006,5.7,543,22.622453,111.0,en
152737,August: Osage County,2013-12-26,2013.0,"['Comedy', 'Drama']",John Wells,"['Meryl Streep', 'Julia Roberts', 'Chris Cooper']",25000000,74188937,49188937,196.75574799999998,6.9,483,20.561682,121.0,en
13374,Ice Princess,2005-03-17,2005.0,"['Drama', 'Comedy', 'Family']",Tim Fywell,"['Michelle Trachtenberg', 'Joan Cusack', 'Amy Stewart']",25000000,27645491,2645491,10.581964000000001,5.9,185,13.288177,98.0,en
8976,A Lot Like Love,2005-04-22,2005.0,['Comedy'],Nigel Cole,"['Ashton Kutcher', 'Amanda Peet', 'Aimee Garcia']",30000000,42886719,12886719,42.955729999999996,6.5,318,19.212552,107.0,en
319888,Eddie the Eagle,2016-02-26,2016.0,"['Comedy', 'Drama', 'History']",Dexter Fletcher,"['Taron Egerton', 'Hugh Jackman', 'Christopher Walken']",23000000,46152800,23152800,100.66434782608695,7.2,661,29.365851,106.0,en
9469,He Got Game,1998-05-01,1998.0,['Drama'],Spike Lee,"['Denzel Washington', 'Ray Allen', 'Milla Jovovich']",25000000,21567853,-3432147,-13.728588,6.7,134,10.232599,136.0,en
1909,Don Juan DeMarco,1994-10-01,1994.0,"['Romance', 'Drama', 'Comedy']",Jeremy Leven,"['Johnny Depp', 'Marlon Brando', 'Faye Dunaway']",25000000,22200000,-2800000,-11.200000000000001,6.2,183,8.870614,97.0,en
22971,Dear John,2010-02-04,2010.0,"['Drama', 'Romance', 'War']",Lasse Hallström,"['Amanda Seyfried', 'Channing Tatum', 'Henry Thomas']",25000000,114977104,89977104,359.908416,6.6,1262,19.402816,115.0,en
34813,The Losers,2010-04-23,2010.0,"['Action', 'Adventure', 'Crime', 'Mystery', 'Thriller']",Sylvain White,"['Jeffrey Dean Morgan', 'Zoe Saldana', 'Chris Evans']",25000000,23580000,-1420000,-5.680000000000001,6.2,515,24.903418,97.0,en
46261,Don't Be Afraid of the Dark,2010-11-06,2010.0,"['Fantasy', 'Horror', 'Thriller']",Troy Nixey,"['Katie Holmes', 'Guy Pearce', 'Bailee Madison']",25000000,36993168,11993168,47.972672,5.4,341,14.562197,99.0,en
10431,War,2007-08-24,2007.0,"['Action', 'Thriller', 'Crime']",Philip G. Atwell,"['Jet Li', 'Jason Statham', 'John Lone']",25000000,40452643,15452643,61.81057199999999,6.0,414,18.896239,103.0,en
8051,Punch-Drunk Love,2002-10-25,2002.0,"['Comedy', 'Drama', 'Romance']",Paul Thomas Anderson,"['Adam Sandler', 'Emily Watson', 'Philip Seymour Hoffman']",25000000,17000000,-8000000,-32.0,6.9,530,15.960916,95.0,en
9352,EuroTrip,2004-02-20,2004.0,['Comedy'],Jeff Schaffer,"['Scott Mechlowicz', 'Jacob Pitts', 'Michelle Trachtenberg']",25000000,20796847,-4203153,-16.812611999999998,6.5,656,25.848003,93.0,en
10167,Half Past Dead,2002-11-15,2002.0,"['Crime', 'Action', 'Thriller']",Don Michael Paul,"['Steven Seagal', 'Morris Chestnut', 'Ja Rule']",13000000,0,-13000000,-100.0,4.6,82,6.337063,98.0,en
18147,Unaccompanied Minors,2006-12-08,2006.0,"['Comedy', 'Family']",Paul Feig,"['Lewis Black', 'Wilmer Valderrama', 'Tyler James Williams']",26000000,0,-26000000,-100.0,5.4,66,10.006282,90.0,en
17170,"Bright Lights, Big City",1988-04-01,1988.0,['Drama'],James Bridges,"['Michael J. Fox', 'Kiefer Sutherland', 'Phoebe Cates']",0,0,0,,4.7,28,2.753501,107.0,en
18975,The Adventures of Pinocchio,1996-07-26,1996.0,"['Animation', 'Family', 'Fantasy']",Steve Barron,"['Martin Landau', 'Jonathan Taylor Thomas', 'Geneviève Bujold']",0,0,0,,5.0,54,6.718497,90.0,en
15487,The Greatest Game Ever Played,2005-09-30,2005.0,"['Drama', 'Family']",Bill Paxton,"['Shia LaBeouf', 'Stephen Dillane', 'Josh Flitter']",25000000,15431177,-9568823,-38.275292,6.9,110,7.538513,120.0,en
22825,The Box,2009-09-17,2009.0,"['Thriller', 'Science Fiction']",Richard Kelly,"['Cameron Diaz', 'James Marsden', 'Frank Langella']",30000000,33333531,3333531,11.11177,5.4,597,21.606001,115.0,en
11152,The Ruins,2008-04-02,2008.0,"['Drama', 'Horror']",Carter Smith,"['Shawn Ashmore', 'Jonathan Tucker', 'Jena Malone']",8000000,0,-8000000,-100.0,5.6,265,13.715715,91.0,en
1831,The Next Best Thing,2000-03-03,2000.0,['Comedy'],John Schlesinger,"['Madonna', 'Rupert Everett', 'Benjamin Bratt']",25000000,24362772,-637228,-2.548912,4.3,29,3.707511,108.0,en
43931,My Soul to Take,2010-10-08,2010.0,"['Drama', 'Horror', 'Mystery', 'Thriller']",Wes Craven,"['Max Thieriot', 'John Magaro', 'Denzel Whitaker']",25000000,19829957,-5170043,-20.680172,5.2,147,7.001176,107.0,en
10591,The Girl Next Door,2004-04-09,2004.0,['Comedy'],Luke Greenfield,"['Emile Hirsch', 'Elisha Cuthbert', 'Timothy Olyphant']",25000000,30411183,5411183,21.644732,6.3,824,39.784026,108.0,en
10861,Maximum Risk,1996-09-13,1996.0,"['Action', 'Adventure', 'Thriller']",Ringo Lam,"['Jean-Claude Van Damme', 'Natasha Henstridge', 'Jean-Hugues Anglade']",25000000,51702483,26702483,106.809932,5.2,101,10.115011,100.0,en
12770,Stealing Harvard,2002-09-13,2002.0,"['Action', 'Comedy', 'Drama']",Bruce McCulloch,"['Jason Lee', 'Tom Green', 'Leslie Mann']",0,0,0,,4.4,46,7.321181,85.0,en
276907,Legend,2015-09-09,2015.0,"['Crime', 'Thriller']",Brian Helgeland,"['Tom Hardy', 'Emily Browning', 'Christopher Eccleston']",25000000,42972994,17972994,71.891976,6.7,973,32.854557,131.0,en
10074,Hot Rod,2007-08-03,2007.0,"['Action', 'Comedy']",Akiva Schaffer,"['Andy Samberg', 'Isla Fisher', 'Bill Hader']",0,14334401,14334401,inf,6.3,313,6.309587,88.0,en
65055,Shark Night,2011-09-02,2011.0,"['Horror', 'Thriller']",David R. Ellis,"['Sara Paxton', 'Chris Carmack', 'Joel David Moore']",28000000,10126458,-17873542,-63.83407857142858,4.9,132,8.363702,91.0,en
10397,Angela's Ashes,1999-12-25,1999.0,['Drama'],Alan Parker,"['Emily Watson', 'Robert Carlyle', 'Joe Breen']",25,13,-12,-48.0,7.0,59,4.88794,145.0,en
200505,Draft Day,2014-04-11,2014.0,['Drama'],Ivan Reitman,"['Kevin Costner', 'Jennifer Garner', 'Tom Welling']",25000000,28831145,3831145,15.32458,6.5,304,14.17009,109.0,en
11954,Lifeforce,1985-06-20,1985.0,"['Fantasy', 'Horror', 'Science Fiction', 'Thriller']",Tobe Hooper,"['Steve Railsback', 'Peter Firth', 'Frank Finlay']",25000000,0,-25000000,-100.0,6.2,135,12.18362,116.0,en
60309,The Conspirator,2010-09-10,2010.0,"['Crime', 'Drama', 'History']",Robert Redford,"['Evan Rachel Wood', 'James McAvoy', 'Kevin Kline']",25000000,15478800,-9521200,-38.0848,6.2,137,9.169271,122.0,en
9787,Lords of Dogtown,2005-06-03,2005.0,['Drama'],Catherine Hardwicke,"['Emile Hirsch', 'Victor Rasuk', 'Rebecca De Mornay']",25000000,13411957,-11588043,-46.352172,7.0,210,8.127728,107.0,en
293646,The 33,2015-08-06,2015.0,"['Drama', 'History']",Patricia Riggen,"['Antonio Banderas', 'Rodrigo Santoro', 'Juliette Binoche']",25000000,24902723,-97277,-0.389108,6.0,378,10.699952,120.0,en
6978,Big Trouble in Little China,1986-05-30,1986.0,"['Action', 'Adventure', 'Comedy', 'Fantasy']",John Carpenter,"['Kurt Russell', 'Kim Cattrall', 'Dennis Dun']",25000000,11000000,-14000000,-56.00000000000001,7.1,705,29.796394,99.0,en
133698,Fly Me to the Moon,2012-10-29,2012.0,"['Comedy', 'Romance']",Pascal Chaumeil,"['Diane Kruger', 'Dany Boon', 'Alice Pol']",0,0,0,,5.6,194,11.60921,104.0,fr
59440,Warrior,2011-09-09,2011.0,"['Action', 'Drama']",Gavin O'Connor,"['Tom Hardy', 'Jennifer Morrison', 'Nick Nolte']",25000000,23057115,-1942885,-7.771540000000001,7.7,1272,51.915025,140.0,en
1770,Michael Collins,1996-10-25,1996.0,"['Drama', 'Thriller']",Neil Jordan,"['Liam Neeson', 'Aidan Quinn', 'Stephen Rea']",28000000,16900000,-11100000,-39.64285714285714,6.7,97,8.314624,132.0,en
10655,Gettysburg,1993-10-08,1993.0,"['War', 'Drama', 'History']",Ronald F. Maxwell,"['Jeff Daniels', 'Tom Berenger', 'Martin Sheen']",0,25000000,25000000,inf,6.6,90,5.529035,254.0,en
8988,Stop-Loss,2008-03-28,2008.0,"['Drama', 'War']",Kimberly Peirce,"['Ryan Phillippe', 'Abbie Cornish', 'Joseph Gordon-Levitt']",25000000,11207130,-13792870,-55.171479999999995,6.1,82,4.002579,113.0,en
15992,Abandon,2002-10-14,2002.0,"['Drama', 'Mystery', 'Thriller']",Stephen Gaghan,"['Katie Holmes', 'Benjamin Bratt', 'Charlie Hunnam']",25000000,10719357,-14280643,-57.122572000000005,4.6,45,3.888776,99.0,en
17707,Brokedown Palace,1999-08-13,1999.0,"['Drama', 'Thriller']",Jonathan Kaplan,"['Claire Danes', 'Kate Beckinsale', 'Bill Pullman']",25000000,13000000,-12000000,-48.0,6.2,111,7.296459,100.0,en
77883,The Possession,2012-08-30,2012.0,"['Horror', 'Thriller']",Ole Bornedal,"['Jeffrey Dean Morgan', 'Natasha Calis', 'Madison Davenport']",14000000,85446075,71446075,510.3291071428571,5.8,498,21.680424,92.0,en
40001,Mrs. Winterbourne,1996-04-19,1996.0,"['Comedy', 'Romance', 'Drama']",Richard Benjamin,"['Shirley MacLaine', 'Ricki Lake', 'Brendan Fraser']",25000000,10070000,-14930000,-59.72,5.3,25,7.946769,105.0,en
64639,Straw Dogs,2011-09-16,2011.0,"['Drama', 'Thriller']",Rod Lurie,"['James Marsden', 'Kate Bosworth', 'Alexander Skarsgård']",25000000,10324441,-14675559,-58.702236,5.5,144,7.473455,110.0,en
9903,The Hoax,2006-10-14,2006.0,"['Comedy', 'Drama']",Lasse Hallström,"['Richard Gere', 'Alfred Molina', 'Marcia Gay Harden']",25000000,11772461,-13227539,-52.910156,6.4,60,5.073536,116.0,en
21338,Stone Cold,1991-05-17,1991.0,"['Action', 'Crime', 'Thriller']",Craig R. Baxley,"['Brian Bosworth', 'Lance Henriksen', 'William Forsythe']",0,0,0,,5.7,34,3.623002,92.0,en
20766,The Road,2009-11-25,2009.0,"['Adventure', 'Drama']",John Hillcoat,"['Viggo Mortensen', 'Kodi Smit-McPhee', 'Charlize Theron']",32000000,27635305,-4364695,-13.639671875000001,6.8,1087,41.075532,111.0,en
24264,Sheena,1984-08-17,1984.0,"['Action', 'Adventure', 'Comedy', 'Fantasy', 'Science Fiction']",John Guillermin,"['Tanya Roberts', 'Ted Wass', 'Donovan Scott']",25000000,5778353,-19221647,-76.886588,5.0,22,4.020194,117.0,en
19803,Underclassman,2005-09-02,2005.0,"['Action', 'Comedy']",Marcos Siega,"['Nick Cannon', 'Roselyn Sánchez', 'Shawn Ashmore']",0,0,0,,5.5,28,2.083856,95.0,en
20309,Say It Isn't So,2001-03-12,2001.0,"['Comedy', 'Romance']",J.B. Rogers,"['Chris Klein', 'Heather Graham', 'Orlando Jones']",25000000,0,-25000000,-100.0,4.8,47,2.909346,95.0,en
9912,The World's Fastest Indian,2005-10-12,2005.0,['Drama'],Roger Donaldson,"['Anthony Hopkins', 'Iain Rea', 'Tessa Mitchell']",25000000,0,-25000000,-100.0,7.3,166,8.450513,127.0,en
9067,Tank Girl,1995-03-31,1995.0,"['Action', 'Comedy', 'Fantasy', 'Science Fiction']",Rachel Talalay,"['Lori Petty', 'Ice-T', 'Naomi Watts']",25000000,4064495,-20935505,-83.74202,5.5,138,8.186936,98.0,en
27360,King's Ransom,2005-04-22,2005.0,"['Comedy', 'Crime']",Jeffrey W. Byrd,"['Anthony Anderson', 'Jay Mohr', 'Kellita Smith']",0,0,0,,5.1,14,5.079017,95.0,en
8338,Blindness,2008-05-14,2008.0,"['Drama', 'Mystery', 'Science Fiction', 'Thriller']",Fernando Meirelles,"['Julianne Moore', 'Mark Ruffalo', 'Alice Braga']",25000000,19844979,-5155021,-20.620084,6.4,387,17.603823,121.0,en
168705,BloodRayne,2005-10-22,2005.0,"['Action', 'Adventure', 'Fantasy', 'Horror']",Uwe Boll,"['Kristanna Loken', 'Ben Kingsley', 'Michelle Rodriguez']",25000000,2405420,-22594580,-90.37832,3.5,118,7.008216,95.0,en
72113,Carnage,2011-09-16,2011.0,"['Comedy', 'Drama']",Roman Polanski,"['Kate Winslet', 'Jodie Foster', 'Christoph Waltz']",25000000,27603069,2603069,10.412276,7.0,738,20.011435,80.0,en
9729,Where the Truth Lies,2005-10-07,2005.0,"['Drama', 'Mystery', 'Thriller']",Atom Egoyan,"['Kevin Bacon', 'Colin Firth', 'Alison Lohman']",25000000,0,-25000000,-100.0,5.9,66,4.051221,107.0,en
94352,Cirque du Soleil: Worlds Away,2012-11-09,2012.0,"['Fantasy', 'Family']",Andrew Adamson,"['Erica Linz', 'Igor Zaripov', 'Matt Gillanders']",0,34153101,34153101,inf,6.1,58,5.987486,91.0,en
22256,Without Limits,1998-09-11,1998.0,['Drama'],Robert Towne,"['Billy Crudup', 'Donald Sutherland', 'Monica Potter']",25000000,777423,-24222577,-96.890308,6.2,19,3.849873,117.0,en
12404,Me and Orson Welles,2009-11-25,2009.0,"['Comedy', 'Drama', 'Romance']",Richard Linklater,"['Zac Efron', 'Claire Danes', 'Christian McKay']",25000000,2336172,-22663828,-90.655312,6.6,49,3.593165,114.0,en
152742,The Best Offer,2013-01-01,2013.0,"['Drama', 'Romance', 'Crime', 'Mystery']",Giuseppe Tornatore,"['Geoffrey Rush', 'Jim Sturgess', 'Sylvia Hoeks']",13500000,19255873,5755873,42.636096296296294,7.7,704,30.058263,124.0,en
11699,The Bad Lieutenant: Port of Call - New Orleans,2009-09-11,2009.0,"['Drama', 'Crime']",Werner Herzog,"['Nicolas Cage', 'Eva Mendes', 'Val Kilmer']",25000000,10589102,-14410898,-57.643592,6.0,326,17.339852,122.0,en
49953,A Turtle's Tale: Sammy's Adventures,2010-08-03,2010.0,"['Animation', 'Family']",Ben Stassen,"['Yuri Lowenthal', 'Gemma Arterton', 'Isabelle Fuhrman']",0,0,0,,5.6,151,15.805449,88.0,en
48034,Little White Lies,2010-10-20,2010.0,"['Comedy', 'Drama']",Guillaume Canet,"['François Cluzet', 'Marion Cotillard', 'Benoît Magimel']",25000000,48531470,23531470,94.12588,7.1,380,15.279021,154.0,fr
39845,Love Ranch,2010-06-30,2010.0,['Drama'],Taylor Hackford,"['Helen Mirren', 'Joe Pesci', 'Sergio Peris-Mencheta']",0,0,0,,6.0,21,5.000126,117.0,en
25353,The True Story of Puss 'n Boots,2009-04-01,2009.0,"['Family', 'Adventure', 'Animation']",Jérôme Deschamps,"['Jérôme Deschamps', 'Yolande Moreau', 'Louise Wallon']",0,0,0,,3.8,7,1.684948,82.0,fr
36696,Space Dogs,2010-03-18,2010.0,"['Family', 'Animation']",Inna Evlannikova,"['Anna Bolshova', 'Evgeny Mironov', 'Sergey Garmash']",25000000,6500000,-18500000,-74.0,6.3,10,5.753564,85.0,ru
109091,The Counselor,2013-10-25,2013.0,"['Thriller', 'Crime', 'Drama']",Ridley Scott,"['Michael Fassbender', 'Cameron Diaz', 'Javier Bardem']",25000000,71009334,46009334,184.037336,5.0,712,35.022029,117.0,en
38543,Ironclad,2011-03-03,2011.0,"['Romance', 'Adventure', 'Action', 'History']",Jonathan English,"['James Purefoy', 'Kate Mara', 'Jason Flemyng']",25000000,0,-25000000,-100.0,6.2,227,12.31708,121.0,en
33157,Waterloo,1970-10-26,1970.0,"['History', 'Action', 'Drama']",Sergey Bondarchuk,"['Rod Steiger', 'Christopher Plummer', 'Orson Welles']",25000000,3052000,-21948000,-87.792,7.0,31,1.894749,128.0,en
290864,Kung Fu Jungle,2014-10-31,2014.0,"['Crime', 'Action', 'Thriller']",Teddy Chan,"['Donnie Yen', 'Charlie Yeung', 'Wang Baoqiang']",25000000,0,-25000000,-100.0,6.5,114,6.895866,100.0,cn
242166,Red Sky,2014-03-12,2014.0,"['Action', 'Thriller']",Mario Van Peebles,"['Cam Gigandet', 'Rachael Leigh Cook', 'Shane West']",25000000,0,-25000000,-100.0,4.1,26,3.344158,100.0,en
859,Dangerous Liaisons,1988-12-16,1988.0,"['Drama', 'Romance']",Stephen Frears,"['Glenn Close', 'John Malkovich', 'Michelle Pfeiffer']",14000000,34670720,20670720,147.648,7.0,257,14.480628,119.0,en
83770,On the Road,2012-05-22,2012.0,"['Adventure', 'Drama']",Walter Salles,"['Garrett Hedlund', 'Sam Riley', 'Kristen Stewart']",25000000,8784318,-16215682,-64.862728,5.5,301,14.613152,137.0,en
168,Star Trek IV: The Voyage Home,1986-11-25,1986.0,"['Science Fiction', 'Adventure']",Leonard Nimoy,"['William Shatner', 'Leonard Nimoy', 'DeForest Kelley']",24000000,133000000,109000000,454.1666666666667,6.9,477,22.258428,119.0,en
1246,Rocky Balboa,2006-12-20,2006.0,['Drama'],Sylvester Stallone,"['Sylvester Stallone', 'Burt Young', 'Milo Ventimiglia']",24000000,155721132,131721132,548.83805,6.5,835,30.445257,102.0,en
4233,Scream 2,1997-12-09,1997.0,"['Horror', 'Mystery']",Wes Craven,"['David Arquette', 'Neve Campbell', 'Courteney Cox']",24000000,172363301,148363301,618.1804208333333,6.1,840,35.244037,120.0,en
174751,Jane Got a Gun,2016-01-01,2016.0,"['Action', 'Drama', 'Western']",Gavin O'Connor,"['Natalie Portman', 'Joel Edgerton', 'Ewan McGregor']",25000000,1397284,-23602716,-94.410864,5.4,285,15.333575,98.0,en
184098,Think Like a Man Too,2014-06-20,2014.0,"['Comedy', 'Romance']",Tim Story,"['Adam Brody', 'Michael Ealy', 'Jerry Ferrara']",24000000,70181428,46181428,192.42261666666667,6.4,225,15.237142,105.0,en
2069,The Whole Nine Yards,2000-02-18,2000.0,"['Comedy', 'Crime']",Jonathan Lynn,"['Bruce Willis', 'Matthew Perry', 'Rosanna Arquette']",41300000,106371651,65071651,157.5584769975787,6.2,531,23.441135,98.0,en
1788,Footloose,1984-02-17,1984.0,"['Drama', 'Family', 'Music', 'Romance']",Herbert Ross,"['Kevin Bacon', 'John Lithgow', 'Dianne Wiest']",8200000,80035402,71835402,876.0414878048781,6.4,505,25.03414,107.0,en
11635,Old School,2003-02-21,2003.0,['Comedy'],Todd Phillips,"['Luke Wilson', 'Will Ferrell', 'Vince Vaughn']",24000000,87055349,63055349,262.7306208333333,6.6,541,24.70166,91.0,en
177,The Fisher King,1991-09-09,1991.0,"['Comedy', 'Drama']",Terry Gilliam,"['Jeff Bridges', 'Robin Williams', 'Mercedes Ruehl']",24000000,41895491,17895491,74.56454583333333,7.2,341,16.146572,137.0,en
3600,I Still Know What You Did Last Summer,1998-11-13,1998.0,"['Horror', 'Mystery', 'Thriller']",Danny Cannon,"['Jennifer Love Hewitt', 'Freddie Prinze Jr.', 'Mekhi Phifer']",65000000,40002112,-24997888,-38.45828923076923,5.1,374,20.793026,100.0,en
2621,Return to Me,2000-04-07,2000.0,"['Romance', 'Comedy', 'Drama']",Bonnie Hunt,"['David Duchovny', 'Minnie Driver', ""Carroll O'Connor""]",24000000,36609995,12609995,52.54164583333333,6.1,67,5.771479,115.0,en
10358,Zack and Miri Make a Porno,2008-09-18,2008.0,['Comedy'],Kevin Smith,"['Seth Rogen', 'Elizabeth Banks', 'Jennifer Schwalbach Smith']",24000000,42105111,18105111,75.4379625,6.1,721,27.326466,102.0,en
10480,Nurse Betty,2000-09-08,2000.0,"['Comedy', 'Crime', 'Thriller']",Neil LaBute,"['Renée Zellweger', 'Morgan Freeman', 'Chris Rock']",24000000,0,-24000000,-100.0,5.9,111,3.572339,108.0,en
10313,The Men Who Stare at Goats,2009-10-17,2009.0,"['Comedy', 'War']",Grant Heslov,"['George Clooney', 'Ewan McGregor', 'Jeff Bridges']",24000000,68729358,44729358,186.37232500000002,5.9,742,20.69219,93.0,en
18828,Double Take,2001-01-12,2001.0,"['Adventure', 'Drama', 'Action', 'Comedy', 'Romance']",George Gallo,"['Orlando Jones', 'Eddie Griffin', 'Garcelle Beauvais']",0,0,0,,5.5,24,1.903405,88.0,en
3558,"Girl, Interrupted",1999-12-21,1999.0,['Drama'],James Mangold,"['Winona Ryder', 'Angelina Jolie', 'Clea DuVall']",40000000,0,-40000000,-100.0,7.6,721,10.713521,127.0,en
13476,Win a Date with Tad Hamilton!,2004-01-23,2004.0,"['Comedy', 'Romance']",Robert Luketic,"['Josh Duhamel', 'Kate Bosworth', 'Topher Grace']",17000000,16980098,-19902,-0.1170705882352941,5.5,160,7.701041,95.0,en
10208,Muppets from Space,1999-07-14,1999.0,"['Fantasy', 'Comedy', 'Science Fiction', 'Family']",Tim Hill,"['Steve Whitmire', 'Dave Goelz', 'Bill Barretta']",24000000,16290976,-7709024,-32.12093333333333,5.8,92,6.589193,87.0,en
24961,The Wiz,1978-10-24,1978.0,"['Adventure', 'Family', 'Fantasy', 'Music']",Sidney Lumet,"['Diana Ross', 'Michael Jackson', 'Nipsey Russell']",24000000,21049053,-2950947,-12.2956125,5.9,58,2.753313,134.0,en
20697,Ready to Rumble,2000-04-07,2000.0,"['Action', 'Comedy', 'Drama']",Brian Robbins,"['David Arquette', 'Scott Caan', 'Oliver Platt']",24000000,12372410,-11627590,-48.44829166666666,4.7,49,3.113009,107.0,en
20761,Play It to the Bone,1999-12-25,1999.0,"['Comedy', 'Drama']",Ron Shelton,"['Antonio Banderas', 'Woody Harrelson', 'Lolita Davidovich']",24000000,8434146,-15565854,-64.857725,5.7,53,5.566203,124.0,en
70868,I Don't Know How She Does It,2011-09-16,2011.0,"['Romance', 'Comedy']",Douglas McGrath,"['Sarah Jessica Parker', 'Pierce Brosnan', 'Sarah Shahi']",24000000,30551495,6551495,27.297895833333335,5.0,141,8.630825,89.0,en
43593,Piranha 3D,2010-08-20,2010.0,"['Comedy', 'Horror']",Alexandre Aja,"['Elisabeth Shue', 'Adam Scott', ""Jerry O'Connell""]",24000000,83188165,59188165,246.61735416666664,5.3,581,23.343839,88.0,en
6478,Beyond the Sea,2004-12-17,2004.0,"['Drama', 'Music']",Kevin Spacey,"['Kevin Spacey', 'Kate Bosworth', 'John Goodman']",23000000,0,-23000000,-100.0,6.5,55,6.138213,118.0,en
40688,Meet the Deedles,1998-03-27,1998.0,"['Animation', 'Comedy', 'Family']",Steve Boyum,"['Paul Walker', 'John Ashton', 'Dennis Hopper']",24000000,4562146,-19437854,-80.99105833333333,4.1,19,2.353441,93.0,en
26672,The Thief and the Cobbler,1993-09-23,1993.0,"['Adventure', 'Fantasy', 'Animation', 'Science Fiction', 'Family']",Richard Williams,"['Vincent Price', 'Anthony Quayle', 'Sean Connery']",28000000,669276,-27330724,-97.60972857142856,6.8,26,2.439184,72.0,en
45881,The Bridge of San Luis Rey,2004-01-01,2004.0,"['Romance', 'Drama']",Mary McGuckian,"['Gabriel Byrne', 'F. Murray Abraham', 'Kathy Bates']",0,0,0,,5.4,15,0.515677,120.0,en
41283,Faster,2010-11-23,2010.0,"['Crime', 'Drama', 'Action', 'Thriller']","George Tillman, Jr.","['Dwayne Johnson', 'Billy Bob Thornton', 'Maggie Grace']",24000000,23081726,-918274,-3.8261416666666666,6.1,568,26.324874,98.0,en
4935,Howl's Moving Castle,2004-11-19,2004.0,"['Fantasy', 'Animation', 'Adventure']",Hayao Miyazaki,"['Takuya Kimura', 'Akihiro Miwa', 'Tatsuya Gashûin']",24000000,234710455,210710455,877.9602291666666,8.2,1991,49.549984,119.0,ja
19908,Zombieland,2009-10-07,2009.0,"['Comedy', 'Horror']",Ruben Fleischer,"['Jesse Eisenberg', 'Woody Harrelson', 'Emma Stone']",23600000,102391382,78791382,333.86178813559326,7.2,3550,57.300674,88.0,en
10663,The Waterboy,1998-11-06,1998.0,['Comedy'],Frank Coraci,"['Adam Sandler', 'Kathy Bates', 'Fairuza Balk']",23000000,185991646,162991646,708.6593304347825,5.9,512,23.839127,90.0,en
1891,The Empire Strikes Back,1980-05-17,1980.0,"['Adventure', 'Action', 'Science Fiction']",Irvin Kershner,"['Mark Hamill', 'Harrison Ford', 'Carrie Fisher']",18000000,538400000,520400000,2891.1111111111113,8.2,5879,78.51783,124.0,en
9737,Bad Boys,1995-04-07,1995.0,"['Action', 'Comedy', 'Crime', 'Thriller']",Michael Bay,"['Will Smith', 'Martin Lawrence', 'Téa Leoni']",19000000,141407024,122407024,644.2474947368421,6.5,1699,33.872182,118.0,en
37137,The Naked Gun 2½: The Smell of Fear,1991-06-28,1991.0,"['Comedy', 'Crime']",David Zucker,"['Leslie Nielsen', 'Priscilla Presley', 'George Kennedy']",23000000,86930411,63930411,277.9583086956522,6.6,546,27.33256,85.0,en
9532,Final Destination,2000-03-16,2000.0,['Horror'],James Wong,"['Devon Sawa', 'Ali Larter', 'Kerr Smith']",23000000,53302314,30302314,131.74919130434785,6.4,1378,38.799596,98.0,en
10316,The Ides of March,2011-09-24,2011.0,['Drama'],George Clooney,"['Ryan Gosling', 'George Clooney', 'Philip Seymour Hoffman']",12500000,75993061,63493061,507.944488,6.5,910,20.317469,101.0,en
2787,Pitch Black,2000-02-18,2000.0,"['Thriller', 'Science Fiction', 'Action']",David Twohy,"['Vin Diesel', 'Radha Mitchell', 'Cole Hauser']",23000000,53187659,30187659,131.25069130434784,6.7,1789,18.493202,108.0,en
12658,Someone Like You...,2001-03-30,2001.0,"['Comedy', 'Romance']",Tony Goldwyn,"['Ashley Judd', 'Greg Kinnear', 'Hugh Jackman']",23000000,0,-23000000,-100.0,6.0,118,7.901891,97.0,en
152601,Her,2013-12-18,2013.0,"['Romance', 'Science Fiction', 'Drama']",Spike Jonze,"['Joaquin Phoenix', 'Scarlett Johansson', 'Rooney Mara']",23000000,47351251,24351251,105.87500434782609,7.9,4097,53.682367,126.0,en
10866,Joy Ride,2001-10-05,2001.0,"['Mystery', 'Thriller', 'Drama']",John Dahl,"['Steve Zahn', 'Paul Walker', 'Leelee Sobieski']",23000000,36642838,13642838,59.316686956521735,6.3,325,11.183197,97.0,en
227707,The Adventurer: The Curse of the Midas Box,2013-12-05,2013.0,"['Fantasy', 'Adventure', 'Family']",Jonathan Newman,"['Aneurin Barnard', 'Michael Sheen', 'Lena Headey']",25000000,6399,-24993601,-99.97440399999999,5.1,73,8.842722,99.0,en
21349,Anywhere But Here,1999-11-12,1999.0,"['Drama', 'Comedy', 'Romance']",Wayne Wang,"['Susan Sarandon', 'Natalie Portman', 'Hart Bochner']",23000000,18653615,-4346385,-18.89732608695652,5.9,66,8.976738,114.0,en
19150,The Crew,2000-08-21,2000.0,"['Action', 'Comedy']",Michael Dinner,"['Richard Dreyfuss', 'Burt Reynolds', 'Dan Hedaya']",0,0,0,,6.4,11,2.634119,88.0,en
70435,Haywire,2011-11-06,2011.0,"['Action', 'Thriller']",Steven Soderbergh,"['Gina Carano', 'Ewan McGregor', 'Michael Fassbender']",23000000,33372606,10372606,45.09828695652174,5.6,505,26.257951,93.0,en
580,Jaws: The Revenge,1987-07-17,1987.0,"['Adventure', 'Thriller']",Joseph Sargent,"['Lorraine Gary', 'Lance Guest', 'Mario Van Peebles']",23000000,51881013,28881013,125.56962173913044,3.5,224,12.777008,89.0,en
9819,Marvin's Room,1996-12-18,1996.0,['Drama'],Jerry Zaks,"['Diane Keaton', 'Meryl Streep', 'Leonardo DiCaprio']",0,0,0,,6.6,124,6.130231,98.0,en
13579,The Longshots,2008-08-22,2008.0,"['Drama', 'Family']",Fred Durst,"['Ice Cube', 'Keke Palmer', 'Tasha Smith']",0,0,0,,6.5,11,4.030724,94.0,en
20024,The End of the Affair,1999-12-03,1999.0,['Drama'],Neil Jordan,"['Ralph Fiennes', 'Stephen Rea', 'Julianne Moore']",23000000,10827816,-12172184,-52.922539130434785,6.6,55,6.921263,102.0,en
2453,Harley Davidson and the Marlboro Man,1991-08-23,1991.0,"['Action', 'Thriller']",Simon Wincer,"['Mickey Rourke', 'Don Johnson', 'Chelsea Field']",23000000,7434726,-15565274,-67.67510434782609,6.1,82,12.869436,98.0,en
6973,In the Valley of Elah,2007-08-31,2007.0,"['History', 'Drama', 'Thriller', 'Crime', 'Mystery']",Paul Haggis,"['Tommy Lee Jones', 'Charlize Theron', 'Susan Sarandon']",23000000,29541790,6541790,28.4425652173913,6.6,261,15.676123,124.0,en
11156,Coco Before Chanel,2009-04-22,2009.0,"['Drama', 'History']",Anne Fontaine,"['Audrey Tautou', 'Benoît Poelvoorde', 'Alessandro Nivola']",0,0,0,,6.6,246,8.426589,110.0,fr
354110,Forsaken,2015-09-16,2015.0,"['Western', 'Drama']",Jon Cassar,"['Demi Moore', 'Kiefer Sutherland', 'Donald Sutherland']",11000000,0,-11000000,-100.0,5.8,101,11.071522,90.0,en
22215,Cheri,2009-02-10,2009.0,"['Drama', 'Comedy', 'Romance']",Stephen Frears,"['Michelle Pfeiffer', 'Kathy Bates', 'Rupert Friend']",23000000,9366227,-13633773,-59.27727391304348,5.9,56,5.494047,86.0,en
11632,Vanity Fair,2004-09-01,2004.0,"['Drama', 'Romance']",Mira Nair,"['Reese Witherspoon', 'James Purefoy', 'Jonathan Rhys Meyers']",23000000,16123851,-6876149,-29.896299999999997,5.5,73,6.618149,141.0,en
30596,Bodyguards and Assassins,2009-12-18,2009.0,"['Drama', 'Action', 'History']",Teddy Chan,"['Donnie Yen', 'Wang Xue-qi', 'Tony Leung Ka-Fai']",23000000,5837674,-17162326,-74.61880869565218,6.5,57,7.876883,139.0,cn
3021,1408,2007-07-12,2007.0,"['Horror', 'Thriller']",Mikael Håfström,"['John Cusack', 'Samuel L. Jackson', 'Mary McCormack']",25000000,94679598,69679598,278.718392,6.5,1343,35.169779,104.0,en
957,Spaceballs,1987-06-24,1987.0,"['Comedy', 'Science Fiction']",Mel Brooks,"['Mel Brooks', 'Rick Moranis', 'Bill Pullman']",22700000,38119483,15419483,67.92723788546256,6.7,902,39.890798,96.0,en
256917,The Water Diviner,2014-12-25,2014.0,"['War', 'Drama']",Russell Crowe,"['Russell Crowe', 'Olga Kurylenko', 'Yılmaz Erdoğan']",22500000,15520023,-6979977,-31.022119999999997,6.8,431,22.096286,112.0,en
251,Ghost,1990-07-12,1990.0,"['Fantasy', 'Drama', 'Thriller', 'Mystery', 'Romance']",Jerry Zucker,"['Patrick Swayze', 'Demi Moore', 'Whoopi Goldberg']",22000000,505000000,483000000,2195.4545454545455,6.9,1339,41.967005,127.0,en
544,There's Something About Mary,1998-07-15,1998.0,"['Romance', 'Comedy']",Bobby Farrelly,"['Cameron Diaz', 'Ben Stiller', 'Matt Dillon']",23000000,369884651,346884651,1508.1941347826087,6.5,1590,57.110486,119.0,en
11395,The Santa Clause,1994-11-10,1994.0,"['Fantasy', 'Drama', 'Comedy', 'Family']",John Pasquin,"['Tim Allen', 'Judge Reinhold', 'Wendy Crewson']",22000000,189833357,167833357,762.8788954545454,6.3,489,16.234053,97.0,en
14635,The Rookie,2002-03-25,2002.0,"['Drama', 'Family']",John Lee Hancock,"['Dennis Quaid', 'Rachel Griffiths', 'Beth Grant']",20000000,75597042,55597042,277.98521,6.5,110,11.263361,127.0,en
13680,The Game Plan,2007-09-28,2007.0,"['Comedy', 'Family']",Andy Fickman,"['Dwayne Johnson', 'Madison Pettis', 'Kyra Sedgwick']",22000000,147880543,125880543,572.1842863636364,6.0,428,20.699212,110.0,en
688,The Bridges of Madison County,1995-05-28,1995.0,"['Drama', 'Romance']",Clint Eastwood,"['Meryl Streep', 'Clint Eastwood', 'Annie Corley']",24000000,182016617,158016617,658.4025708333332,7.3,385,17.606087,135.0,en
11090,The Animal,2001-06-01,2001.0,"['Action', 'Comedy']",Luke Greenfield,"['Rob Schneider', 'Colleen Haskell', 'John C. McGinley']",22000000,84772742,62772742,285.33064545454545,4.6,304,13.786075,84.0,en
783,Gandhi,1982-11-30,1982.0,"['Drama', 'History']",Richard Attenborough,"['Ben Kingsley', 'Candice Bergen', 'Edward Fox']",22000000,77737889,55737889,253.3540409090909,7.4,716,35.227212,191.0,en
228194,The Hundred-Foot Journey,2014-08-06,2014.0,['Drama'],Lasse Hallström,"['Helen Mirren', 'Manish Dayal', 'Om Puri']",22000000,88880821,66880821,304.0037318181818,7.3,508,27.898438,122.0,en
1642,The Net,1995-07-28,1995.0,"['Crime', 'Drama', 'Mystery', 'Thriller', 'Action']",Irwin Winkler,"['Sandra Bullock', 'Jeremy Northam', 'Dennis Miller']",22000000,110627965,88627965,402.8543863636363,5.6,354,23.218144,114.0,en
10950,I Am Sam,2001-12-28,2001.0,['Drama'],Jessie Nelson,"['Sean Penn', 'Michelle Pfeiffer', 'Dianne Wiest']",22000000,92542418,70542418,320.64735454545456,7.2,530,26.071644,132.0,en
235260,Son of God,2014-02-28,2014.0,['Drama'],Christopher Spencer,"['Roma Downey', 'Diogo Morgado', 'Louise Delamere']",22000000,67800064,45800064,208.1821090909091,5.9,83,9.175762,138.0,en
277,Underworld,2003-09-19,2003.0,"['Fantasy', 'Action', 'Thriller']",Len Wiseman,"['Kate Beckinsale', 'Scott Speedman', 'Michael Sheen']",22000000,95708457,73708457,335.0384409090909,6.6,2512,81.829237,121.0,en
8999,Derailed,2005-11-11,2005.0,"['Drama', 'Thriller']",Mikael Håfström,"['Clive Owen', 'Jennifer Aniston', 'Vincent Cassel']",22000000,57479076,35479076,161.26852727272728,6.1,319,17.7091,108.0,en
11323,The Informant!,2009-09-18,2009.0,"['Drama', 'Comedy', 'Crime']",Steven Soderbergh,"['Matt Damon', 'Scott Bakula', 'Joel McHale']",22000000,35424826,13424826,61.021936363636364,6.0,301,17.772518,108.0,en
10445,Shadowlands,1993-12-25,1993.0,"['Drama', 'Romance']",Richard Attenborough,"['Anthony Hopkins', 'Debra Winger', 'John Wood']",22000000,0,-22000000,-100.0,6.8,61,5.609755,131.0,en
11453,Deuce Bigalow: European Gigolo,2005-08-06,2005.0,['Comedy'],Mike Bigelow,"['Rob Schneider', 'Eddie Griffin', 'Jeroen Krabbé']",22000000,22400154,400154,1.818881818181818,4.7,225,10.259461,83.0,en
146239,Delivery Man,2013-10-10,2013.0,['Comedy'],Ken Scott,"['Vince Vaughn', 'Cobie Smulders', 'Chris Pratt']",26000000,51164106,25164106,96.78502307692308,6.2,551,30.114383,105.0,en
205588,Our Kind of Traitor,2016-05-05,2016.0,['Thriller'],Susanna White,"['Ewan McGregor', 'Stellan Skarsgård', 'Damian Lewis']",0,9930095,9930095,inf,6.0,160,10.547959,108.0,en
10878,Saving Silverman,2001-02-09,2001.0,"['Comedy', 'Crime', 'Romance']",Dennis Dugan,"['Jason Biggs', 'Steve Zahn', 'Jack Black']",22000000,19351569,-2648431,-12.038322727272726,5.4,154,12.887673,90.0,en
82650,Diary of a Wimpy Kid: Dog Days,2012-08-02,2012.0,"['Comedy', 'Family']",David Bowers,"['Zachary Gordon', 'Robert Capron', 'Devon Bostick']",22000000,77112176,55112176,250.5098909090909,6.0,223,13.410919,94.0,en
10279,Summer of Sam,1999-07-02,1999.0,"['Thriller', 'Drama', 'Crime', 'Romance']",Spike Lee,"['John Leguizamo', 'Adrien Brody', 'Mira Sorvino']",0,0,0,,6.3,112,3.70789,142.0,en
2294,Jay and Silent Bob Strike Back,2001-08-22,2001.0,['Comedy'],Kevin Smith,"['Kevin Smith', 'Jason Mewes', 'Ben Affleck']",22000000,33788161,11788161,53.58255,6.4,480,21.865021,104.0,en
2176,The Glass House,2001-09-14,2001.0,"['Drama', 'Thriller']",Daniel Sackheim,"['Leelee Sobieski', 'Diane Lane', 'Stellan Skarsgård']",30000000,23619609,-6380391,-21.26797,5.4,201,9.448517,106.0,en
270487,"Hail, Caesar!",2016-02-05,2016.0,"['Comedy', 'Drama', 'Mystery']",Joel Coen,"['Josh Brolin', 'George Clooney', 'Alden Ehrenreich']",22000000,63647656,41647656,189.30752727272727,5.7,1309,39.006187,106.0,en
19366,Josie and the Pussycats,2001-04-06,2001.0,"['Comedy', 'Music']",Deborah Kaplan,"['Rachael Leigh Cook', 'Rosario Dawson', 'Tara Reid']",22000000,0,-22000000,-100.0,5.3,72,6.404571,98.0,en
204082,Homefront,2013-11-27,2013.0,"['Action', 'Thriller']",Gary Fleder,"['Jason Statham', 'James Franco', 'Izabela Vidovic']",22000000,43058898,21058898,95.72226363636364,6.4,875,35.737655,100.0,en
24100,The Little Vampire,2000-10-27,2000.0,"['Family', 'Horror']",Uli Edel,"['Richard E. Grant', 'Jonathan Lipnicki', 'Jim Carter']",22000000,13555988,-8444012,-38.38187272727273,6.1,77,4.365196,95.0,en
1599,I Heart Huckabees,2004-09-10,2004.0,"['Comedy', 'Romance']",David O. Russell,"['Jason Schwartzman', 'Dustin Hoffman', 'Lily Tomlin']",22000000,0,-22000000,-100.0,6.2,239,14.925633,106.0,en
5550,RoboCop 3,1993-04-17,1993.0,"['Action', 'Adventure', 'Crime', 'Science Fiction', 'Thriller']",Fred Dekker,"['Robert John Burke', 'Nancy Allen', 'Mario Machado']",22000000,10696210,-11303790,-51.380863636363635,4.2,305,14.725467,104.0,en
30379,Megiddo: The Omega Code 2,2001-09-07,2001.0,"['Action', 'Science Fiction', 'Thriller']",Brian Trenchard-Smith,"['Michael York', 'Michael Biehn', 'Diane Venora']",0,0,0,,3.6,8,0.809588,104.0,en
42586,Darling Lili,1970-01-01,1970.0,"['Drama', 'Comedy', 'Thriller', 'Music', 'Romance']",Blake Edwards,"['Julie Andrews', 'Rock Hudson', 'Jeremy Kemp']",0,0,0,,4.9,8,0.816883,107.0,en
17709,Dudley Do-Right,1999-08-27,1999.0,"['Comedy', 'Family', 'Romance']",Hugh Wilson,"['Brendan Fraser', 'Sarah Jessica Parker', 'Alfred Molina']",70000000,0,-70000000,-100.0,3.8,48,8.792054,77.0,en
287948,The Transporter Refueled,2015-09-03,2015.0,"['Thriller', 'Action', 'Crime']",Camille Delamarre,"['Ed Skrein', 'Ray Stevenson', 'Loan Chabanol']",25000000,72629670,47629670,190.51868000000002,5.2,559,25.002715,96.0,en
7548,The Libertine,2004-09-16,2004.0,"['Drama', 'Romance']",Laurence Dunmore,"['Johnny Depp', 'Samantha Morton', 'John Malkovich']",0,0,0,,5.9,128,7.588597,114.0,en
9075,Black Book,2006-09-01,2006.0,"['Drama', 'Thriller', 'War']",Paul Verhoeven,"['Carice van Houten', 'Sebastian Koch', 'Thom Hoffman']",21000000,26193068,5193068,24.728895238095237,7.2,277,13.906611,145.0,nl
11661,Joyeux Noël,2005-11-09,2005.0,"['Romance', 'Drama', 'History', 'War', 'Music']",Christian Carion,"['Diane Kruger', 'Natalie Dessay', 'Benno Fürmann']",22000000,17709155,-4290845,-19.503840909090908,7.2,212,13.960945,116.0,fr
109513,Hit & Run,2012-08-22,2012.0,"['Action', 'Comedy', 'Romance']",Dax Shepard,"['Kristen Bell', 'Dax Shepard', 'Tom Arnold']",2000000,14400000,12400000,620.0,5.5,224,16.668854,100.0,en
12085,Mad Money,2008-01-17,2008.0,"['Action', 'Comedy', 'Crime']",Callie Khouri,"['Diane Keaton', 'Queen Latifah', 'Katie Holmes']",0,0,0,,5.9,140,6.847133,104.0,en
204922,Before I Go to Sleep,2014-09-03,2014.0,"['Mystery', 'Thriller']",Rowan Joffe,"['Nicole Kidman', 'Colin Firth', 'Mark Strong']",22000000,15447154,-6552846,-29.785663636363637,6.2,659,48.784734,92.0,en
38985,Sorcerer,1977-06-24,1977.0,"['Action', 'Thriller', 'Adventure']",William Friedkin,"['Roy Scheider', 'Bruno Cremer', 'Francisco Rabal']",22000000,12000000,-10000000,-45.45454545454545,7.4,98,9.088209,121.0,en
44113,Stone,2010-10-07,2010.0,['Drama'],John Curran,"['Frances Conroy', 'Robert De Niro', 'Edward Norton']",22000000,9479718,-12520282,-56.91037272727273,5.2,192,12.445176,105.0,en
21494,Moliere,2007-01-31,2007.0,"['Romance', 'Drama', 'Comedy']",Laurent Tirard,"['Romain Duris', 'Fabrice Luchini', 'Edouard Baer']",0,0,0,,6.7,45,4.61335,115.0,fr
164457,Out of the Furnace,2013-12-06,2013.0,"['Thriller', 'Drama', 'Crime']",Scott Cooper,"['Christian Bale', 'Zoe Saldana', 'Woody Harrelson']",22000000,15400000,-6600000,-30.0,6.5,720,29.230298,116.0,en
4566,Michael Clayton,2007-09-28,2007.0,"['Drama', 'Mystery', 'Crime']",Tony Gilroy,"['George Clooney', 'Tom Wilkinson', 'Tilda Swinton']",25000000,92991835,67991835,271.96734,6.5,501,18.961323,119.0,en
17795,My Fellow Americans,1996-12-20,1996.0,"['Comedy', 'Drama']",Peter Segal,"['Jack Lemmon', 'James Garner', 'Dan Aykroyd']",0,0,0,,6.3,46,2.809378,101.0,en
1073,Arlington Road,1999-03-19,1999.0,"['Drama', 'Thriller', 'Mystery']",Mark Pellington,"['Jeff Bridges', 'Tim Robbins', 'Joan Cusack']",21500000,0,-21500000,-100.0,7.0,239,12.819447,117.0,en
153158,Underdogs,2013-07-18,2013.0,"['Animation', 'Adventure', 'Romance']",Juan José Campanella,"['Juan José Campanella', 'Diego Ramos', 'Pablo Rago']",22000000,24000000,2000000,9.090909090909092,6.0,122,14.866351,106.0,es
81836,To Rome with Love,2012-04-20,2012.0,"['Romance', 'Comedy']",Woody Allen,"['Ellen Page', 'Woody Allen', 'Jesse Eisenberg']",17000000,73244881,56244881,330.85224117647056,5.6,546,15.013386,111.0,en
10724,Firefox,1982-06-13,1982.0,"['Science Fiction', 'Action', 'Adventure', 'Thriller']",Clint Eastwood,"['Clint Eastwood', 'Freddie Jones', 'David Huffman']",18000000,70687344,52687344,292.7074666666667,5.5,139,8.700565,136.0,en
9473,"South Park: Bigger, Longer & Uncut",1999-06-30,1999.0,"['Animation', 'Comedy', 'Music']",Trey Parker,"['Trey Parker', 'Matt Stone', 'Mary Kay Bergman']",21000000,0,-21000000,-100.0,7.1,893,27.197799,81.0,en
2196,Death at a Funeral,2007-02-09,2007.0,"['Comedy', 'Drama']",Frank Oz,"['Matthew Macfadyen', 'Keeley Hawes', 'Andy Nyman']",9000000,46,-8999954,-99.99948888888889,6.9,497,20.410354,90.0,en
1499,Teenage Mutant Ninja Turtles III,1993-03-17,1993.0,"['Action', 'Adventure', 'Comedy', 'Family', 'Fantasy', 'Science Fiction']",Stuart Gillard,"['Paige Turco', 'Stuart Wilson', 'Sab Shimono']",21000000,42000000,21000000,100.0,5.1,184,10.207065,96.0,en
20857,Hardball,2001-09-14,2001.0,"['Comedy', 'Romance']",Brian Robbins,"['Keanu Reeves', 'Diane Lane', 'Michael B. Jordan']",32000000,40222729,8222729,25.696028124999998,6.3,123,5.683281,106.0,en
82693,Silver Linings Playbook,2012-09-08,2012.0,"['Drama', 'Comedy', 'Romance']",David O. Russell,"['Bradley Cooper', 'Jennifer Lawrence', 'Robert De Niro']",21000000,205738714,184738714,879.7081619047619,6.9,4742,63.599973,122.0,en
1646,Freedom Writers,2007-01-05,2007.0,"['Crime', 'Drama']",Richard LaGravenese,"['Hilary Swank', 'Scott Glenn', 'Imelda Staunton']",21000000,41170784,20170784,96.05135238095238,7.5,356,17.746981,123.0,en
44944,For Colored Girls,2010-11-05,2010.0,['Drama'],Tyler Perry,"['Kimberly Elise', 'Janet Jackson', 'Loretta Devine']",0,37000000,37000000,inf,7.0,22,1.934524,134.0,en
4108,The Transporter,2002-10-02,2002.0,"['Action', 'Crime', 'Thriller']",Louis Leterrier,"['Jason Statham', 'Shu Qi', 'François Berléand']",21000000,43928932,22928932,109.18539047619046,6.6,1692,34.433521,92.0,en
8456,Never Back Down,2008-03-04,2008.0,"['Drama', 'Action']",Jeff Wadlow,"['Sean Faris', 'Amber Heard', 'Cam Gigandet']",20000000,41627431,21627431,108.137155,6.4,497,26.21425,115.0,en
7341,The Rage: Carrie 2,1999-03-11,1999.0,"['Horror', 'Thriller', 'Science Fiction']",Katt Shea,"['Emily Bergl', 'Jason London', 'Amy Irving']",21000000,17762705,-3237295,-15.415690476190477,5.1,76,4.781538,104.0,en
19255,Away We Go,2009-06-05,2009.0,"['Drama', 'Comedy', 'Romance']",Sam Mendes,"['John Krasinski', 'Maya Rudolph', 'Carmen Ejogo']",17000000,14899417,-2100583,-12.356370588235293,6.7,189,10.13559,98.0,en
10187,Swing Vote,2008-08-01,2008.0,"['Drama', 'Comedy']",Joshua Michael Stern,"['Kevin Costner', 'Madeline Carroll', 'Paula Patton']",21000000,17600000,-3400000,-16.19047619047619,5.8,65,5.815881,120.0,en
31005,Moonlight Mile,2002-09-09,2002.0,"['Romance', 'Drama']",Brad Silberling,"['Jake Gyllenhaal', 'Dustin Hoffman', 'Susan Sarandon']",21000000,10011050,-10988950,-52.32833333333333,6.5,52,8.982335,117.0,en
49517,Tinker Tailor Soldier Spy,2011-09-16,2011.0,"['Drama', 'Thriller', 'Mystery']",Tomas Alfredson,"['John Hurt', 'Gary Oldman', 'Kathy Burke']",30000000,0,-30000000,-100.0,6.6,840,33.649652,127.0,en
44857,Molly,1999-10-22,1999.0,"['Drama', 'Comedy', 'Romance']",John Duigan,"['Elisabeth Shue', 'Aaron Eckhart', 'Jill Hennessy']",0,0,0,,5.5,14,2.636193,102.0,en
50780,The Beaver,2011-02-11,2011.0,['Drama'],Jodie Foster,"['Jodie Foster', 'Mel Gibson', 'Jennifer Lawrence']",21000000,970816,-20029184,-95.37706666666666,6.3,276,13.847872,91.0,en
16363,The Best Little Whorehouse in Texas,1982-07-23,1982.0,['Comedy'],Colin Higgins,"['Burt Reynolds', 'Dolly Parton', 'Dom DeLuise']",35000000,69701637,34701637,99.14753428571429,5.9,41,4.189378,114.0,en
1946,eXistenZ,1999-04-14,1999.0,"['Action', 'Thriller', 'Science Fiction', 'Horror']",David Cronenberg,"['Jennifer Jason Leigh', 'Jude Law', 'Ian Holm']",15000000,2856712,-12143288,-80.95525333333333,6.7,475,21.928025,97.0,en
85,Raiders of the Lost Ark,1981-06-12,1981.0,"['Adventure', 'Action']",Steven Spielberg,"['Harrison Ford', 'Karen Allen', 'Paul Freeman']",18000000,389925971,371925971,2066.2553944444444,7.7,3854,68.159596,115.0,en
772,Home Alone 2: Lost in New York,1992-11-19,1992.0,"['Comedy', 'Family', 'Adventure', 'Crime']",Chris Columbus,"['Macaulay Culkin', 'Joe Pesci', ""Catherine O'Hara""]",18000000,358991681,340991681,1894.3982277777777,6.3,2395,81.487685,120.0,en
840,Close Encounters of the Third Kind,1977-11-16,1977.0,"['Science Fiction', 'Drama']",Steven Spielberg,"['Richard Dreyfuss', 'François Truffaut', 'Teri Garr']",20000000,303788635,283788635,1418.943175,7.2,1098,52.456505,135.0,en
9682,Pulse,2006-08-11,2006.0,"['Horror', 'Thriller']",Jim Sonzero,"['Kristen Bell', 'Ian Somerhalder', 'Christina Milian']",38000000,29907685,-8092315,-21.295565789473685,5.0,150,9.662715,90.0,en
96,Beverly Hills Cop II,1987-05-18,1987.0,"['Action', 'Comedy', 'Crime']",Tony Scott,"['Eddie Murphy', 'Judge Reinhold', 'John Ashton']",20000000,299965036,279965036,1399.82518,6.1,613,25.28436,100.0,en
10678,Bringing Down the House,2003-03-07,2003.0,['Comedy'],Adam Shankman,"['Steve Martin', 'Queen Latifah', 'Eugene Levy']",20000000,132675402,112675402,563.3770099999999,5.4,183,8.351385,105.0,en
274,The Silence of the Lambs,1991-02-01,1991.0,"['Crime', 'Drama', 'Thriller']",Jonathan Demme,"['Jodie Foster', 'Anthony Hopkins', 'Scott Glenn']",19000000,272742922,253742922,1335.4890631578946,8.1,4443,18.174804,119.0,en
8872,Wayne's World,1992-02-14,1992.0,"['Music', 'Comedy']",Penelope Spheeris,"['Mike Myers', 'Dana Carvey', 'Rob Lowe']",20000000,121697323,101697323,508.486615,6.5,728,21.815122,94.0,en
16290,Jackass 3D,2010-10-15,2010.0,"['Comedy', 'Documentary', 'Action']",Jeff Tremaine,"['Johnny Knoxville', 'Bam Margera', 'Ryan Dunn']",20000000,117224271,97224271,486.12135500000005,6.4,428,20.99174,94.0,en
579,Jaws 2,1978-06-16,1978.0,"['Horror', 'Thriller']",Jeannot Szwarc,"['Roy Scheider', 'Lorraine Gary', 'Murray Hamilton']",20000000,187884007,167884007,839.420035,5.9,406,19.636044,116.0,en
14405,Beverly Hills Chihuahua,2008-10-03,2008.0,"['Adventure', 'Comedy', 'Family']",Raja Gosnell,"['Drew Barrymore', 'Piper Perabo', 'Andy García']",20000000,149281606,129281606,646.40803,4.9,209,12.25264,91.0,en
138843,The Conjuring,2013-07-18,2013.0,"['Horror', 'Thriller']",James Wan,"['Patrick Wilson', 'Vera Farmiga', 'Lili Taylor']",13000000,318000141,305000141,2346.1549307692308,7.4,3092,49.975409,112.0,en
11637,Are We There Yet?,2005-01-20,2005.0,"['Adventure', 'Comedy', 'Family', 'Romance']",Brian Levant,"['Ice Cube', 'Nia Long', 'Aleisha Allen']",32000000,97918663,65918663,205.995821875,5.2,221,13.590677,95.0,en
226486,Tammy,2014-07-02,2014.0,['Comedy'],Ben Falcone,"['Melissa McCarthy', 'Susan Sarandon', 'Kathy Bates']",20000000,100525432,80525432,402.62716,5.0,500,21.657563,97.0,en
1584,School of Rock,2003-10-03,2003.0,"['Comedy', 'Music']",Richard Linklater,"['Jack Black', 'Joan Cusack', 'Mike White']",35000000,131282949,96282949,275.09414,6.7,1414,43.057323,108.0,en
9312,Mortal Kombat,1995-08-18,1995.0,"['Action', 'Fantasy']",Paul W.S. Anderson,"['Christopher Lambert', 'Robin Shou', 'Linden Ashby']",18000000,122195920,104195920,578.8662222222223,5.4,442,16.470895,101.0,en
12153,White Chicks,2004-06-23,2004.0,['Comedy'],Keenen Ivory Wayans,"['Shawn Wayans', 'Marlon Wayans', 'Jaime King']",37000000,113086475,76086475,205.6391216216216,6.3,679,28.703007,109.0,en
65057,The Descendants,2011-09-09,2011.0,"['Comedy', 'Drama']",Alexander Payne,"['George Clooney', 'Shailene Woodley', 'Amara Miller']",20000000,177243185,157243185,786.2159250000001,6.7,934,40.903931,115.0,en
8326,Holes,2003-04-18,2003.0,"['Adventure', 'Family', 'Drama', 'Comedy']",Andrew Davis,"['Sigourney Weaver', 'Jon Voight', 'Tim Blake Nelson']",20000000,0,-20000000,-100.0,6.7,383,22.001408,117.0,en
35690,The Last Song,2010-03-31,2010.0,"['Drama', 'Family', 'Romance']",Julie Anne Robinson,"['Miley Cyrus', 'Greg Kinnear', 'Bobby Coleman']",0,0,0,,6.9,923,23.139971,107.0,en
76203,12 Years a Slave,2013-10-18,2013.0,"['Drama', 'History']",Steve McQueen,"['Chiwetel Ejiofor', 'Michael Fassbender', ""Lupita Nyong'o""]",20000000,187000000,167000000,835.0,7.9,3674,95.9229,134.0,en
13497,Drumline,2002-12-13,2002.0,"['Drama', 'Romance', 'Comedy', 'Music']",Charles Stone III,"['Nick Cannon', 'Zoe Saldana', 'Orlando Jones']",20000000,57588485,37588485,187.94242500000001,6.2,116,4.748929,118.0,en
35688,Why Did I Get Married Too?,2010-04-02,2010.0,"['Comedy', 'Romance']",Tyler Perry,"['Tyler Perry', 'Janet Jackson', 'Jill Scott']",20000000,60072596,40072596,200.36298000000002,6.1,29,2.986286,121.0,en
162,Edward Scissorhands,1990-12-05,1990.0,"['Fantasy', 'Drama', 'Romance']",Tim Burton,"['Johnny Depp', 'Winona Ryder', 'Dianne Wiest']",20000000,53000000,33000000,165.0,7.5,3601,47.51363,105.0,en
296096,Me Before You,2016-06-02,2016.0,"['Drama', 'Romance']",Thea Sharrock,"['Emilia Clarke', 'Sam Claflin', 'Janet McTeer']",20000000,207945075,187945075,939.7253750000001,7.6,2562,53.161905,110.0,en
103370,Madea's Witness Protection,2012-06-29,2012.0,"['Drama', 'Comedy', 'Crime']",Tyler Perry,"['Tyler Perry', 'Eugene Levy', 'Denise Richards']",0,0,0,,5.9,52,7.050951,114.0,en
1051,The French Connection,1971-10-09,1971.0,"['Action', 'Crime', 'Thriller']",William Friedkin,"['Gene Hackman', 'Fernando Rey', 'Roy Scheider']",1800000,41158757,39358757,2186.597611111111,7.4,422,15.978136,104.0,en
376659,Bad Moms,2016-07-28,2016.0,['Comedy'],Jon Lucas,"['Mila Kunis', 'Kristen Bell', 'Kathryn Hahn']",20000000,183936074,163936074,819.68037,6.3,1252,42.512296,100.0,en
10073,Date Movie,2006-02-17,2006.0,['Comedy'],Jason Friedberg,"['Alyson Hannigan', 'Adam Campbell', 'Sophie Monk']",20000000,48548426,28548426,142.74213,3.6,222,10.098722,83.0,en
16690,Return to Never Land,2002-02-14,2002.0,"['Adventure', 'Fantasy', 'Animation', 'Family']",Robin Budd,"['Harriet Owen', 'Blayne Weaver', 'Jeff Bennett']",20000000,109862682,89862682,449.31341,6.1,290,15.341196,72.0,en
273895,Selma,2014-12-25,2014.0,"['History', 'Drama']",Ava DuVernay,"['David Oyelowo', 'Tom Wilkinson', 'Carmen Ejogo']",20000000,66787908,46787908,233.93954,7.4,817,29.023184,127.0,en
14873,The Jungle Book 2,2003-02-07,2003.0,"['Family', 'Animation', 'Adventure']",Steve Trenbirth,"['John Goodman', 'Haley Joel Osment', 'Mae Whitman']",20000000,135680000,115680000,578.4,5.6,269,19.819893,72.0,en
8968,Boogeyman,2005-02-04,2005.0,"['Thriller', 'Horror', 'Drama', 'Mystery']",Stephen T. Kay,"['Emily Deschanel', 'Barry Watson', 'Skye McCole Bartusiak']",20000000,67192859,47192859,235.964295,4.6,191,11.62423,89.0,en
9963,Premonition,2007-02-08,2007.0,"['Thriller', 'Drama', 'Mystery']",Mennan Yapo,"['Sandra Bullock', 'Julian McMahon', 'Courtney Taylor Burness']",20000000,84146832,64146832,320.73416,5.8,381,22.049787,96.0,en
15655,The Tigger Movie,2000-02-11,2000.0,"['Animation', 'Family']",Jun Falkenstein,"['Jim Cummings', 'Nikita Hopkins', 'Ken Sansom']",30000000,45554533,15554533,51.848443333333336,6.3,143,9.829859,77.0,en
21208,Orphan,2009-07-24,2009.0,"['Horror', 'Thriller', 'Mystery']",Jaume Collet-Serra,"['Vera Farmiga', 'Peter Sarsgaard', 'Isabelle Fuhrman']",20000000,41596251,21596251,107.981255,6.7,1261,29.295801,123.0,en
272878,Max,2015-06-26,2015.0,"['Adventure', 'Drama', 'Family']",Boaz Yakin,"['Thomas Haden Church', 'Josh Wiggins', 'Lauren Graham']",20000000,43967255,23967255,119.836275,6.8,276,14.136476,111.0,en
9760,Epic Movie,2007-01-25,2007.0,"['Action', 'Adventure', 'Comedy']",Jason Friedberg,"['Kal Penn', 'Adam Campbell', 'Jennifer Coolidge']",20000000,86865564,66865564,334.32782,3.2,326,6.064638,86.0,en
314365,Spotlight,2015-11-06,2015.0,"['Drama', 'Thriller', 'History']",Tom McCarthy,"['Mark Ruffalo', 'Michael Keaton', 'Rachel McAdams']",20000000,88346473,68346473,341.732365,7.8,2686,41.503588,128.0,en
13279,Lakeview Terrace,2008-09-19,2008.0,"['Drama', 'Crime', 'Thriller']",Neil LaBute,"['Samuel L. Jackson', 'Patrick Wilson', 'Kerry Washington']",20000000,27640028,7640028,38.20014,5.9,292,20.495749,110.0,en
1975,The Grudge 2,2006-10-13,2006.0,"['Horror', 'Thriller']",Takashi Shimizu,"['Sarah Michelle Gellar', 'Amber Tamblyn', 'Edison Chen']",20000000,39143839,19143839,95.719195,5.2,283,13.906944,102.0,en
33644,How Stella Got Her Groove Back,1998-08-14,1998.0,"['Comedy', 'Drama', 'Romance']",Kevin Rodney Sullivan,"['Angela Bassett', 'Taye Diggs', 'Whoopi Goldberg']",20000000,37672350,17672350,88.36175,6.0,24,2.003047,124.0,en
1649,Bill & Ted's Bogus Journey,1991-07-19,1991.0,"['Adventure', 'Comedy', 'Family', 'Fantasy', 'Science Fiction']",Peter Hewitt,"['Keanu Reeves', 'Alex Winter', 'George Carlin']",0,0,0,,5.9,308,11.349664,98.0,en
9895,Man of the Year,2006-10-09,2006.0,"['Comedy', 'Drama', 'Romance', 'Thriller']",Barry Levinson,"['Robin Williams', 'Christopher Walken', 'Laura Linney']",20000000,41237648,21237648,106.18824000000001,5.8,129,11.203335,115.0,en
9570,The Black Hole,1979-12-18,1979.0,"['Adventure', 'Family', 'Science Fiction', 'Action']",Gary Nelson,"['Maximilian Schell', 'Anthony Perkins', 'Robert Forster']",20000000,35841901,15841901,79.20950500000001,6.1,131,8.265317,98.0,en
27579,The American,2010-08-31,2010.0,"['Crime', 'Drama', 'Thriller']",Anton Corbijn,"['George Clooney', 'Violante Placido', 'Thekla Reuten']",20000000,65464324,45464324,227.32161999999997,5.8,481,18.632156,104.0,en
16052,Selena,1997-03-21,1997.0,['Drama'],Gregory Nava,"['Jennifer Lopez', 'Edward James Olmos', 'Constance Marie']",20000000,60000000,40000000,200.0,7.0,114,6.92592,127.0,en
40264,Vampires Suck,2010-08-18,2010.0,"['Horror', 'Comedy']",Jason Friedberg,"['Chris Riggi', 'Matt Lanter', 'Jenn Proske']",20000000,80547866,60547866,302.73933,4.2,315,17.165039,82.0,en
1164,Babel,2006-09-08,2006.0,['Drama'],Alejandro González Iñárritu,"['Brad Pitt', 'Cate Blanchett', 'Gael García Bernal']",25000000,135330182,110330182,441.320728,6.9,1055,25.785925,143.0,en
239678,This Is Where I Leave You,2014-09-10,2014.0,"['Drama', 'Comedy']",Shawn Levy,"['Jason Bateman', 'Tina Fey', 'Adam Driver']",19800000,41296320,21496320,108.56727272727274,6.5,505,20.311684,103.0,en
14359,Doubt,2008-11-27,2008.0,"['Drama', 'Mystery']",John Patrick Shanley,"['Meryl Streep', 'Philip Seymour Hoffman', 'Amy Adams']",20000000,50907234,30907234,154.53617,7.0,435,20.975165,104.0,en
3989,Team America: World Police,2004-10-10,2004.0,"['Music', 'Adventure', 'Animation', 'Action', 'Comedy']",Trey Parker,"['Trey Parker', 'Matt Stone', 'Kristen Miller']",32000000,50907422,18907422,59.085693750000004,6.6,660,26.509175,98.0,en
76617,Texas Chainsaw 3D,2013-01-03,2013.0,"['Horror', 'Thriller']",John Luessenhop,"['Alexandra Daddario', 'Dan Yeager', 'Bill Moseley']",20000000,47241945,27241945,136.209725,5.3,465,26.497025,92.0,en
1710,Copycat,1995-10-27,1995.0,"['Drama', 'Thriller']",Jon Amiel,"['Sigourney Weaver', 'Holly Hunter', 'Will Patton']",0,0,0,,6.4,194,14.211699,124.0,en
4258,Scary Movie 5,2013-04-11,2013.0,['Comedy'],Malcolm D. Lee,"['Simon Rex', 'Ashley Tisdale', 'Charlie Sheen']",20000000,78378744,58378744,291.89372,4.6,793,36.819044,86.0,en
20391,Paint Your Wagon,1969-10-15,1969.0,"['Drama', 'Action', 'Comedy', 'Western', 'Music']",Joshua Logan,"['Lee Marvin', 'Clint Eastwood', 'Jean Seberg']",20000000,31678778,11678778,58.393890000000006,6.2,63,7.902536,158.0,en
10139,Milk,2008-11-26,2008.0,"['History', 'Drama']",Gus Van Sant,"['Sean Penn', 'Emile Hirsch', 'James Franco']",20000000,54586584,34586584,172.93292,7.1,612,30.909699,128.0,en
335778,Risen,2016-02-19,2016.0,['Action'],Kevin Reynolds,"['Tom Felton', 'Cliff Curtis', 'Joseph Fiennes']",20000000,46069568,26069568,130.34784,5.7,295,16.663797,107.0,en
9645,Ghost Ship,2002-10-25,2002.0,"['Horror', 'Mystery', 'Thriller']",Steve Beck,"['Gabriel Byrne', 'Julianna Margulies', 'Desmond Harrington']",35000000,68349884,33349884,95.28538285714285,5.3,531,27.724913,91.0,en
55465,A Very Harold & Kumar Christmas,2011-11-04,2011.0,['Comedy'],Todd Strauss-Schulson,"['Neil Patrick Harris', 'John Cho', 'Elias Koteas']",19000000,35387212,16387212,86.24848421052631,6.0,328,17.971883,108.0,en
617,Wild Things,1998-03-20,1998.0,"['Crime', 'Drama', 'Mystery']",John McNaughton,"['Matt Dillon', 'Kevin Bacon', 'Denise Richards']",20000000,67200000,47200000,236.0,6.3,444,25.041992,108.0,en
19904,The Stepfather,2009-10-16,2009.0,"['Horror', 'Thriller', 'Mystery']",Nelson McCormick,"['Dylan Walsh', 'Sela Ward', 'Penn Badgley']",0,0,0,,5.4,167,7.924428,101.0,en
48289,The Debt,2010-04-11,2010.0,"['Drama', 'Thriller']",John Madden,"['Helen Mirren', 'Ciarán Hinds', 'Tom Wilkinson']",20000000,45636368,25636368,128.18184,6.3,257,14.857884,113.0,en
243,High Fidelity,2000-03-17,2000.0,"['Comedy', 'Drama', 'Romance', 'Music']",Stephen Frears,"['John Cusack', 'Iben Hjejle', 'Todd Louiso']",30000000,47126295,17126295,57.087650000000004,7.0,628,23.982956,113.0,en
6933,One Missed Call,2008-01-04,2008.0,"['Horror', 'Mystery', 'Thriller']",Eric Valette,"['Shannyn Sossamon', 'Edward Burns', 'Ana Claudia Talancón']",20000000,0,-20000000,-100.0,4.7,171,12.458131,87.0,en
17182,Eye for an Eye,1996-01-12,1996.0,"['Drama', 'Thriller']",John Schlesinger,"['Sally Field', 'Kiefer Sutherland', 'Ed Harris']",20000000,0,-20000000,-100.0,5.8,63,3.996392,101.0,en
8848,The Bank Job,2008-02-28,2008.0,"['Thriller', 'Crime', 'Drama']",Roger Donaldson,"['Jason Statham', 'Saffron Burrows', 'Stephen Campbell Moore']",20000000,64822796,44822796,224.11398,6.6,697,30.387754,112.0,en
38,Eternal Sunshine of the Spotless Mind,2004-03-19,2004.0,"['Science Fiction', 'Drama', 'Romance']",Michel Gondry,"['Jim Carrey', 'Kate Winslet', 'Kirsten Dunst']",20000000,72258126,52258126,261.29063,7.9,3652,56.481487,108.0,en
38303,You Again,2010-09-24,2010.0,"['Comedy', 'Romance']",Andy Fickman,"['Kristen Bell', 'Sigourney Weaver', 'Betty White']",20000000,32005248,12005248,60.026239999999994,6.0,368,19.962713,105.0,en
1266,Street Kings,2008-04-10,2008.0,"['Action', 'Crime', 'Drama', 'Thriller']",David Ayer,"['Keanu Reeves', 'Forest Whitaker', 'Chris Evans']",20000000,65569869,45569869,227.849345,6.3,363,18.666876,109.0,en
107985,The World's End,2013-07-18,2013.0,"['Comedy', 'Action', 'Science Fiction']",Edgar Wright,"['Simon Pegg', 'Nick Frost', 'Martin Freeman']",20000000,46089287,26089287,130.446435,6.7,1778,55.964605,109.0,en
14043,Nancy Drew,2007-06-15,2007.0,"['Action', 'Adventure', 'Crime', 'Family', 'Mystery', 'Thriller']",Andrew Fleming,"['Emma Roberts', 'Josh Flitter', 'Max Thieriot']",0,0,0,,5.8,143,5.0348,99.0,en
19901,Daybreakers,2009-01-06,2009.0,"['Fantasy', 'Horror', 'Action', 'Thriller', 'Science Fiction']",Michael Spierig,"['Ethan Hawke', 'Sam Neill', 'Willem Dafoe']",20000000,51416464,31416464,157.08232,6.0,634,28.019226,98.0,en
34016,She's Out of My League,2010-03-11,2010.0,"['Comedy', 'Romance']",Jim Field Smith,"['Alice Eve', 'Jay Baruchel', 'Mike Vogel']",20000000,49779728,29779728,148.89864,5.9,525,16.176976,104.0,en
59860,Monte Carlo,2011-07-01,2011.0,"['Adventure', 'Comedy', 'Romance']",Thomas Bezucha,"['Selena Gomez', 'Katie Cassidy', 'Cory Monteith']",20000000,17425000,-2575000,-12.875,6.0,593,17.237143,109.0,en
10069,Stay Alive,2006-03-24,2006.0,"['Horror', 'Thriller']",William Brent Bell,"['Jon Foster', 'Samaire Armstrong', 'Frankie Muniz']",9000000,27105095,18105095,201.1677222222222,5.3,155,4.34503,100.0,en
9588,Quigley Down Under,1990-10-17,1990.0,"['Romance', 'Action', 'Adventure', 'Western', 'Drama']",Simon Wincer,"['Tom Selleck', 'Laura San Giacomo', 'Alan Rickman']",0,0,0,,6.5,119,11.360997,119.0,en
12819,Alpha and Omega,2010-09-17,2010.0,"['Family', 'Animation']",Ben Gluck,"['Hayden Panettiere', 'Justin Long', 'Dennis Hopper']",20000000,39300000,19300000,96.5,5.3,124,12.300789,88.0,en
9954,The Covenant,2006-09-08,2006.0,"['Action', 'Adventure', 'Fantasy', 'Horror', 'Science Fiction', 'Thriller']",Renny Harlin,"['Steven Strait', 'Laura Ramsey', 'Jessica Lucas']",20000000,37597471,17597471,87.987355,5.2,288,15.804814,97.0,en
10115,Stick It,2006-04-21,2006.0,"['Comedy', 'Drama']",Jessica Bendinger,"['Jeff Bridges', 'Missy Peregrym', 'Vanessa Lengies']",0,0,0,,6.3,148,9.750557,105.0,en
25132,Shorts,2009-08-21,2009.0,"['Comedy', 'Family']",Robert Rodriguez,"['Jimmy Bennett', 'Kat Dennings', 'Jolie Vanier']",40000000,28972508,-11027492,-27.568730000000002,5.1,44,4.100942,89.0,en
577,To Die For,1995-05-20,1995.0,"['Fantasy', 'Drama', 'Comedy', 'Thriller']",Gus Van Sant,"['Nicole Kidman', 'Matt Dillon', 'Joaquin Phoenix']",20000000,21284514,1284514,6.4225699999999994,6.7,175,12.309715,106.0,en
328387,Nerve,2016-07-27,2016.0,"['Mystery', 'Adventure', 'Crime']",Henry Joost,"['Emma Roberts', 'Dave Franco', 'Emily Meade']",20000000,83707310,63707310,318.53655000000003,7.1,2181,62.933899,96.0,en
12690,Appaloosa,2008-09-12,2008.0,"['Drama', 'Western', 'Crime']",Ed Harris,"['Viggo Mortensen', 'Ed Harris', 'Renée Zellweger']",20000000,20211394,211394,1.05697,6.3,299,16.074397,115.0,en
9945,Vampires,1998-04-15,1998.0,"['Action', 'Drama', 'Fantasy', 'Horror', 'Thriller']",John Carpenter,"['James Woods', 'Daniel Baldwin', 'Sheryl Lee']",20000000,0,-20000000,-100.0,5.8,255,17.016284,108.0,en
539,Psycho,1960-06-16,1960.0,"['Drama', 'Horror', 'Thriller']",Alfred Hitchcock,"['Anthony Perkins', 'Vera Miles', 'John Gavin']",806948,32000000,31193052,3865.5591190510413,8.2,2320,93.067866,109.0,en
13596,My Best Friend's Girl,2008-09-19,2008.0,"['Romance', 'Comedy']",Howard Deutch,"['Dane Cook', 'Kate Hudson', 'Alec Baldwin']",20000000,36620508,16620508,83.10254,5.4,220,17.145287,101.0,en
226857,Endless Love,2014-02-12,2014.0,"['Drama', 'Romance']",Shana Feste,"['Alex Pettyfer', 'Gabriella Wilde', 'Robert Patrick']",20000000,34077920,14077920,70.3896,6.7,542,27.256849,103.0,en
13159,Georgia Rule,2007-05-11,2007.0,"['Comedy', 'Drama', 'Romance']",Garry Marshall,"['Jane Fonda', 'Lindsay Lohan', 'Felicity Huffman']",20000000,0,-20000000,-100.0,5.6,130,7.878177,113.0,en
47941,Under the Rainbow,1981-07-31,1981.0,['Comedy'],Steve Rash,"['Chevy Chase', 'Carrie Fisher', 'Eve Arden']",20000000,2297493,-17702507,-88.512535,4.9,7,0.173964,98.0,en
526,Ladyhawke,1985-03-27,1985.0,"['Adventure', 'Drama', 'Fantasy', 'Romance']",Richard Donner,"['Matthew Broderick', 'Rutger Hauer', 'Michelle Pfeiffer']",20000000,18432000,-1568000,-7.84,6.8,260,14.370111,121.0,en
22796,Simon Birch,1998-09-11,1998.0,"['Comedy', 'Drama', 'Family']",Mark Steven Johnson,"['Jim Carrey', 'Ashley Judd', 'Ian Michael Smith']",20000000,18253415,-1746585,-8.732925,6.5,52,11.090254,114.0,en
2355,Reign Over Me,2007-03-23,2007.0,['Drama'],Mike Binder,"['Adam Sandler', 'Don Cheadle', 'Jada Pinkett Smith']",20000000,22222308,2222308,11.11154,7.1,334,20.82778,124.0,en
5915,Into the Wild,2007-09-11,2007.0,"['Adventure', 'Drama']",Sean Penn,"['Emile Hirsch', 'Marcia Gay Harden', 'William Hurt']",15000000,56255142,41255142,275.03427999999997,7.8,3045,43.644978,148.0,en
9842,School for Scoundrels,2006-09-29,2006.0,"['Comedy', 'Drama', 'Romance']",Todd Phillips,"['Billy Bob Thornton', 'Jon Heder', 'Jacinda Barrett']",20000000,17807569,-2192431,-10.962155,5.6,111,8.244324,100.0,en
61012,Silent Hill: Revelation 3D,2012-10-10,2012.0,"['Thriller', 'Horror', 'Mystery']",Michael J. Bassett,"['Adelaide Clemens', 'Kit Harington', 'Sean Bean']",20000000,52302796,32302796,161.51398,5.0,432,23.292761,94.0,en
755,From Dusk Till Dawn,1996-01-19,1996.0,"['Horror', 'Action', 'Thriller', 'Crime']",Robert Rodriguez,"['George Clooney', 'Quentin Tarantino', 'Harvey Keitel']",19000000,25836616,6836616,35.982189473684215,6.9,1603,64.181668,108.0,en
13682,Pooh's Heffalump Movie,2005-02-11,2005.0,"['Animation', 'Family']",Frank Nissen,"['Jim Cummings', 'John Fiedler', 'Nikita Hopkins']",0,0,0,,6.4,88,9.03154,68.0,en
9089,Home for the Holidays,1995-11-02,1995.0,"['Comedy', 'Drama', 'Romance']",Jodie Foster,"['Holly Hunter', 'Robert Downey Jr.', 'Anne Bancroft']",0,17519169,17519169,inf,6.3,39,4.031585,103.0,en
9470,Kung Fu Hustle,2004-02-10,2004.0,"['Action', 'Comedy', 'Crime', 'Fantasy']",Stephen Chow,"['Stephen Chow', 'Yuen Wah', 'Yuen Qiu']",20000000,100914445,80914445,404.572225,7.2,831,13.658985,99.0,cn
18357,The Country Bears,2002-07-26,2002.0,"['Adventure', 'Comedy', 'Family']",Peter Hastings,"['Haley Joel Osment', 'Diedrich Bader', 'Candy Ford']",35000000,0,-35000000,-100.0,4.3,20,6.908351,88.0,en
7979,The Kite Runner,2007-10-14,2007.0,['Drama'],Marc Forster,"['Khalid Abdalla', 'Atossa Leoni', 'Shaun Toub']",20000000,73276047,53276047,266.380235,7.3,394,10.446722,128.0,en
470,21 Grams,2003-09-06,2003.0,"['Drama', 'Crime', 'Thriller']",Alejandro González Iñárritu,"['Sean Penn', 'Naomi Watts', 'Benicio del Toro']",20000000,60427839,40427839,202.139195,7.2,918,32.243357,124.0,en
15644,Paparazzi,2004-09-03,2004.0,"['Action', 'Drama', 'Thriller']",Paul Abascal,"['Cole Hauser', 'Robin Tunney', 'Dennis Farina']",20000000,16605763,-3394237,-16.971185,5.8,52,9.149089,84.0,en
9582,A Guy Thing,2003-01-17,2003.0,"['Comedy', 'Romance']",Chris Koch,"['Jason Lee', 'Julia Stiles', 'Selma Blair']",20000000,17432163,-2567837,-12.839185,5.3,83,5.596835,101.0,en
10642,Loser,2000-07-21,2000.0,"['Drama', 'Comedy', 'Romance', 'Family']",Amy Heckerling,"['Jason Biggs', 'Mena Suvari', 'Zak Orth']",0,0,0,,5.0,120,5.214408,98.0,en
22074,Capitalism: A Love Story,2009-09-06,2009.0,['Documentary'],Michael Moore,"['Michael Moore', 'Thora Birch', 'William Black']",20000000,17436509,-2563491,-12.817454999999999,7.0,167,10.50098,120.0,en
2428,The Greatest Story Ever Told,1965-02-15,1965.0,"['Drama', 'History']",George Stevens,"['Max von Sydow', 'Michael Anderson Jr.', 'Carroll Baker']",20000000,15473333,-4526667,-22.633335,6.5,41,3.011205,199.0,en
290751,Secret in Their Eyes,2015-10-14,2015.0,"['Crime', 'Drama', 'Mystery']",Billy Ray,"['Chiwetel Ejiofor', 'Nicole Kidman', 'Julia Roberts']",19500000,34854990,15354990,78.74353846153846,6.2,336,15.012237,111.0,en
13805,Disaster Movie,2008-08-29,2008.0,"['Action', 'Comedy']",Jason Friedberg,"['Matt Lanter', 'Vanessa Lachey', 'Nicole Ari Parker']",25000000,14109284,-10890716,-43.562864000000005,3.0,240,16.238961,87.0,en
4597,Armored,2009-12-04,2009.0,"['Action', 'Crime', 'Drama', 'Thriller']",Nimród Antal,"['Columbus Short', 'Laurence Fishburne', 'Skeet Ulrich']",20000000,22942221,2942221,14.711105,5.5,208,15.21229,88.0,en
9414,The Man Who Knew Too Little,1997-11-14,1997.0,"['Comedy', 'Thriller', 'Crime', 'Action']",Jon Amiel,"['Bill Murray', 'Peter Gallagher', 'Joanne Whalley']",20000000,13801755,-6198245,-30.991225,6.5,125,6.397042,97.0,en
63492,What's Your Number?,2011-09-30,2011.0,"['Comedy', 'Romance']",Mark Mylod,"['Chris Evans', 'Anna Faris', 'Martin Freeman']",20000000,30426096,10426096,52.13048,6.2,671,19.220789,106.0,en
81796,Lockout,2012-04-12,2012.0,"['Action', 'Thriller', 'Science Fiction']",Stephen St. Leger,"['Guy Pearce', 'Maggie Grace', 'Joseph Gilgun']",20000000,32204030,12204030,61.020149999999994,5.8,715,35.232278,95.0,en
10710,Envy,2004-04-30,2004.0,['Comedy'],Barry Levinson,"['Ben Stiller', 'Jack Black', 'Rachel Weisz']",40000000,0,-40000000,-100.0,4.8,139,9.842771,99.0,en
15092,Crank: High Voltage,2009-04-16,2009.0,"['Action', 'Thriller', 'Crime']",Brian Taylor,"['Jason Statham', 'Amy Smart', 'Dwight Yoakam']",20000000,34560577,14560577,72.80288499999999,5.9,861,35.542809,96.0,en
11382,Bullets Over Broadway,1994-10-14,1994.0,"['Action', 'Comedy', 'Thriller']",Woody Allen,"['John Cusack', 'Dianne Wiest', 'Jennifer Tilly']",0,0,0,,7.0,130,7.829295,98.0,en
15005,One Night with the King,2006-10-13,2006.0,['Drama'],Michael O. Sajbel,"['Tiffany Dupont', ""Peter O'Toole"", 'Luke Goss']",20000000,13391174,-6608826,-33.04413,6.1,12,3.476925,123.0,en
8198,The Quiet American,2002-11-22,2002.0,"['Drama', 'Action', 'Thriller', 'Romance']",Phillip Noyce,"['Michael Caine', 'Brendan Fraser', 'Đỗ Thị Hải Yến']",30000000,27674124,-2325876,-7.7529200000000005,6.4,81,5.133744,101.0,en
6963,The Weather Man,2005-10-20,2005.0,"['Comedy', 'Drama']",Gore Verbinski,"['Nicolas Cage', 'Michael Caine', 'Hope Davis']",20000000,12482775,-7517225,-37.586124999999996,6.0,289,14.031377,101.0,en
15070,Undisputed,2002-08-23,2002.0,"['Action', 'Adventure', 'Drama', 'Thriller']",Walter Hill,"['Wesley Snipes', 'Ving Rhames', 'Peter Falk']",20000000,12398628,-7601372,-38.006859999999996,6.1,139,17.227376,96.0,en
12797,Ghost Town,2008-09-19,2008.0,"['Comedy', 'Fantasy', 'Romance']",David Koepp,"['Ricky Gervais', 'Greg Kinnear', 'Téa Leoni']",0,0,0,,6.4,286,17.98817,102.0,en
17134,12 Rounds,2009-03-19,2009.0,"['Action', 'Adventure', 'Drama', 'Thriller']",Renny Harlin,"['John Cena', 'Aidan Gillen', 'Ashley Scott']",20000000,17280326,-2719674,-13.598370000000001,5.7,220,15.66135,108.0,en
41402,Let Me In,2010-10-01,2010.0,"['Drama', 'Horror', 'Mystery']",Matt Reeves,"['Kodi Smit-McPhee', 'Chloë Grace Moretz', 'Richard Jenkins']",20000000,24145613,4145613,20.728065,6.7,641,19.705311,116.0,en
18885,3 Ninjas Kick Back,1994-05-06,1994.0,"['Adventure', 'Action', 'Comedy', 'Family']",Charles T. Kanganis,"['Victor Wong', 'Max Elliott Slade', 'Sean Fox']",0,0,0,,4.5,48,2.645722,93.0,en
4953,Be Kind Rewind,2008-01-20,2008.0,"['Drama', 'Comedy']",Michel Gondry,"['Jack Black', 'Yasiin Bey', 'Danny Glover']",0,0,0,,6.2,424,17.662683,102.0,en
10773,Mrs Henderson Presents,2005-09-09,2005.0,"['Comedy', 'Drama']",Stephen Frears,"['Judi Dench', 'Bob Hoskins', 'Will Young']",0,0,0,,6.4,62,2.894154,103.0,en
146198,Triple 9,2016-02-19,2016.0,"['Action', 'Thriller']",John Hillcoat,"['Casey Affleck', 'Chiwetel Ejiofor', 'Woody Harrelson']",20000000,12639297,-7360703,-36.803515,5.6,797,29.371987,115.0,en
2639,Deconstructing Harry,1997-08-26,1997.0,"['Comedy', 'Drama']",Woody Allen,"['Woody Allen', 'Kirstie Alley', 'Billy Crystal']",20000000,10686841,-9313159,-46.565795,7.3,187,11.352693,96.0,en
10563,Three to Tango,1999-10-22,1999.0,"['Comedy', 'Romance']",Damon Santostefano,"['Matthew Perry', 'Neve Campbell', 'Dylan McDermott']",20000000,0,-20000000,-100.0,5.4,62,7.553773,98.0,en
295964,Burnt,2015-10-02,2015.0,['Drama'],John Wells,"['Bradley Cooper', 'Sienna Miller', 'Lily James']",20000000,36606743,16606743,83.033715,6.3,950,30.477114,100.0,en
5971,We're No Angels,1989-12-15,1989.0,"['Comedy', 'Crime', 'Drama']",Neil Jordan,"['Robert De Niro', 'Sean Penn', 'Demi Moore']",20000000,0,-20000000,-100.0,5.6,105,9.927018,106.0,en
9716,Everyone Says I Love You,1996-12-06,1996.0,"['Music', 'Comedy', 'Romance']",Woody Allen,"['Drew Barrymore', 'Diva Gray', 'Natasha Lyonne']",20000000,0,-20000000,-100.0,6.5,147,12.379781,101.0,en
11835,Death Sentence,2007-08-31,2007.0,"['Action', 'Crime', 'Drama', 'Thriller']",James Wan,"['Kevin Bacon', 'Garrett Hedlund', 'Kelly Preston']",20000000,16974459,-3025541,-15.127704999999999,6.5,297,12.643703,105.0,en
26171,Everybody's Fine,2009-12-04,2009.0,['Drama'],Kirk Jones,"['Robert De Niro', 'Drew Barrymore', 'Kate Beckinsale']",21000000,0,-21000000,-100.0,6.5,284,15.440465,99.0,en
31117,Superbabies: Baby Geniuses 2,2004-08-27,2004.0,"['Comedy', 'Family']",Bob Clark,"['Jon Voight', 'Scott Baio', 'Vanessa Angel']",0,9109322,9109322,inf,1.9,35,5.886228,88.0,en
9074,The Man,2005-09-08,2005.0,"['Action', 'Comedy', 'Crime']",Les Mayfield,"['Samuel L. Jackson', 'Eugene Levy', 'Luke Goss']",0,12382362,12382362,inf,5.4,133,6.925645,83.0,en
14396,Code Name: The Cleaner,2007-01-05,2007.0,"['Action', 'Comedy', 'Crime']",Les Mayfield,"['Cedric the Entertainer', 'Lucy Liu', 'Nicollette Sheridan']",20000000,10337477,-9662523,-48.312615,4.7,78,9.36146,84.0,en
15673,Connie and Carla,2004-04-16,2004.0,['Comedy'],Michael Lembeck,"['Nia Vardalos', 'Toni Collette', 'David Duchovny']",20000000,11341016,-8658984,-43.29492,6.4,24,6.102663,98.0,en
42618,Sweet Charity,1969-01-01,1969.0,"['Comedy', 'Drama', 'Music', 'Romance']",Bob Fosse,"['Shirley MacLaine', 'John McMartin', 'Ricardo Montalban']",8000000,20000000,12000000,150.0,6.5,15,0.709143,149.0,en
171274,Inherent Vice,2014-12-25,2014.0,"['Comedy', 'Romance', 'Crime', 'Drama', 'Mystery']",Paul Thomas Anderson,"['Joaquin Phoenix', 'Josh Brolin', 'Owen Wilson']",20000000,11110975,-8889025,-44.445125000000004,6.5,833,45.742217,148.0,en
24432,Doogal,2006-02-24,2006.0,['Family'],Frank Passingham,"['Daniel Tay', 'Jimmy Fallon', 'Jon Stewart']",0,0,0,,3.2,18,1.682839,85.0,en
109417,Battle of the Year,2013-09-21,2013.0,"['Music', 'Drama']",Benson Lee,"['Josh Holloway', 'Josh Peck', 'Chris Brown']",20000000,16549477,-3450523,-17.252615,5.9,88,8.237336,110.0,en
13948,An American Carol,2008-10-03,2008.0,"['Comedy', 'Fantasy']",David Zucker,"['Kevin Farley', 'Kelsey Grammer', 'Leslie Nielsen']",20000000,7000000,-13000000,-65.0,4.1,20,2.605374,83.0,en
106747,Machete Kills,2013-09-12,2013.0,"['Action', 'Crime', 'Thriller']",Robert Rodriguez,"['Danny Trejo', 'Mel Gibson', 'Amber Heard']",12000000,15008161,3008161,25.068008333333335,5.3,631,29.072964,107.0,en
10929,Willard,2003-03-14,2003.0,['Horror'],Glen Morgan,"['Crispin Glover', 'R. Lee Ermey', 'Laura Harring']",22000000,0,-22000000,-100.0,5.8,82,1.322528,100.0,en
14220,Strange Wilderness,2008-02-01,2008.0,['Comedy'],Fred Wolf,"['Steve Zahn', 'Allen Covert', 'Jonah Hill']",0,6575282,6575282,inf,4.7,69,4.961306,87.0,en
46435,Topsy-Turvy,1999-09-03,1999.0,"['Comedy', 'Drama', 'Music']",Mike Leigh,"['Allan Corduner', 'Jim Broadbent', 'Timothy Spall']",0,0,0,,6.7,41,8.628519,160.0,en
256962,Little Boy,2015-04-23,2015.0,"['Comedy', 'Drama', 'War']",Alejandro Monteverde,"['Jakob Salvati', 'Emily Watson', 'Cary-Hiroyuki Tagawa']",20000000,6420319,-13579681,-67.898405,7.0,185,12.232048,106.0,en
48231,A Dangerous Method,2011-09-30,2011.0,"['Drama', 'Thriller']",David Cronenberg,"['Keira Knightley', 'Viggo Mortensen', 'Michael Fassbender']",15000000,27462041,12462041,83.08027333333334,6.2,571,27.133277,99.0,en
3509,A Scanner Darkly,2006-05-25,2006.0,"['Animation', 'Science Fiction', 'Thriller']",Richard Linklater,"['Keanu Reeves', 'Winona Ryder', 'Woody Harrelson']",8700000,7659918,-1040082,-11.95496551724138,6.8,532,26.093043,100.0,en
82684,Chasing Mavericks,2012-10-25,2012.0,['Drama'],Curtis Hanson,"['Gerard Butler', 'Jonny Weston', 'Elisabeth Shue']",0,0,0,,7.0,216,13.621201,117.0,en
12142,Alone in the Dark,2005-01-28,2005.0,"['Action', 'Fantasy', 'Horror', 'Thriller']",Uwe Boll,"['Christian Slater', 'Tara Reid', 'Stephen Dorff']",20000000,10442808,-9557192,-47.78596,3.1,173,9.292987,96.0,en
23367,Bandslam,2009-08-06,2009.0,"['Comedy', 'Drama', 'Family', 'Music']",Todd Graff,"['Vanessa Hudgens', 'Aly Michalka', 'Gaelan Connell']",20000000,5210988,-14789012,-73.94506,5.4,126,7.716606,111.0,en
10740,Birth,2004-09-08,2004.0,"['Drama', 'Mystery', 'Thriller']",Jonathan Glazer,"['Nicole Kidman', 'Cameron Bright', 'Danny Huston']",20000000,0,-20000000,-100.0,5.9,179,7.698075,100.0,en
241239,A Most Violent Year,2014-12-30,2014.0,"['Crime', 'Drama', 'Thriller']",J.C. Chandor,"['Oscar Isaac', 'Jessica Chastain', 'Albert Brooks']",20000000,12007070,-7992930,-39.96465,6.5,546,37.629309,125.0,en
14582,Passchendaele,2008-10-17,2008.0,"['Drama', 'Romance', 'War', 'History']",Paul Gross,"['Paul Gross', 'Caroline Dhavernas', 'Joe Dinicol']",0,0,0,,6.3,26,2.405911,114.0,en
14914,Flash of Genius,2008-09-07,2008.0,['Drama'],Marc Abraham,"['Aaron Abrams', 'Alan Alda', 'Lauren Graham']",0,0,0,,6.3,59,3.350297,119.0,en
3902,I'm Not There.,2007-10-01,2007.0,"['Drama', 'Music']",Todd Haynes,"['Cate Blanchett', 'Heath Ledger', 'Julianne Moore']",20000000,4001121,-15998879,-79.994395,6.6,195,13.032308,135.0,en
77948,The Cold Light of Day,2012-04-04,2012.0,"['Action', 'Thriller']",Mabrouk El Mechri,"['Henry Cavill', 'Verónica Echegui', 'Sigourney Weaver']",20000000,16863583,-3136417,-15.682085,4.8,271,15.131867,93.0,en
21755,The Brothers Bloom,2008-09-09,2008.0,"['Adventure', 'Comedy', 'Drama', 'Romance']",Rian Johnson,"['Rachel Weisz', 'Adrien Brody', 'Mark Ruffalo']",20000000,5530764,-14469236,-72.34618,6.8,203,10.218307,114.0,en
4960,"Synecdoche, New York",2008-10-24,2008.0,['Drama'],Charlie Kaufman,"['Philip Seymour Hoffman', 'Samantha Morton', 'Jennifer Jason Leigh']",21000000,0,-21000000,-100.0,7.4,278,12.761176,124.0,en
128,Princess Mononoke,1997-07-12,1997.0,"['Adventure', 'Fantasy', 'Animation']",Hayao Miyazaki,"['Yōji Matsuda', 'Yuriko Ishida', 'Yūko Tanaka']",26500000,159375308,132875308,501.41625660377355,8.2,1983,60.732738,134.0,ja
14652,Bon voyage,2003-04-16,2003.0,"['Comedy', 'Drama', 'Foreign']",Jean-Paul Rappeneau,"['Grégori Derangère', 'Gérard Depardieu', 'Isabelle Adjani']",0,0,0,,5.7,20,0.49446,114.0,fr
40932,Can't Stop the Music,1980-06-20,1980.0,"['Comedy', 'Music']",Nancy Walker,"['Alex Briley', 'David Hodo', 'Glenn Hughes']",0,0,0,,4.9,9,6.574285,124.0,en
16608,The Proposition,2005-10-06,2005.0,"['Action', 'Adventure', 'Crime', 'Drama', 'Thriller', 'Western']",John Hillcoat,"['Guy Pearce', 'Ray Winstone', 'Emily Watson']",2000000,5048693,3048693,152.43465,7.1,218,14.617944,104.0,en
334531,My All American,2015-11-13,2015.0,['Drama'],Angelo Pizzo,"['Aaron Eckhart', 'Finn Wittrock', 'Robin Tunney']",20000000,0,-20000000,-100.0,6.8,36,3.102987,118.0,en
32316,Marci X,2003-08-22,2003.0,['Comedy'],Richard Benjamin,"['Lisa Kudrow', 'Damon Wayans', 'Richard Benjamin']",20000000,1675706,-18324294,-91.62147,3.3,12,5.65327,84.0,en
7299,Equilibrium,2002-12-06,2002.0,"['Action', 'Science Fiction', 'Thriller']",Kurt Wimmer,"['Christian Bale', 'Taye Diggs', 'Emily Watson']",20000000,5359645,-14640355,-73.201775,6.9,1552,44.566609,107.0,en
13405,The Children of Huang Shi,2008-07-03,2008.0,"['Drama', 'War']",Roger Spottiswoode,"['Jonathan Rhys Meyers', 'Radha Mitchell', 'Chow Yun-fat']",40000000,7400000,-32600000,-81.5,6.5,52,8.978408,125.0,zh
19457,The Yards,2000-04-27,2000.0,"['Drama', 'Action', 'Thriller', 'Crime']",James Gray,"['Mark Wahlberg', 'Joaquin Phoenix', 'Charlize Theron']",0,0,0,,6.0,97,10.150993,115.0,en
112937,The Oogieloves in the Big Balloon Adventure,2012-08-29,2012.0,['Family'],Matthew Diamond,"['Christopher Lloyd', 'Cary Elwes', 'Jaime Pressly']",0,0,0,,2.2,8,0.28576,88.0,en
314385,By the Sea,2015-11-12,2015.0,"['Drama', 'Romance']",Angelina Jolie,"['Angelina Jolie', 'Brad Pitt', 'Mélanie Laurent']",10000000,3727746,-6272254,-62.72254,5.4,156,11.267676,122.0,en
8953,Steamboy,2004-07-17,2004.0,"['Animation', 'Fantasy', 'Science Fiction']",Katsuhiro Ōtomo,"['Anne Suzuki', 'Masane Tsukayama', 'Katsuo Nakamura']",20000000,0,-20000000,-100.0,6.4,102,9.129808,126.0,ja
29078,The Game of Their Lives,2005-01-01,2005.0,['Drama'],David Anspaugh,"['Gerard Butler', 'Wes Bentley', 'Gavin Rossdale']",0,0,0,,5.8,14,2.013405,101.0,en
46503,All Good Things,2010-12-03,2010.0,"['Drama', 'Mystery', 'Thriller', 'Crime', 'Romance']",Andrew Jarecki,"['Kirsten Dunst', 'Ryan Gosling', 'Kristen Wiig']",0,0,0,,5.9,286,20.086645,101.0,en
10448,Rapa Nui,1994-09-09,1994.0,['Adventure'],Kevin Reynolds,"['Jason Scott Lee', 'Esai Morales', 'Sandrine Holt']",20000000,305070,-19694930,-98.47465,6.2,33,3.581906,107.0,en
13688,CJ7,2008-01-30,2008.0,"['Comedy', 'Drama', 'Family', 'Fantasy', 'Science Fiction']",Stephen Chow,"['Stephen Chow', 'Xu Jiao', 'Kitty Zhang Yuqi']",0,47301471,47301471,inf,6.1,107,12.373248,86.0,cn
10353,The Visitors II: The Corridors of Time,1998-02-11,1998.0,"['Comedy', 'Fantasy']",Jean-Marie Poiré,"['Christian Clavier', 'Jean Reno', 'Marie-Anne Chazel']",0,0,0,,5.8,221,12.283025,118.0,fr
43935,Dylan Dog: Dead of Night,2011-03-16,2011.0,"['Action', 'Comedy', 'Horror', 'Mystery', 'Science Fiction', 'Thriller']",Kevin Munroe,"['Brandon Routh', 'Peter Stormare', 'Sam Huntington']",20000000,4634062,-15365938,-76.82969,4.5,139,10.617236,107.0,en
11458,People I Know,2002-11-21,2002.0,"['Drama', 'Thriller']",Daniel Algrant,"['Al Pacino', 'Kim Basinger', ""Ryan O'Neal""]",20000000,0,-20000000,-100.0,5.5,48,6.377308,100.0,en
44638,The Tempest,2010-12-10,2010.0,"['Drama', 'Fantasy']",Julie Taymor,"['Helen Mirren', 'Felicity Jones', 'Reeve Carney']",20000000,346594,-19653406,-98.26703,6.0,31,3.620537,110.0,en
241257,Regression,2015-10-01,2015.0,"['Horror', 'Mystery', 'Thriller']",Alejandro Amenábar,"['Ethan Hawke', 'Emma Watson', 'David Thewlis']",0,17671101,17671101,inf,5.3,585,27.215666,106.0,en
14538,Three Kingdoms: Resurrection of the Dragon,2008-04-03,2008.0,"['Action', 'History', 'Drama']",Daniel Lee,"['Sammo Hung', 'Vanness Wu', 'Maggie Q']",0,0,0,,6.6,35,4.127155,102.0,en
13250,Butterfly on a Wheel,2007-07-27,2007.0,"['Crime', 'Drama', 'Thriller']",Mike Barker,"['Pierce Brosnan', 'Maria Bello', 'Gerard Butler']",20000000,0,-20000000,-100.0,6.3,130,13.118983,95.0,en
133931,Zambezia,2012-06-05,2012.0,"['Comedy', 'Animation', 'Adventure', 'Family']",Wayne Thornley,"['Jeremy Suarez', 'Samuel L. Jackson', 'Abigail Breslin']",20000000,0,-20000000,-100.0,5.3,68,14.182301,83.0,en
280871,Ramanujan,2014-07-11,2014.0,"['Drama', 'History']",Gnana Rajasekaran,"['Abhinay Vaddi', 'Suhasini Maniratnam', 'Kevin McGowan']",0,0,0,,5.0,3,0.416179,170.0,ta
239897,Dwegons,2014-01-24,2014.0,['Animation'],Tom Walsh,"['Melissa Leo', 'Maggie Wheeler', 'Joey D. Vieira']",0,0,0,,0.5,1,0.485405,98.0,en
184341,Hands of Stone,2016-08-26,2016.0,['Drama'],Jonathan Jakubowicz,"['Robert De Niro', 'Edgar Ramírez', 'Jurnee Smollett']",20000000,0,-20000000,-100.0,6.1,109,7.444189,105.0,en
334074,Survivor,2015-05-21,2015.0,['Thriller'],James McTeigue,"['Pierce Brosnan', 'Milla Jovovich', 'Dylan McDermott']",20000000,0,-20000000,-100.0,5.4,404,33.625477,96.0,en
199373,The Frozen Ground,2013-07-18,2013.0,"['Thriller', 'Crime']",Scott Walker,"['Nicolas Cage', 'Vanessa Hudgens', 'John Cusack']",27220000,5496951,-21723049,-79.80547024246877,6.1,465,28.060472,105.0,en
14202,The Painted Veil,2006-12-09,2006.0,"['Drama', 'Romance']",John Curran,"['Edward Norton', 'Juliet Howland', 'Naomi Watts']",19400000,0,-19400000,-100.0,7.1,312,20.746932,125.0,en
6968,The Baader Meinhof Complex,2008-09-24,2008.0,"['Action', 'Crime', 'Drama', 'History', 'Thriller']",Uli Edel,"['Martina Gedeck', 'Moritz Bleibtreu', 'Johanna Wokalek']",27000000,0,-27000000,-100.0,7.1,157,7.727035,150.0,de
581,Dances with Wolves,1990-11-09,1990.0,"['Adventure', 'Drama', 'Western']",Kevin Costner,"['Kevin Costner', 'Mary McDonnell', 'Graham Greene']",22000000,424208848,402208848,1828.2220363636363,7.6,1046,45.707835,181.0,en
52449,Bad Teacher,2011-05-16,2011.0,['Comedy'],Jake Kasdan,"['Cameron Diaz', 'Jason Segel', 'Justin Timberlake']",20000000,216197492,196197492,980.98746,5.4,1584,28.497242,92.0,en
12150,Sea of Love,1989-09-15,1989.0,"['Drama', 'Crime', 'Mystery']",Harold Becker,"['Al Pacino', 'Ellen Barkin', 'John Goodman']",19000000,110879513,91879513,483.57638421052627,6.7,141,11.47316,113.0,en
11247,A Cinderella Story,2004-07-10,2004.0,['Comedy'],Mark Rosman,"['Hilary Duff', 'Jennifer Coolidge', 'Chad Michael Murray']",19000000,70067909,51067909,268.7784684210526,6.1,713,25.28132,95.0,en
4232,Scream,1996-12-20,1996.0,"['Crime', 'Horror', 'Mystery']",Wes Craven,"['David Arquette', 'Neve Campbell', 'Courteney Cox']",14000000,173046663,159046663,1136.047592857143,7.0,1476,45.99611,111.0,en
9378,Thir13en Ghosts,2001-10-26,2001.0,"['Horror', 'Thriller']",Steve Beck,"['Tony Shalhoub', 'Embeth Davidtz', 'Matthew Lillard']",0,0,0,,5.4,440,20.392858,91.0,en
694,The Shining,1980-05-22,1980.0,"['Horror', 'Thriller']",Stanley Kubrick,"['Jack Nicholson', 'Shelley Duvall', 'Danny Lloyd']",19000000,44017374,25017374,131.67038947368422,8.1,3757,78.699993,144.0,en
105,Back to the Future,1985-07-03,1985.0,"['Adventure', 'Comedy', 'Science Fiction', 'Family']",Robert Zemeckis,"['Michael J. Fox', 'Christopher Lloyd', 'Lea Thompson']",19000000,381109762,362109762,1905.840852631579,8.0,6079,76.603233,116.0,en
11377,House on Haunted Hill,1999-10-29,1999.0,"['Horror', 'Mystery', 'Thriller']",William Malone,"['Geoffrey Rush', 'Famke Janssen', 'Taye Diggs']",19000000,40846082,21846082,114.97937894736843,5.5,209,13.664614,93.0,en
26367,I Can Do Bad All By Myself,2009-09-11,2009.0,"['Drama', 'Comedy']",Tyler Perry,"['Tyler Perry', 'Taraji P. Henson', 'Adam Rodríguez']",0,0,0,,6.0,40,2.242809,113.0,en
385383,Fight Valley,2016-07-22,2016.0,"['Action', 'Drama']",Rob Hawk,"[""Erin O'Brien"", 'Miesha Tate', 'Holly Holm']",27000000,0,-27000000,-100.0,3.9,8,1.224105,90.0,en
41210,The Switch,2010-05-11,2010.0,"['Comedy', 'Romance', 'Drama']",Josh Gordon,"['Jason Bateman', 'Jennifer Aniston', 'Jeff Goldblum']",19000000,49830607,30830607,162.26635263157897,5.9,583,27.494037,101.0,en
12090,Just Married,2003-01-09,2003.0,['Comedy'],Shawn Levy,"['Ashton Kutcher', 'Brittany Murphy', 'Christian Kane']",18000000,101564935,83564935,464.24963888888885,5.3,404,18.47518,95.0,en
62630,The Devil's Double,2011-02-11,2011.0,"['Drama', 'Action', 'Thriller', 'Crime', 'War']",Lee Tamahori,"['Dominic Cooper', 'Ludivine Sagnier', 'Raad Rawi']",19100000,5728213,-13371787,-70.0093560209424,6.5,208,10.559414,109.0,en
16110,Thomas and the Magic Railroad,2000-07-26,2000.0,"['Animation', 'Drama', 'Family', 'Science Fiction']",Britt Allcroft,"['Alec Baldwin', 'Peter Fonda', 'Mara Wilson']",0,0,0,,4.6,8,1.916351,85.0,en
29427,The Crazies,2010-02-26,2010.0,"['Mystery', 'Horror', 'Action']",Breck Eisner,"['Timothy Olyphant', 'Radha Mitchell', 'Joe Anderson']",20000000,54956140,34956140,174.78070000000002,6.2,633,28.867568,101.0,en
129,Spirited Away,2001-07-20,2001.0,"['Fantasy', 'Adventure', 'Animation', 'Family']",Hayao Miyazaki,"['Rumi Hiiragi', 'Miyu Irino', 'Mari Natsuki']",15000000,274925095,259925095,1732.8339666666668,8.3,3840,118.968562,125.0,ja
244114,Firestorm,2013-12-12,2013.0,"['Action', 'Crime']",Alan Yuen,"['Andy Lau', 'Gordon Lam Ka-Tung', 'Yao Chen']",0,0,0,,5.9,43,3.376967,110.0,zh
2669,The Bounty,1984-05-04,1984.0,"['Action', 'Drama', 'History']",Roger Donaldson,"['Mel Gibson', 'Anthony Hopkins', 'Laurence Olivier']",25000000,8613462,-16386538,-65.546152,6.5,108,7.436491,132.0,en
203833,The Book Thief,2013-11-08,2013.0,['Drama'],Brian Percival,"['Geoffrey Rush', 'Sophie Nélisse', 'Emily Watson']",0,76586316,76586316,inf,7.4,1486,57.84156,131.0,en
13523,Sex Drive,2008-10-16,2008.0,"['Comedy', 'Adventure', 'Romance']",Sean Anders,"['Josh Zuckerman', 'Amanda Crew', 'Clark Duke']",19000000,18755936,-244064,-1.2845473684210527,6.0,342,17.952817,109.0,en
25195,Leap Year,2010-01-08,2010.0,"['Romance', 'Comedy']",Anand Tucker,"['Amy Adams', 'Matthew Goode', 'Adam Scott']",19000000,29922472,10922472,57.486694736842104,6.4,465,21.959742,100.0,en
17277,The Fall of the Roman Empire,1964-03-24,1964.0,"['Drama', 'History']",Anthony Mann,"['Sophia Loren', 'Stephen Boyd', 'Alec Guinness']",19000000,4750000,-14250000,-75.0,6.0,33,4.229942,188.0,en
50725,Take Me Home Tonight,2011-03-04,2011.0,"['Comedy', 'Drama', 'Romance']",Michael Dowse,"['Topher Grace', 'Anna Faris', 'Dan Fogler']",19000000,6928068,-12071932,-63.53648421052631,6.2,208,11.766564,97.0,en
82631,Won't Back Down,2012-09-28,2012.0,['Drama'],Daniel Barnz,"['Viola Davis', 'Maggie Gyllenhaal', 'Ving Rhames']",0,5310554,5310554,inf,5.8,40,2.366251,121.0,en
73191,The Nutcracker,1993-11-24,1993.0,"['Family', 'Fantasy', 'Music']",Emile Ardolino,"['Darci Kistler', 'Damian Woetzel', 'Bart Robinson Cook']",19000000,2119994,-16880006,-88.84213684210526,5.6,5,0.068228,93.0,en
22479,Kansas City,1996-08-16,1996.0,"['Thriller', 'Drama', 'Music', 'Crime']",Robert Altman,"['Jennifer Jason Leigh', 'Miranda Richardson', 'Harry Belafonte']",18000000,0,-18000000,-100.0,6.1,12,5.380733,116.0,en
340611,Indignation,2016-07-29,2016.0,['Drama'],James Schamus,"['Logan Lerman', 'Sarah Gadon', 'Tracy Letts']",0,0,0,,6.8,69,5.625989,110.0,en
10065,The Amityville Horror,2005-04-15,2005.0,"['Horror', 'Thriller', 'Drama']",Andrew Douglas,"['Ryan Reynolds', 'Melissa George', 'Jesse James']",19000000,108047131,89047131,468.66911052631576,6.0,588,30.205943,90.0,en
2757,Adaptation.,2002-12-06,2002.0,"['Comedy', 'Crime', 'Drama']",Spike Jonze,"['Nicolas Cage', 'Meryl Streep', 'Chris Cooper']",19000000,32801173,13801173,72.63775263157895,7.3,638,26.441669,114.0,en
11683,Land of the Dead,2005-06-24,2005.0,['Horror'],George A. Romero,"['Simon Baker', 'John Leguizamo', 'Dennis Hopper']",15000000,46770602,31770602,211.80401333333333,6.0,381,15.262492,93.0,en
244339,Out of Inferno,2013-03-10,2013.0,['Action'],Danny Pang,"['Lau Ching-Wan', 'Angelica Lee', 'Chen Sicheng']",0,0,0,,5.8,11,1.583918,107.0,cn
1878,Fear and Loathing in Las Vegas,1998-05-22,1998.0,"['Adventure', 'Drama', 'Comedy']",Terry Gilliam,"['Johnny Depp', 'Benicio del Toro', 'Tobey Maguire']",18500000,10680275,-7819725,-42.26878378378379,7.2,1301,44.511363,118.0,en
23082,The Invention of Lying,2009-09-13,2009.0,"['Comedy', 'Romance', 'Fantasy']",Ricky Gervais,"['Ricky Gervais', 'Jennifer Garner', 'Jonah Hill']",18500000,31912793,13412793,72.50158378378379,6.0,518,16.665841,100.0,en
195589,Neighbors,2014-05-08,2014.0,['Comedy'],Nicholas Stoller,"['Seth Rogen', 'Zac Efron', 'Rose Byrne']",18000000,268157400,250157400,1389.7633333333333,6.2,2713,36.471231,96.0,en
854,The Mask,1994-07-29,1994.0,"['Romance', 'Comedy', 'Crime', 'Fantasy']",Chuck Russell,"['Jim Carrey', 'Cameron Diaz', 'Nancy Fish']",23000000,351583407,328583407,1428.6235086956522,6.6,2472,85.30318,101.0,en
2280,Big,1988-06-03,1988.0,"['Fantasy', 'Drama', 'Comedy', 'Romance', 'Family']",Penny Marshall,"['Tom Hanks', 'Elizabeth Perkins', 'Robert Loggia']",18000000,151668774,133668774,742.6043,6.9,993,20.716023,104.0,en
496,Borat: Cultural Learnings of America for Make Benefit Glorious Nation of Kazakhstan,2006-11-01,2006.0,['Comedy'],Larry Charles,"['Sacha Baron Cohen', 'Ken Davitian', 'Luenell']",18000000,261572744,243572744,1353.1819111111113,6.5,1579,29.487784,82.0,en
8835,Legally Blonde,2001-07-13,2001.0,['Comedy'],Robert Luketic,"['Reese Witherspoon', 'Luke Wilson', 'Selma Blair']",18000000,141774679,123774679,687.6371055555555,6.1,882,25.43954,96.0,en
157,Star Trek III: The Search for Spock,1984-05-31,1984.0,"['Science Fiction', 'Action', 'Adventure', 'Thriller']",Leonard Nimoy,"['William Shatner', 'Leonard Nimoy', 'DeForest Kelley']",18000000,87000000,69000000,383.33333333333337,6.4,434,15.314027,105.0,en
8643,The Exorcism of Emily Rose,2005-09-09,2005.0,"['Crime', 'Drama', 'Horror', 'Thriller']",Scott Derrickson,"['Laura Linney', 'Tom Wilkinson', 'Campbell Scott']",19000000,144216468,125216468,659.0340421052631,6.3,659,32.602868,122.0,en
10402,Deuce Bigalow: Male Gigolo,1999-12-10,1999.0,['Comedy'],Mike Mitchell,"['Rob Schneider', 'William Forsythe', 'Eddie Griffin']",17000000,65535067,48535067,285.50039411764703,5.5,308,9.832326,88.0,en
218043,Left Behind,2014-10-03,2014.0,"['Thriller', 'Action', 'Science Fiction']",Vic Armstrong,"['Nicolas Cage', 'Chad Michael Murray', 'Lea Thompson']",16000000,19682924,3682924,23.018275,3.7,392,33.452469,110.0,en
9043,The Family Stone,2005-12-14,2005.0,"['Comedy', 'Drama', 'Romance']",Thomas Bezucha,"['Claire Danes', 'Diane Keaton', 'Rachel McAdams']",0,0,0,,6.2,249,14.190837,103.0,en
21301,Barbershop 2:  Back in Business,2004-01-20,2004.0,"['Comedy', 'Drama']",Kevin Rodney Sullivan,"['Ice Cube', 'Cedric the Entertainer', 'Sean Patrick Thomas']",18000000,65070412,47070412,261.50228888888887,5.6,74,6.501815,106.0,en
10147,Bad Santa,2003-11-26,2003.0,"['Drama', 'Comedy', 'Crime']",Terry Zwigoff,"['Billy Bob Thornton', 'Tony Cox', 'Brett Kelly']",23000000,76488889,53488889,232.5603869565217,6.5,656,26.58873,91.0,en
816,Austin Powers: International Man of Mystery,1997-05-02,1997.0,"['Science Fiction', 'Comedy', 'Crime']",Jay Roach,"['Mike Myers', 'Elizabeth Hurley', 'Michael York']",16500000,67683989,51183989,310.2059939393939,6.5,1013,36.15716,94.0,en
302688,My Big Fat Greek Wedding 2,2016-03-23,2016.0,"['Romance', 'Comedy', 'Family']",Kirk Jones,"['John Corbett', 'Elena Kampouris', 'Nia Vardalos']",18000000,88923251,70923251,394.01806111111114,5.5,322,16.027955,94.0,en
60307,Diary of a Wimpy Kid: Rodrick Rules,2011-03-25,2011.0,"['Family', 'Comedy']",David Bowers,"['Zachary Gordon', 'Devon Bostick', 'Rachael Harris']",21000000,72417394,51417394,244.84473333333332,6.3,238,14.329891,99.0,en
106,Predator,1987-06-11,1987.0,"['Science Fiction', 'Action', 'Adventure', 'Thriller']",John McTiernan,"['Arnold Schwarzenegger', 'Carl Weathers', 'Elpidia Carrillo']",18000000,98235548,80235548,445.7530444444444,7.3,2093,50.009408,107.0,en
279,Amadeus,1984-10-26,1984.0,"['Drama', 'History', 'Music']",Miloš Forman,"['F. Murray Abraham', 'Tom Hulce', 'Elizabeth Berridge']",18000000,51973029,33973029,188.73905,7.8,1076,31.82675,160.0,en
8617,Prom Night,2008-04-10,2008.0,"['Crime', 'Horror']",Nelson McCormick,"['Brittany Snow', 'Scott Porter', 'Jessica Stroup']",0,14796236,14796236,inf,4.8,167,9.642041,88.0,en
10625,Mean Girls,2004-04-30,2004.0,['Comedy'],Mark Waters,"['Lindsay Lohan', 'Rachel McAdams', 'Tim Meadows']",17000000,129042871,112042871,659.0757117647059,6.9,2320,36.423717,97.0,en
10934,Under the Tuscan Sun,2003-04-30,2003.0,"['Comedy', 'Drama', 'Romance']",Audrey Wells,"['Diane Lane', 'Sandra Oh', 'Lindsay Duncan']",0,0,0,,6.4,172,12.309718,113.0,en
5279,Gosford Park,2001-11-07,2001.0,"['Drama', 'Mystery', 'Thriller']",Robert Altman,"['Helen Mirren', 'Clive Owen', 'Maggie Smith']",19800000,87754044,67954044,343.2022424242424,6.8,246,11.693272,137.0,en
10013,Peggy Sue Got Married,1986-10-05,1986.0,"['Comedy', 'Drama', 'Fantasy', 'Romance']",Francis Ford Coppola,"['Kathleen Turner', 'Nicolas Cage', 'Barry Miller']",18000000,41382841,23382841,129.90467222222222,5.9,136,12.243887,103.0,en
194662,Birdman,2014-08-27,2014.0,"['Drama', 'Comedy']",Alejandro González Iñárritu,"['Michael Keaton', 'Emma Stone', 'Zach Galifianakis']",18000000,103215094,85215094,473.41718888888886,7.4,4535,89.811154,119.0,en
160588,Blue Jasmine,2013-07-25,2013.0,"['Comedy', 'Drama']",Woody Allen,"['Cate Blanchett', 'Alec Baldwin', 'Sally Hawkins']",18000000,99206215,81206215,451.1456388888889,7.0,1098,34.694216,98.0,en
9829,United 93,2006-04-28,2006.0,"['Drama', 'History', 'Crime', 'Thriller', 'Action']",Paul Greengrass,"['J.J. Johnson', 'Polly Adams', 'Trish Gates']",15000000,76286096,61286096,408.5739733333333,6.9,367,17.50138,111.0,en
10028,Honey,2003-11-24,2003.0,"['Romance', 'Music', 'Family']",Bille Woodruff,"['Jessica Alba', 'Mekhi Phifer', 'Joy Bryant']",18000000,62646763,44646763,248.0375722222222,6.0,303,18.492655,94.0,en
10535,Spy Hard,1996-05-24,1996.0,"['Action', 'Comedy']",Rick Friedberg,"['Leslie Nielsen', 'Nicollette Sheridan', 'Charles Durning']",18000000,0,-18000000,-100.0,4.9,147,11.238522,81.0,en
790,The Fog,1980-02-08,1980.0,['Horror'],John Carpenter,"['Adrienne Barbeau', 'Jamie Lee Curtis', 'Janet Leigh']",1000000,21378361,20378361,2037.8361000000002,6.4,311,14.518598,89.0,en
43959,Soul Surfer,2011-04-08,2011.0,"['Action', 'Drama']",Sean McNamara,"['AnnaSophia Robb', 'Helen Hunt', 'Lorraine Nicholson']",18000000,47088990,29088990,161.6055,6.9,342,19.234672,106.0,en
10364,Catch-22,1970-06-24,1970.0,"['War', 'Comedy', 'Drama']",Mike Nichols,"['Alan Arkin', 'Martin Balsam', 'Richard Benjamin']",18000000,24911670,6911670,38.39816666666667,6.7,72,4.504377,121.0,en
16991,Observe and Report,2009-04-10,2009.0,"['Comedy', 'Crime', 'Drama']",Jody Hill,"['Seth Rogen', 'Anna Faris', 'Michael Peña']",0,24007324,24007324,inf,5.6,225,10.529143,86.0,en
9610,Conan the Destroyer,1984-06-29,1984.0,"['Adventure', 'Fantasy', 'Action']",Richard Fleischer,"['Arnold Schwarzenegger', 'Grace Jones', 'Wilt Chamberlain']",18000000,100000000,82000000,455.55555555555554,5.8,383,18.379124,103.0,en
1578,Raging Bull,1980-11-14,1980.0,['Drama'],Martin Scorsese,"['Robert De Niro', 'Joe Pesci', 'Cathy Moriarty']",18000000,23000000,5000000,27.77777777777778,7.7,938,35.524457,129.0,en
25643,Love Happens,2009-09-18,2009.0,"['Drama', 'Romance']",Brandon Camp,"['Aaron Eckhart', 'Jennifer Aniston', 'Judy Greer']",18000000,36133014,18133014,100.73896666666667,5.6,180,13.472365,109.0,en
11904,Young Sherlock Holmes,1985-12-04,1985.0,"['Action', 'Adventure', 'Crime', 'Drama', 'Family', 'Mystery', 'Thriller']",Barry Levinson,"['Nicholas Rowe', 'Alan Cox', 'Sophie Ward']",18000000,0,-18000000,-100.0,6.7,167,8.321586,109.0,en
28665,Fame,2009-01-01,2009.0,"['Music', 'Comedy', 'Drama', 'Romance']",Kevin Tancharoen,"['Kay Panabaker', 'Naturi Naughton', 'Kherington Payne']",0,0,0,,5.5,135,7.668063,107.0,en
44115,127 Hours,2010-11-05,2010.0,"['Adventure', 'Drama', 'Thriller']",Danny Boyle,"['James Franco', 'Kate Mara', 'Amber Tamblyn']",18000000,35692920,17692920,98.294,7.0,2606,52.464877,94.0,en
10569,Small Time Crooks,2000-05-19,2000.0,"['Action', 'Comedy', 'Crime']",Woody Allen,"['Woody Allen', 'Carolyn Saxon', 'Tracey Ullman']",0,0,0,,6.4,155,11.423533,94.0,en
10560,Center Stage,2000-05-12,2000.0,"['Drama', 'Music']",Nicholas Hytner,"['Amanda Schull', 'Zoe Saldana', 'Susan May Pratt']",18000000,17200925,-799075,-4.439305555555555,6.8,90,6.961736,115.0,en
333348,Love the Coopers,2015-11-12,2015.0,"['Comedy', 'Family']",Jessie Nelson,"['Steve Martin', 'Diane Keaton', 'John Goodman']",17000000,24000000,7000000,41.17647058823529,5.4,167,9.191187,107.0,en
20483,Catch That Kid,2004-02-06,2004.0,"['Family', 'Action', 'Adventure']",Bart Freundlich,"['Kristen Stewart', 'Corbin Bleu', 'Max Thieriot']",18000000,16702864,-1297136,-7.206311111111111,4.9,76,4.492859,92.0,en
11457,Life as a House,2001-10-25,2001.0,['Drama'],Irwin Winkler,"['Kevin Kline', 'Kristin Scott Thomas', 'Hayden Christensen']",18000000,0,-18000000,-100.0,7.2,120,5.706767,125.0,en
321697,Steve Jobs,2015-10-09,2015.0,"['Drama', 'History']",Danny Boyle,"['Michael Fassbender', 'Kate Winslet', 'Seth Rogen']",30000000,34441873,4441873,14.806243333333333,6.8,1573,53.670525,122.0,en
19840,"I Love You, Beth Cooper",2009-07-10,2009.0,"['Comedy', 'Romance']",Chris Columbus,"['Hayden Panettiere', 'Paul Rust', 'Lauren London']",18000000,0,-18000000,-100.0,5.1,197,14.15192,102.0,en
22327,Youth in Revolt,2009-09-11,2009.0,"['Drama', 'Comedy', 'Romance']",Miguel Arteta,"['Michael Cera', 'Zach Galifianakis', 'Justin Long']",18000000,0,-18000000,-100.0,5.9,319,13.462544,87.0,en
38665,The Legend of the Lone Ranger,1981-08-20,1981.0,"['Action', 'Adventure', 'Romance', 'Western']",William A. Fraker,"['Christopher Lloyd', 'Matt Clark', 'Juanin Clay']",18000000,2945600,-15054400,-83.63555555555556,3.7,14,11.725805,98.0,en
2575,The Tailor of Panama,2001-02-11,2001.0,"['Drama', 'Thriller']",John Boorman,"['Pierce Brosnan', 'Geoffrey Rush', 'Jamie Lee Curtis']",21000000,28008462,7008462,33.37362857142857,6.2,92,7.047975,109.0,en
11644,Blow Out,1981-07-24,1981.0,"['Drama', 'Mystery', 'Thriller']",Brian De Palma,"['John Travolta', 'Nancy Allen', 'John Lithgow']",18000000,12000000,-6000000,-33.33333333333333,7.3,236,13.628601,108.0,en
146227,Getaway,2013-08-29,2013.0,"['Action', 'Crime']",Courtney Solomon,"['Ethan Hawke', 'Selena Gomez', 'Jon Voight']",18000000,10501938,-7498062,-41.6559,4.9,246,16.520516,90.0,en
68924,The Ice Storm,1997-09-27,1997.0,['Drama'],Ang Lee,"['Kevin Kline', 'Joan Allen', 'Sigourney Weaver']",18000000,8038061,-9961939,-55.34410555555556,6.9,176,14.916264,112.0,en
253235,And So It Goes,2014-07-20,2014.0,"['Comedy', 'Drama', 'Romance']",Rob Reiner,"['Michael Douglas', 'Diane Keaton', 'Sterling Jerins']",18000000,25312387,7312387,40.62437222222222,5.7,164,9.633711,94.0,en
22102,Troop Beverly Hills,1989-03-22,1989.0,"['Adventure', 'Comedy', 'Family']",Jeff Kanew,"['Shelley Long', 'Craig T. Nelson', 'Betty Thomas']",0,0,0,,5.6,56,3.455018,105.0,en
18701,Being Julia,2004-09-03,2004.0,"['Comedy', 'Drama', 'Romance']",István Szabó,"['Michael Gambon', 'Annette Bening', 'Leigh Lawson']",0,0,0,,6.4,23,1.946634,104.0,en
10068,Nine 1/2 Weeks,1986-02-14,1986.0,"['Drama', 'Romance']",Adrian Lyne,"['Mickey Rourke', 'Kim Basinger', 'Margaret Whitton']",17000000,6735922,-10264078,-60.3769294117647,5.8,177,12.313143,117.0,en
848,Dragonslayer,1981-06-26,1981.0,['Fantasy'],Matthew Robbins,"['Peter MacNicol', 'Caitlin Clarke', 'Ralph Richardson']",18000000,14110013,-3889987,-21.61103888888889,6.5,67,3.258422,108.0,en
36811,The Last Station,2009-09-04,2009.0,"['Drama', 'Romance']",Michael Hoffman,"['James McAvoy', 'Christopher Plummer', 'Helen Mirren']",0,0,0,,6.7,55,3.659292,112.0,en
522,Ed Wood,1994-09-27,1994.0,"['Comedy', 'Drama', 'History']",Tim Burton,"['Johnny Depp', 'Martin Landau', 'Sarah Jessica Parker']",18000000,5887457,-12112543,-67.29190555555556,7.3,630,24.548633,127.0,en
130150,Labor Day,2013-12-27,2013.0,['Drama'],Jason Reitman,"['Josh Brolin', 'Kate Winslet', 'Gattlin Griffith']",18000000,20275812,2275812,12.6434,6.7,299,17.683563,111.0,en
12246,Mongol: The Rise of Genghis Khan,2007-09-20,2007.0,['History'],Sergei Bodrov,"['Tadanobu Asano', 'Sun Honglei', 'Khulan Chuluun']",18000000,26527510,8527510,47.375055555555555,6.5,158,10.1449,120.0,ru
13809,RockNRolla,2008-09-04,2008.0,"['Action', 'Crime', 'Thriller']",Guy Ritchie,"['Mark Strong', 'Tom Wilkinson', 'Toby Kebbell']",18000000,25739015,7739015,42.99452777777778,6.9,836,31.887978,114.0,en
27380,Megaforce,1982-06-25,1982.0,"['Adventure', 'Action', 'Science Fiction']",Hal Needham,"['Barry Bostwick', 'Michael Beck', 'Persis Khambatta']",0,0,0,,3.5,15,1.110179,99.0,en
10549,Hamlet,1996-12-25,1996.0,['Drama'],Kenneth Branagh,"['Kenneth Branagh', 'Derek Jacobi', 'Julie Christie']",0,0,0,,7.3,117,9.814785,242.0,en
33870,Mao's Last Dancer,2009-10-01,2009.0,"['Drama', 'Romance']",Bruce Beresford,"['Chi Cao', 'Chengwu Guo', 'Wen Bin Huang']",25000000,20719451,-4280549,-17.122196000000002,6.8,28,1.876811,117.0,en
245703,Midnight Special,2016-02-18,2016.0,"['Adventure', 'Drama', 'Science Fiction']",Jeff Nichols,"['Michael Shannon', 'Jaeden Lieberher', 'Joel Edgerton']",18000000,6212282,-11787718,-65.48732222222222,6.2,694,32.717853,112.0,en
10739,Anything Else,2003-08-27,2003.0,"['Comedy', 'Romance']",Woody Allen,"['Woody Allen', 'Jason Biggs', 'Christina Ricci']",0,0,0,,6.2,149,8.945081,108.0,en
127560,The Railway Man,2013-12-26,2013.0,"['Drama', 'History']",Jonathan Teplitzky,"['Jeremy Irvine', 'Colin Firth', 'Stellan Skarsgård']",18000000,22309223,4309223,23.94012777777778,6.7,273,13.916583,116.0,en
37903,The White Ribbon,2009-05-21,2009.0,"['Crime', 'Drama', 'Mystery']",Michael Haneke,"['Ursina Lardi', 'Ulrich Tukur', 'Burghart Klaußner']",15238800,0,-15238800,-100.0,7.2,255,17.94739,144.0,de
396152,Restoration,2016-05-03,2016.0,['Horror'],Zack Ward,"[""Emily Roya O'Brien"", 'Adrian Gaeta', 'Zack Ward']",0,0,0,,5.3,11,2.525569,90.0,en
10017,The Wraith,1986-11-21,1986.0,"['Romance', 'Science Fiction', 'Horror', 'Action', 'Crime']",Mike Marvin,"['Charlie Sheen', 'Nick Cassavetes', 'Sherilyn Fenn']",2700000,3500000,800000,29.629629629629626,5.9,108,10.47644,93.0,en
11468,Salton Sea,2002-01-01,2002.0,"['Drama', 'Mystery', 'Thriller']",D.J. Caruso,"['Val Kilmer', ""Vincent D'Onofrio"", 'Adam Goldberg']",18000000,676698,-17323302,-96.24056666666667,7.0,104,10.991281,103.0,en
193613,Metallica: Through the Never,2013-09-25,2013.0,['Music'],Nimród Antal,"['Dane DeHaan', 'Mackenzie Gray', 'James Hetfield']",18000000,7972967,-10027033,-55.70573888888889,6.7,83,7.871686,93.0,en
17436,The Informers,2008-11-05,2008.0,['Drama'],Gregor Jordan,"['Billy Bob Thornton', 'Kim Basinger', 'Mickey Rourke']",18000000,382174,-17617826,-97.87681111111111,4.4,60,6.333869,98.0,en
43434,Carlos,2010-05-19,2010.0,"['Crime', 'Drama', 'Thriller', 'History']",Olivier Assayas,"['Edgar Ramírez', 'Alexander Scheer', 'Fadi Abi Samra']",18000000,871279,-17128721,-95.15956111111112,6.7,50,1.138383,338.0,en
31166,I Come with the Rain,2009-05-14,2009.0,"['Thriller', 'Drama']",Tran Anh Hung,"['Josh Hartnett', 'Elias Koteas', 'Takuya Kimura']",18000000,0,-18000000,-100.0,5.6,20,8.266124,114.0,en
69848,One Man's Hero,1999-08-02,1999.0,"['Western', 'Action', 'Drama', 'History']",Lance Hool,"['Tom Berenger', 'Joaquim de Almeida', 'Daniela Romo']",0,0,0,,9.3,2,0.910529,121.0,en
8408,Day of the Dead,1985-07-19,1985.0,"['Horror', 'Science Fiction']",George A. Romero,"['Lori Cardille', 'Terry Alexander', 'Joseph Pilato']",3500000,34000000,30500000,871.4285714285713,6.9,270,18.025206,96.0,en
332411,I Am Wrath,2016-04-14,2016.0,"['Action', 'Crime', 'Drama', 'Thriller']",Chuck Russell,"['John Travolta', 'Christopher Meloni', 'Rebecca De Mornay']",18000000,0,-18000000,-100.0,4.5,179,10.144222,92.0,en
9389,Renaissance,2006-03-16,2006.0,"['Action', 'Animation', 'Science Fiction']",Christian Volckman,"['Daniel Craig', 'Catherine McCormack', 'Romola Garai']",18000000,1831348,-16168652,-89.82584444444444,6.7,77,9.244181,105.0,fr
9626,Red Sonja,1985-04-09,1985.0,"['Adventure', 'Fantasy', 'Action']",Richard Fleischer,"['Arnold Schwarzenegger', 'Brigitte Nielsen', 'Sandahl Bergman']",17900000,6948633,-10951367,-61.180821229050274,5.0,206,12.752463,89.0,en
75638,Red Lights,2012-03-02,2012.0,['Thriller'],Rodrigo Cortés,"['Sigourney Weaver', 'Robert De Niro', 'Cillian Murphy']",14000000,13551174,-448826,-3.2058999999999997,6.0,376,22.748174,119.0,en
8363,Superbad,2007-08-17,2007.0,['Comedy'],Greg Mottola,"['Jonah Hill', 'Michael Cera', 'Christopher Mintz-Plasse']",20000000,121463226,101463226,507.31613,7.0,2100,33.436092,113.0,en
15670,Madea Goes to Jail,2009-02-16,2009.0,"['Comedy', 'Crime', 'Drama']",Tyler Perry,"['Tyler Perry', 'Derek Luke', 'Keshia Knight Pulliam']",0,90508336,90508336,inf,6.4,52,3.107371,103.0,en
290555,Wolves,2014-08-28,2014.0,"['Horror', 'Action']",David Hayter,"['Jason Momoa', 'Lucas Till', 'John Pyper-Ferguson']",18000000,0,-18000000,-100.0,5.7,82,7.922639,90.0,en
8328,Step Up 2: The Streets,2008-02-14,2008.0,"['Music', 'Drama', 'Romance']",Jon M. Chu,"['Briana Evigan', 'Robert Hoffman', 'Will Kemp']",23000000,150816700,127816700,555.7247826086956,6.5,640,28.973074,98.0,en
10982,Hoodwinked!,2005-12-16,2005.0,"['Animation', 'Comedy', 'Family']",Cory Edwards,"['Anne Hathaway', 'Glenn Close', 'Jim Belushi']",15000000,51053787,36053787,240.35858000000002,5.9,479,23.980329,80.0,en
205,Hotel Rwanda,2004-09-11,2004.0,"['Drama', 'History', 'War']",Terry George,"['Don Cheadle', 'Sophie Okonedo', 'Nick Nolte']",17500000,38000000,20500000,117.14285714285715,7.5,793,28.60542,121.0,en
1620,Hitman,2007-11-21,2007.0,"['Action', 'Crime', 'Drama', 'Thriller']",Xavier Gens,"['Timothy Olyphant', 'Dougray Scott', 'Olga Kurylenko']",24000000,99965753,75965753,316.52397083333335,5.9,966,42.669304,89.0,en
175541,Black Nativity,2013-11-27,2013.0,"['Drama', 'Music']",Kasi Lemmons,"['Forest Whitaker', 'Angela Bassett', 'Jennifer Hudson']",17500000,7018189,-10481811,-59.896062857142866,5.8,16,7.180403,93.0,en
241254,The Prince,2014-08-22,2014.0,"['Thriller', 'Action']",Brian A Miller,"['Bruce Willis', 'Jason Patric', 'John Cusack']",18000000,266586800,248586800,1381.0377777777778,4.6,218,21.638673,93.0,en
31932,City of Ghosts,2002-01-01,2002.0,['Thriller'],Matt Dillon,"['Matt Dillon', 'James Caan', 'Natascha McElhone']",0,0,0,,5.4,18,2.64486,116.0,en
1933,The Others,2001-08-02,2001.0,"['Horror', 'Drama', 'Mystery', 'Thriller']",Alejandro Amenábar,"['Nicole Kidman', 'Christopher Eccleston', 'Alakina Mann']",0,0,0,,7.4,1660,25.881355,101.0,en
679,Aliens,1986-07-18,1986.0,"['Horror', 'Action', 'Thriller', 'Science Fiction']",James Cameron,"['Sigourney Weaver', 'Michael Biehn', 'James Remar']",18500000,183316455,164816455,890.8997567567567,7.7,3220,67.66094,137.0,en
11113,My Fair Lady,1964-10-21,1964.0,"['Drama', 'Family', 'Music', 'Romance']",George Cukor,"['Audrey Hepburn', 'Rex Harrison', 'Stanley Holloway']",17000000,72070731,55070731,323.94547647058823,7.4,352,20.786616,170.0,en
3597,I Know What You Did Last Summer,1997-10-17,1997.0,"['Horror', 'Thriller', 'Mystery']",Jim Gillespie,"['Jennifer Love Hewitt', 'Sarah Michelle Gellar', 'Ryan Phillippe']",17000000,125586134,108586134,638.7419647058824,5.6,687,27.654472,100.0,en
193893,Let's Be Cops,2014-08-13,2014.0,['Comedy'],Luke Greenfield,"['Jake Johnson', 'Damon Wayans Jr.', 'Nina Dobrev']",17000000,136621271,119621271,703.6545352941176,6.4,1219,70.668923,104.0,en
9675,Sideways,2004-10-22,2004.0,"['Comedy', 'Drama', 'Romance']",Alexander Payne,"['Paul Giamatti', 'Thomas Haden Church', 'Virginia Madsen']",16000000,109502303,93502303,584.38939375,6.9,478,23.425431,126.0,en
9988,Beerfest,2006-08-25,2006.0,['Comedy'],Jay Chandrasekhar,"['Erik Stolhanske', 'Jay Chandrasekhar', 'Steve Lemme']",17500000,19179969,1679969,9.599822857142858,5.8,172,14.304444,110.0,en
948,Halloween,1978-10-25,1978.0,"['Horror', 'Thriller']",John Carpenter,"['Donald Pleasence', 'Jamie Lee Curtis', 'P.J. Soles']",300000,70000000,69700000,23233.333333333336,7.4,1035,30.301307,91.0,en
21765,Good Boy!,2003-10-10,2003.0,"['Comedy', 'Family', 'Science Fiction']",John Robert Hoffman,"['Molly Shannon', 'Liam Aiken', 'Matthew Broderick']",17000000,0,-17000000,-100.0,4.7,30,3.56033,87.0,en
146304,The Best Man Holiday,2013-11-15,2013.0,['Comedy'],Malcolm D. Lee,"['Terrence Howard', 'Harold Perrineau', 'Morris Chestnut']",17000000,71625195,54625195,321.32467647058826,6.7,110,7.210095,123.0,en
7516,Smokin' Aces,2006-12-09,2006.0,"['Action', 'Comedy', 'Crime', 'Thriller']",Joe Carnahan,"['Ryan Reynolds', 'Ray Liotta', 'Joseph Ruskin']",17000000,57103895,40103895,235.90526470588236,6.4,534,23.491962,109.0,en
41439,Saw: The Final Chapter,2010-10-21,2010.0,"['Horror', 'Crime']",Kevin Greutert,"['Tobin Bell', 'Costas Mandylor', 'Betsy Russell']",20000000,136150434,116150434,580.75217,5.8,730,36.133536,90.0,en
2752,40 Days and 40 Nights,2002-03-01,2002.0,"['Comedy', 'Romance']",Michael Lehmann,"['Josh Hartnett', 'Shannyn Sossamon', 'Adam Trese']",17000000,0,-17000000,-100.0,5.2,297,14.18136,94.0,en
9429,A Night at the Roxbury,1998-10-01,1998.0,['Comedy'],John Fortenberry,"['Will Ferrell', 'Chris Kattan', 'Jennifer Coolidge']",17000000,30331165,13331165,78.41861764705882,5.9,198,12.709227,81.0,en
38117,Beastly,2011-01-21,2011.0,"['Drama', 'Fantasy', 'Romance']",Daniel Barnz,"['Alex Pettyfer', 'Vanessa Hudgens', 'Mary-Kate Olsen']",17000000,43165571,26165571,153.91512352941177,6.0,849,24.054062,86.0,en
9792,The Hills Have Eyes,2006-03-10,2006.0,"['Horror', 'Thriller']",Alexandre Aja,"['Aaron Stanford', 'Kathleen Quinlan', 'Vinessa Shaw']",15000000,69623713,54623713,364.1580866666667,6.1,705,35.107857,107.0,en
13778,Dickie Roberts: Former Child Star,2003-09-05,2003.0,['Comedy'],Sam Weisman,"['David Spade', 'Mary McCormack', 'Craig Bierko']",0,0,0,,5.1,64,10.149569,98.0,en
228203,"McFarland, USA",2015-02-20,2015.0,['Drama'],Niki Caro,"['Kevin Costner', 'Ramiro Rodriguez', 'Carlos Pratts']",0,45710059,45710059,inf,7.4,213,14.023082,128.0,en
41382,Lottery Ticket,2010-08-20,2010.0,['Comedy'],Erik White,"['Shad Moss', 'Brandon T. Jackson', 'Naturi Naughton']",0,0,0,,5.6,54,9.054803,99.0,en
13960,ATL,2006-03-31,2006.0,['Drama'],Christian Robinson,"['T.I.', 'Evan Ross', 'Jackie Long']",20000000,21170563,1170563,5.852815,6.0,32,5.422285,105.0,en
114150,Pitch Perfect,2012-09-28,2012.0,"['Comedy', 'Music', 'Romance']",Jason Moore,"['Anna Kendrick', 'Skylar Astin', 'Brittany Snow']",17000000,115350426,98350426,578.5319176470588,7.3,2247,32.746486,112.0,en
26602,Summer Catch,2001-08-22,2001.0,"['Drama', 'Comedy', 'Romance']",Mike Tollin,"['Freddie Prinze Jr.', 'Jessica Biel', 'Fred Ward']",34000000,19693891,-14306109,-42.07679117647059,4.8,63,3.960098,108.0,en
10223,A Simple Plan,1998-12-11,1998.0,"['Drama', 'Crime', 'Thriller']",Sam Raimi,"['Bill Paxton', 'Bridget Fonda', 'Billy Bob Thornton']",0,0,0,,6.9,187,10.178917,121.0,en
16028,They,2002-11-01,2002.0,"['Horror', 'Thriller']",Robert Harmon,"['Laura Regan', 'Marc Blucas', 'Ethan Embry']",17000000,0,-17000000,-100.0,4.6,74,4.544216,89.0,en
15639,Larry the Cable Guy: Health Inspector,2006-03-24,2006.0,['Comedy'],Trent Cooper,"['Larry the Cable Guy', 'Iris Bahr', 'Tony Hale']",0,0,0,,3.3,17,2.184708,89.0,en
16112,The Adventures of Elmo in Grouchland,1999-10-01,1999.0,['Family'],Gary Halvorson,"['Kevin Clash', 'Mandy Patinkin', 'Vanessa Williams']",0,0,0,,6.3,14,3.09159,73.0,en
26390,Brooklyn's Finest,2009-01-16,2009.0,"['Crime', 'Drama', 'Thriller']",Antoine Fuqua,"['Richard Gere', 'Don Cheadle', 'Ethan Hawke']",17000000,29536299,12536299,73.74293529411766,6.2,293,18.790102,133.0,en
27759,55 Days at Peking,1963-05-06,1963.0,"['Action', 'Drama', 'History']",Nicholas Ray,"['Charlton Heston', 'Ava Gardner', 'David Niven']",17000000,10000000,-7000000,-41.17647058823529,6.3,36,3.321095,154.0,en
109428,Evil Dead,2013-04-05,2013.0,['Horror'],Fede Alvarez,"['Jane Levy', 'Shiloh Fernandez', 'Lou Taylor Pucci']",17000000,97542952,80542952,473.7820705882353,6.4,1723,33.912116,91.0,en
23049,My Life in Ruins,2009-02-06,2009.0,"['Comedy', 'Romance']",Donald Petrie,"['Nia Vardalos', 'Richard Dreyfuss', 'Alexis Georgoulis']",17000000,20455276,3455276,20.32515294117647,5.6,101,5.787891,95.0,en
9310,American Dreamz,2006-03-04,2006.0,"['Comedy', 'Drama', 'Family']",Paul Weitz,"['Hugh Grant', 'Dennis Quaid', 'Mandy Moore']",17000000,7314027,-9685973,-56.976311764705876,4.9,95,7.864011,107.0,en
11411,Superman IV: The Quest for Peace,1987-07-23,1987.0,"['Action', 'Adventure', 'Science Fiction']",Sidney J. Furie,"['Christopher Reeve', 'Margot Kidder', 'Gene Hackman']",17000000,19300000,2300000,13.529411764705882,4.1,318,17.062117,90.0,en
16988,How She Move,2008-01-25,2008.0,['Drama'],Ian Iqbal Rashid,"['Rutina Wesley', 'Dwain Murphy', 'Boyd Banks']",0,0,0,,3.0,6,1.782666,94.0,en
7304,Running Scared,2006-01-06,2006.0,"['Action', 'Crime', 'Drama', 'Thriller']",Wayne Kramer,"['Paul Walker', 'Cameron Bright', 'Vera Farmiga']",17000000,9500000,-7500000,-44.11764705882353,7.0,331,19.311572,122.0,en
24747,Bobby Jones: Stroke of Genius,2004-04-30,2004.0,['Drama'],Rowdy Herrington,"['Jim Caviezel', 'Claire Forlani', 'Jeremy Northam']",0,0,0,,5.5,19,2.897449,120.0,en
58048,Shanghai Surprise,1986-08-29,1986.0,['Adventure'],Jim Goddard,"['Madonna', 'Sean Penn', 'Paul Freeman']",17000000,0,-17000000,-100.0,2.9,15,0.138564,97.0,en
1491,The Illusionist,2006-08-18,2006.0,"['Fantasy', 'Drama', 'Thriller', 'Romance']",Neil Burger,"['Edward Norton', 'Jessica Biel', 'Paul Giamatti']",40000000,86915017,46915017,117.2875425,7.1,1615,36.960953,110.0,en
2989,Roar,1981-11-12,1981.0,"['Adventure', 'Thriller']",Noel Marshall,"['Tippi Hedren', 'Melanie Griffith', 'Jerry Marshall']",17000000,2000000,-15000000,-88.23529411764706,5.6,19,1.15641,102.0,en
10629,Veronica Guerin,2003-07-11,2003.0,"['Drama', 'Crime', 'Thriller']",Joel Schumacher,"['Cate Blanchett', 'Gerard McSorley', 'Ciarán Hinds']",17000000,1569918,-15430082,-90.76518823529412,6.8,59,9.583578,98.0,en
255343,Escobar: Paradise Lost,2014-10-11,2014.0,"['Thriller', 'Romance']",Andrea Di Stefano,"['Benicio del Toro', 'Josh Hutcherson', 'Brady Corbet']",17000000,3758328,-13241672,-77.89218823529411,6.1,271,25.112567,120.0,en
4723,Southland Tales,2006-05-15,2006.0,"['Action', 'Adventure', 'Comedy', 'Drama', 'Science Fiction', 'Thriller']",Richard Kelly,"['Dwayne Johnson', 'Seann William Scott', 'Sarah Michelle Gellar']",17000000,374743,-16625257,-97.79562941176471,5.2,153,9.349386,144.0,en
10800,Dragon Hunters,2008-03-19,2008.0,"['Animation', 'Family']",Guillaume Ivernel,"['Vincent Lindon', 'Patrick Timsit', 'Philippe Nahon']",15000000,0,-15000000,-100.0,6.5,129,8.884405,80.0,fr
25763,Damnation Alley,1977-09-10,1977.0,"['Action', 'Adventure', 'Science Fiction']",Jack Smight,"['Jan-Michael Vincent', 'George Peppard', 'Dominique Sanda']",17000000,8720000,-8280000,-48.705882352941174,5.0,27,2.215261,91.0,en
79694,The Apparition,2012-08-23,2012.0,"['Horror', 'Thriller']",Todd Lincoln ,"['Ashley Greene', 'Sebastian Stan', 'Tom Felton']",17000000,9627492,-7372508,-43.36769411764706,4.5,140,6.385234,82.0,en
4032,My Girl,1991-11-27,1991.0,"['Comedy', 'Drama', 'Family']",Howard Zieff,"['Anna Chlumsky', 'Macaulay Culkin', 'Dan Aykroyd']",16500000,0,-16500000,-100.0,7.0,428,20.935169,102.0,en
18615,Fur: An Imaginary Portrait of Diane Arbus,2006-08-30,2006.0,"['Drama', 'Mystery', 'Romance']",Steven Shainberg,"['Nicole Kidman', 'Robert Downey Jr.', 'Ty Burrell']",16800000,2281089,-14518911,-86.42208928571429,5.8,73,4.358255,122.0,en
10673,Wall Street,1987-12-10,1987.0,"['Crime', 'Drama']",Oliver Stone,"['Charlie Sheen', 'Michael Douglas', 'Martin Sheen']",15000000,43848069,28848069,192.32046,7.0,546,24.898687,126.0,en
4584,Sense and Sensibility,1995-12-13,1995.0,"['Drama', 'Romance']",Ang Lee,"['Kate Winslet', 'Emma Thompson', 'Hugh Grant']",16500000,135000000,118500000,718.1818181818181,7.2,352,20.898711,136.0,en
2977,Becoming Jane,2007-03-02,2007.0,"['Drama', 'Romance']",Julian Jarrold,"['Anne Hathaway', 'James McAvoy', 'Julie Walters']",16500000,37311672,20811672,126.13134545454545,6.9,317,18.236284,120.0,en
10760,Sydney White,2007-09-21,2007.0,['Comedy'],Joe Nussbaum,"['Amanda Bynes', 'Sara Paxton', 'Matt Long']",16500000,13620075,-2879925,-17.454090909090908,6.0,236,10.74648,108.0,en
11093,House of Sand and Fog,2003-12-19,2003.0,['Drama'],Vadim Perelman,"['Jennifer Connelly', 'Ben Kingsley', 'Ron Eldard']",16500000,16942795,442795,2.6836060606060608,7.0,199,12.102725,126.0,en
207,Dead Poets Society,1989-06-02,1989.0,['Drama'],Peter Weir,"['Robin Williams', 'Ethan Hawke', 'Robert Sean Leonard']",16400000,235860116,219460116,1338.17143902439,8.1,2705,55.458584,129.0,en
8467,Dumb and Dumber,1994-12-16,1994.0,['Comedy'],Bobby Farrelly,"['Jim Carrey', 'Jeff Daniels', 'Lauren Holly']",16000000,247275374,231275374,1445.4710875,6.5,1859,35.777067,107.0,en
639,When Harry Met Sally...,1989-07-21,1989.0,"['Comedy', 'Romance', 'Drama']",Rob Reiner,"['Meg Ryan', 'Billy Crystal', 'Carrie Fisher']",16000000,92823546,76823546,480.1471625,7.3,950,18.430419,96.0,en
24226,The Verdict,1982-12-08,1982.0,['Drama'],Sidney Lumet,"['Paul Newman', 'Charlotte Rampling', 'Jack Warden']",16000000,53977250,37977250,237.3578125,7.4,131,7.980632,129.0,en
9285,Road Trip,2000-05-19,2000.0,"['Comedy', 'Adventure']",Todd Phillips,"['Breckin Meyer', 'Seann William Scott', 'Amy Smart']",16000000,119754278,103754278,648.4642375,5.9,542,14.759948,93.0,en
14709,Varsity Blues,1999-01-15,1999.0,"['Comedy', 'Drama', 'Romance']",Brian Robbins,"['James Van Der Beek', 'Amy Smart', 'Jon Voight']",0,0,0,,6.0,122,9.229999,106.0,en
74643,The Artist,2011-05-15,2011.0,"['Drama', 'Comedy', 'Romance']",Michel Hazanavicius,"['Jean Dujardin', 'Bérénice Bejo', 'John Goodman']",15000000,133432856,118432856,789.5523733333333,7.3,1049,29.943316,100.0,en
13788,The Unborn,2009-01-09,2009.0,"['Horror', 'Thriller', 'Mystery']",David S. Goyer,"['Odette Annable', 'Gary Oldman', 'Meagan Good']",16000000,76514050,60514050,378.2128125,4.8,365,15.788784,87.0,en
83666,Moonrise Kingdom,2012-05-16,2012.0,"['Comedy', 'Drama', 'Romance']",Wes Anderson,"['Bruce Willis', 'Edward Norton', 'Jared Gilman']",16000000,68263166,52263166,326.6447875,7.6,1662,41.083914,94.0,en
10781,The Texas Chainsaw Massacre: The Beginning,2006-10-06,2006.0,['Horror'],Jonathan Liebesman,"['Jordana Brewster', 'Taylor Handley', 'Diora Baird']",16000000,0,-16000000,-100.0,5.9,402,21.380635,91.0,en
318850,The Young Messiah,2016-03-10,2016.0,['Drama'],Cyrus Nowrasteh,"['Adam Greaves-Neal', 'Sara Lazzaro', 'Vincent Walsh']",18500000,6490401,-12009599,-64.91675135135135,6.4,30,1.884558,120.0,en
13908,The Master of Disguise,2002-08-02,2002.0,"['Comedy', 'Family']",Perry Andelin Blake,"['Dana Carvey', 'Brent Spiner', 'Jennifer Esposito']",0,0,0,,3.7,78,4.382761,80.0,en
1417,Pan's Labyrinth,2006-05-27,2006.0,"['Fantasy', 'Drama', 'War']",Guillermo del Toro,"['Ivana Baquero', 'Maribel Verdú', 'Sergi López']",19000000,83258226,64258226,338.2011894736842,7.6,3041,90.809408,118.0,es
39180,See Spot Run,2001-03-02,2001.0,"['Action', 'Comedy', 'Family']",John Whitesell,"['Michael Clarke Duncan', 'David Arquette', 'Leslie Bibb']",0,0,0,,4.8,44,6.579017,94.0,en
16161,Baby Boy,2001-06-27,2001.0,"['Crime', 'Drama', 'Romance']",John Singleton,"['Tyrese Gibson', 'Taraji P. Henson', 'Omar Gooding']",16000000,29381649,13381649,83.63530625,7.4,55,7.854989,130.0,en
49950,The Roommate,2011-02-04,2011.0,"['Thriller', 'Drama', 'Horror']",Christian E. Christiansen,"['Minka Kelly', 'Leighton Meester', 'Cam Gigandet']",16000000,40492759,24492759,153.07974375,5.3,224,11.807269,91.0,en
10956,Joe Dirt,2001-04-10,2001.0,"['Mystery', 'Adventure', 'Comedy', 'Romance', 'Drama']",Dennie Gordon,"['David Spade', 'Brittany Daniel', 'Dennis Miller']",17700000,30987695,13287695,75.07172316384181,5.5,242,15.976335,91.0,en
9594,Double Impact,1991-08-10,1991.0,"['Thriller', 'Action', 'Crime', 'Drama']",Sheldon Lettich,"['Jean-Claude Van Damme', 'Geoffrey Lewis', 'Alonna Shaw']",15000000,30102717,15102717,100.68478,5.3,215,10.484642,110.0,en
4638,Hot Fuzz,2007-02-14,2007.0,"['Crime', 'Action', 'Comedy']",Edgar Wright,"['Simon Pegg', 'Nick Frost', 'Jim Broadbent']",12000000,80573774,68573774,571.4481166666667,7.4,2199,38.623178,121.0,en
13972,The Women,2008-09-12,2008.0,"['Comedy', 'Drama', 'Romance']",Diane English,"['Cloris Leachman', 'India Ennenga', 'Annette Bening']",16000000,50007546,34007546,212.54716249999998,4.6,96,8.8321,114.0,en
5038,Vicky Cristina Barcelona,2008-08-15,2008.0,"['Drama', 'Romance']",Woody Allen,"['Scarlett Johansson', 'Rebecca Hall', 'Javier Bardem']",15000000,96408652,81408652,542.7243466666666,6.7,1020,32.758254,96.0,en
13491,Arn: The Knight Templar,2007-12-17,2007.0,"['Action', 'Adventure', 'Drama', 'Romance']",Peter Flinth,"['Joakim Nätterqvist', 'Sofia Helin', 'Stellan Skarsgård']",25000000,0,-25000000,-100.0,6.4,76,6.091033,139.0,sv
10571,Boys and Girls,2000-06-16,2000.0,"['Comedy', 'Drama', 'Romance']",Robert Iscove,"['Freddie Prinze Jr.', 'Claire Forlani', 'Jason Biggs']",16000000,20627372,4627372,28.921075000000002,5.4,103,9.119797,94.0,en
10994,White Oleander,2002-10-11,2002.0,['Drama'],Peter Kosminsky,"['Alison Lohman', 'Michelle Pfeiffer', 'Cole Hauser']",0,0,0,,7.2,108,9.423866,109.0,en
19994,Jennifer's Body,2009-09-18,2009.0,"['Comedy', 'Horror']",Karyn Kusama,"['Megan Fox', 'Amanda Seyfried', 'Johnny Simmons']",16000000,31556061,15556061,97.22538125,5.3,837,32.257414,100.0,en
25166,Drowning Mona,2000-03-03,2000.0,"['Comedy', 'Crime', 'Mystery']",Nick Gomez,"['Danny DeVito', 'Bette Midler', 'Neve Campbell']",16000000,15427192,-572808,-3.58005,5.4,43,3.021835,96.0,en
30890,Radio Days,1987-01-30,1987.0,"['Comedy', 'Drama']",Woody Allen,"['Woody Allen', 'Mia Farrow', 'Jeff Daniels']",16000000,0,-16000000,-100.0,7.0,127,7.612849,90.0,en
23169,Remember Me,2010-03-12,2010.0,"['Drama', 'Romance']",Allen Coulter,"['Robert Pattinson', 'Emilie de Ravin', 'Pierce Brosnan']",20000000,0,-20000000,-100.0,6.9,948,36.764666,113.0,en
17403,How to Deal,2003-07-18,2003.0,"['Drama', 'Comedy', 'Romance']",Clare Kilner,"['Mandy Moore', 'Trent Ford', 'Allison Janney']",0,0,0,,5.7,42,3.199784,99.0,en
12120,My Stepmother is an Alien,1988-12-09,1988.0,"['Comedy', 'Science Fiction']",Richard Benjamin,"['Dan Aykroyd', 'Kim Basinger', 'Jon Lovitz']",20000000,13854000,-6146000,-30.73,5.3,131,9.455596,108.0,en
9800,Philadelphia,1993-12-22,1993.0,['Drama'],Jonathan Demme,"['Tom Hanks', 'Denzel Washington', 'Jason Robards']",26000000,206678440,180678440,694.9170769230769,7.6,988,44.301745,125.0,en
1090,The Thirteenth Floor,1999-04-16,1999.0,"['Thriller', 'Science Fiction', 'Mystery']",Josef Rusnak,"['Craig Bierko', 'Armin Mueller-Stahl', 'Gretchen Mol']",16000000,18564088,2564088,16.02555,6.8,378,19.890428,100.0,en
18475,The Cookout,2004-09-03,2004.0,"['Comedy', 'Drama']",Lance Rivera,"['Ja Rule', 'Tim Meadows', 'Jenifer Lewis']",16000000,12,-15999988,-99.999925,4.6,10,0.830596,97.0,en
40160,Meteor,1979-10-19,1979.0,"['Action', 'Science Fiction', 'Thriller']",Ronald Neame,"['Sean Connery', 'Natalie Wood', 'Karl Malden']",0,0,0,,5.1,36,2.637355,107.0,en
18074,Duets,2000-09-09,2000.0,"['Comedy', 'Drama', 'Music']",Bruce Paltrow,"['Gwyneth Paltrow', 'Scott Speedman', 'Maria Bello']",0,0,0,,5.5,34,2.25453,112.0,en
9689,Hollywood Ending,2002-05-03,2002.0,"['Comedy', 'Drama']",Woody Allen,"['Woody Allen', 'George Hamilton', 'Téa Leoni']",16000000,0,-16000000,-100.0,6.4,113,8.711782,112.0,en
9781,Detroit Rock City,1999-08-13,1999.0,"['Comedy', 'Music']",Adam Rifkin,"['Giuseppe Andrews', 'James DeBello', 'Edward Furlong']",6500000,4217115,-2282885,-35.12130769230769,6.7,100,5.700333,95.0,en
8009,Highlander,1986-03-07,1986.0,"['Adventure', 'Action', 'Fantasy']",Russell Mulcahy,"['Christopher Lambert', 'Roxanne Hart', 'Clancy Brown']",16000000,5900000,-10100000,-63.125,6.8,624,29.253833,116.0,en
3877,Things We Lost in the Fire,2007-09-26,2007.0,['Drama'],Susanne Bier,"['Halle Berry', 'Benicio del Toro', 'David Duchovny']",16000000,2849142,-13150858,-82.19286249999999,6.7,90,8.842869,113.0,en
8854,Steel,1997-08-15,1997.0,"['Science Fiction', 'Action', 'Adventure']",Kenneth Johnson,"[""Shaquille O'Neal"", 'Annabeth Gish', 'Richard Roundtree']",16000000,1686429,-14313571,-89.45981875,4.3,48,2.848727,97.0,en
152599,The Immigrant,2013-07-03,2013.0,"['Drama', 'Romance']",James Gray,"['Marion Cotillard', 'Jeremy Renner', 'Joaquin Phoenix']",16000000,5867686,-10132314,-63.32696249999999,6.2,250,13.832464,117.0,en
18840,The White Countess,2005-10-30,2005.0,"['Drama', 'History', 'Family', 'Romance']",James Ivory,"['Ralph Fiennes', 'Natasha Richardson', 'Hiroyuki Sanada']",0,0,0,,6.9,21,4.488547,135.0,en
68727,Trance,2013-03-27,2013.0,"['Thriller', 'Crime', 'Drama', 'Mystery']",Danny Boyle,"['James McAvoy', 'Vincent Cassel', 'Rosario Dawson']",20000000,24261569,4261569,21.307845,6.5,956,38.802415,101.0,en
12657,Soul Plane,2004-05-28,2004.0,"['Romance', 'Comedy']",Jessy Terrero,"['Tom Arnold', 'Kevin Hart', 'Method Man']",16000000,14822346,-1177654,-7.3603375,4.7,108,9.400404,86.0,en
8265,Welcome to the Sticks,2008-01-09,2008.0,['Comedy'],Dany Boon,"['Kad Merad', 'Dany Boon', 'Zoé Félix']",11000000,53191886,42191886,383.5626,6.8,615,18.923181,106.0,fr
12410,Good,2008-12-11,2008.0,['Drama'],Vicente Amorim,"['Viggo Mortensen', 'Jason Isaacs', 'Mark Strong']",0,0,0,,6.3,29,2.397987,96.0,en
34647,Enter the Void,2009-05-05,2009.0,"['Fantasy', 'Drama']",Gaspar Noé,"['Nathaniel Brown', 'Paz de la Huerta', 'Cyril Roy']",13000000,754249,-12245751,-94.19808461538462,7.2,387,20.39955,161.0,en
73935,Vamps,2012-08-25,2012.0,"['Comedy', 'Romance', 'Horror']",Amy Heckerling,"['Alicia Silverstone', 'Krysten Ritter', 'Sigourney Weaver']",16000000,0,-16000000,-100.0,4.8,91,7.251897,93.0,en
28178,Hachi: A Dog's Tale,2009-06-13,2009.0,"['Drama', 'Family']",Lasse Hallström,"['Richard Gere', 'Joan Allen', 'Jason Alexander']",16000000,47801389,31801389,198.75868125,7.7,1717,43.217089,93.0,en
185567,Zulu,2013-12-04,2013.0,"['Crime', 'Drama', 'Thriller']",Jérôme Salle,"['Orlando Bloom', 'Forest Whitaker', 'Conrad Kemp']",16000000,0,-16000000,-100.0,6.7,172,14.529496,110.0,en
264656,The Homesman,2014-05-18,2014.0,"['Western', 'Drama']",Tommy Lee Jones,"['Hilary Swank', 'Tommy Lee Jones', 'Grace Gummer']",16000000,3442853,-12557147,-78.48216875,6.4,258,20.59148,122.0,en
35696,Juwanna Mann,2002-06-21,2002.0,"['Comedy', 'Drama']",Jesse Vaughan,"['Miguel A. Núñez, Jr.', 'Vivica A. Fox', 'Kevin Pollak']",15600000,0,-15600000,-100.0,4.2,20,2.244947,91.0,en
16351,Ararat,2002-05-20,2002.0,"['War', 'Drama']",Atom Egoyan,"['Simon Abkarian', 'Charles Aznavour', 'Christopher Plummer']",0,0,0,,5.7,16,1.326264,115.0,en
38717,Madison,2001-01-23,2001.0,"['Action', 'Adventure', 'Drama']",William Bindley,"['Jim Caviezel', 'Jake Lloyd', 'Mary McCormack']",0,0,0,,5.3,3,0.212108,99.0,en
18777,Slow Burn,2005-09-12,2005.0,"['Mystery', 'Crime', 'Drama', 'Thriller']",Wayne Beach,"['Ray Liotta', 'LL Cool J', 'Mekhi Phifer']",15500000,1237615,-14262385,-92.01538709677419,5.5,16,6.630856,93.0,en
2110,Wasabi,2001-10-31,2001.0,"['Drama', 'Action', 'Comedy']",Gérard Krawczyk,"['Jean Reno', 'Ryoko Hirosue', 'Michel Muller']",15300000,0,-15300000,-100.0,6.2,283,18.20957,94.0,fr
9035,Slither,2006-03-31,2006.0,"['Comedy', 'Horror', 'Science Fiction']",James Gunn,"['Nathan Fillion', 'Don Thompson', 'Elizabeth Banks']",15500000,0,-15500000,-100.0,6.3,317,17.327279,95.0,en
90,Beverly Hills Cop,1984-11-29,1984.0,"['Action', 'Comedy', 'Crime']",Martin Brest,"['Eddie Murphy', 'Judge Reinhold', 'John Ashton']",15000000,316360478,301360478,2009.0698533333334,6.8,961,29.843818,105.0,en
771,Home Alone,1990-11-09,1990.0,"['Comedy', 'Family']",Chris Columbus,"['Macaulay Culkin', 'Joe Pesci', 'Daniel Stern']",18000000,476684675,458684675,2548.2481944444444,7.1,2414,2.186927,103.0,en
12154,Three Men and a Baby,1987-11-27,1987.0,"['Family', 'Comedy', 'Drama']",Leonard Nimoy,"['Tom Selleck', 'Steve Guttenberg', 'Ted Danson']",0,0,0,,5.8,253,12.335827,102.0,es
9576,Tootsie,1982-12-16,1982.0,"['Comedy', 'Romance']",Sydney Pollack,"['Dustin Hoffman', 'Jessica Lange', 'Teri Garr']",21000000,177200000,156200000,743.8095238095239,6.9,421,20.818567,116.0,en
744,Top Gun,1986-05-16,1986.0,"['Action', 'Romance', 'War']",Tony Scott,"['Tom Cruise', 'Kelly McGillis', 'Val Kilmer']",15000000,356830601,341830601,2278.8706733333333,6.7,1698,58.900647,110.0,en
146,"Crouching Tiger, Hidden Dragon",2000-10-01,2000.0,"['Adventure', 'Drama', 'Action', 'Romance']",Ang Lee,"['Chow Yun-fat', 'Michelle Yeoh', 'Zhang Ziyi']",17000000,213525736,196525736,1156.0337411764706,7.2,927,45.742254,120.0,zh
14,American Beauty,1999-09-15,1999.0,['Drama'],Sam Mendes,"['Kevin Spacey', 'Annette Bening', 'Thora Birch']",15000000,356296601,341296601,2275.3106733333334,7.9,3313,80.878605,122.0,en
45269,The King's Speech,2010-09-06,2010.0,"['Drama', 'History']",Tom Hooper,"['Colin Firth', 'Geoffrey Rush', 'Helena Bonham Carter']",15000000,414211549,399211549,2661.4103266666666,7.6,2752,54.053576,118.0,en
9493,Twins,1988-12-09,1988.0,['Comedy'],Ivan Reitman,"['Arnold Schwarzenegger', 'Danny DeVito', 'Kelly Preston']",15000000,216614388,201614388,1344.09592,5.7,559,17.638286,107.0,en
22556,The Yellow Handkerchief,2008-12-17,2008.0,"['Drama', 'Romance']",Udayan Prasad,"['William Hurt', 'Maria Bello', 'Kristen Stewart']",15000000,317000,-14683000,-97.88666666666667,6.4,52,3.803495,102.0,en
873,The Color Purple,1985-12-18,1985.0,['Drama'],Steven Spielberg,"['Whoopi Goldberg', 'Margaret Avery', 'Danny Glover']",15000000,146292009,131292009,875.28006,7.7,338,17.571533,154.0,en
33196,Tidal Wave,2009-06-06,2009.0,"['Action', 'Adventure', 'Drama', 'Thriller']",Yoon Je-kyoon,"['Park Joong-hoon', 'Sol Kyung-gu', 'Uhm Jung-hwa']",16000000,11301649,-4698351,-29.364693749999997,6.5,48,4.628525,120.0,ko
205596,The Imitation Game,2014-11-14,2014.0,"['History', 'Drama', 'Thriller', 'War']",Morten Tyldum,"['Benedict Cumberbatch', 'Keira Knightley', 'Matthew Goode']",14000000,233555708,219555708,1568.2550571428571,8.0,5723,145.364591,113.0,en
10765,Private Benjamin,1980-10-06,1980.0,['Comedy'],Howard Zieff,"['Goldie Hawn', 'Eileen Brennan', 'Armand Assante']",0,0,0,,6.0,102,12.18838,109.0,en
16769,Coal Miner's Daughter,1980-03-07,1980.0,"['Drama', 'Music']",Michael Apted,"['Sissy Spacek', 'Tommy Lee Jones', 'Levon Helm']",15000000,67182787,52182787,347.88524666666666,7.2,67,3.826685,125.0,en
33217,Diary of a Wimpy Kid,2010-03-19,2010.0,"['Comedy', 'Family']",Thor Freudenthal,"['Zachary Gordon', 'Robert Capron', 'Rachael Harris']",15000000,75700498,60700498,404.66998666666666,5.9,355,21.095489,92.0,en
132232,Mama,2013-01-17,2013.0,['Horror'],Andy Muschietti,"['Jessica Chastain', 'Nikolaj Coster-Waldau', 'Megan Charpentier']",15000000,146497771,131497771,876.6518066666666,6.0,1401,47.455148,100.0,en
11153,National Lampoon's Vacation,1983-07-28,1983.0,"['Comedy', 'Adventure', 'Romance']",Harold Ramis,"['Chevy Chase', ""Beverly D'Angelo"", 'Imogene Coca']",15000000,61399552,46399552,309.3303466666667,7.1,410,22.838834,98.0,en
208134,Bad Grandpa,2013-10-22,2013.0,['Comedy'],Jeff Tremaine,"['Johnny Knoxville', 'Jackson Nicoll', 'Georgina Cates']",15000000,151831537,136831537,912.2102466666666,6.0,680,27.165222,92.0,en
1165,The Queen,2006-09-15,2006.0,['Drama'],Stephen Frears,"['Helen Mirren', 'Michael Sheen', 'James Cromwell']",15000000,123384128,108384128,722.5608533333333,6.8,338,19.113278,103.0,en
4011,Beetlejuice,1988-02-29,1988.0,"['Fantasy', 'Comedy']",Tim Burton,"['Geena Davis', 'Alec Baldwin', 'Winona Ryder']",15000000,73326666,58326666,388.84444,7.1,1444,58.553213,92.0,en
17202,Why Did I Get Married?,2007-10-12,2007.0,"['Comedy', 'Drama']",Tyler Perry,"['Tyler Perry', 'Jill Scott', 'Janet Jackson']",15000000,55184721,40184721,267.89814,6.1,33,2.005111,113.0,en
9587,Little Women,1994-12-21,1994.0,"['Drama', 'Romance']",Gillian Armstrong,"['Winona Ryder', 'Gabriel Byrne', 'Trini Alvarado']",18000000,0,-18000000,-100.0,7.0,215,16.418639,115.0,en
65086,The Woman in Black,2012-02-01,2012.0,"['Drama', 'Horror', 'Thriller']",James Watkins,"['Daniel Radcliffe', 'Ciarán Hinds', 'Sidney Johnston']",17000000,127730736,110730736,651.3572705882353,6.1,1206,43.675191,95.0,en
10053,When a Stranger Calls,2006-02-03,2006.0,"['Horror', 'Thriller']",Simon West,"['Camilla Belle', 'Katie Cassidy', 'Tommy Flanagan']",15000000,66966987,51966987,346.44658000000004,5.4,268,4.688212,87.0,en
11870,Big Fat Liar,2002-02-08,2002.0,"['Comedy', 'Family']",Shawn Levy,"['Frankie Muniz', 'Paul Giamatti', 'Amanda Bynes']",15000000,52970014,37970014,253.13342666666668,5.6,197,9.125594,88.0,en
11778,The Deer Hunter,1978-12-08,1978.0,"['Drama', 'War']",Michael Cimino,"['Robert De Niro', 'John Cazale', 'John Savage']",15000000,50000000,35000000,233.33333333333334,7.8,921,19.786392,183.0,en
586,Wag the Dog,1997-12-25,1997.0,"['Comedy', 'Drama']",Barry Levinson,"['Dustin Hoffman', 'Robert De Niro', 'Anne Heche']",15000000,64256513,49256513,328.37675333333334,6.7,270,13.581966,97.0,en
18736,The Lizzie McGuire Movie,2003-04-25,2003.0,"['Family', 'Comedy']",Jim Fall,"['Hilary Duff', 'Adam Lamberg', 'Hallie Todd']",17000000,55534455,38534455,226.67326470588236,5.7,280,11.927667,94.0,en
134411,Snitch,2013-02-21,2013.0,"['Thriller', 'Drama']",Ric Roman Waugh,"['Dwayne Johnson', 'Barry Pepper', 'Jon Bernthal']",35000000,42930462,7930462,22.658462857142858,5.8,1138,30.556135,112.0,en
287903,Krampus,2015-11-26,2015.0,"['Horror', 'Comedy', 'Fantasy']",Michael Dougherty,"['Adam Scott', 'Toni Collette', 'Allison Tolman']",15000000,61548707,46548707,310.3247133333333,5.9,584,31.565117,98.0,en
9276,The Faculty,1998-12-25,1998.0,"['Horror', 'Mystery', 'Science Fiction']",Robert Rodriguez,"['Jordana Brewster', 'Elijah Wood', 'Clea DuVall']",15000000,40283321,25283321,168.55547333333334,6.2,492,21.535126,104.0,en
15765,What's Love Got to Do with It,1993-06-09,1993.0,"['Drama', 'Music']",Brian Gibson,"['Angela Bassett', 'Laurence Fishburne', 'Vanessa Bell Calloway']",0,0,0,,6.9,72,7.921311,118.0,en
2142,Cop Land,1997-08-15,1997.0,"['Action', 'Crime', 'Drama']",James Mangold,"['Sylvester Stallone', 'Harvey Keitel', 'Ray Liotta']",15000000,44862187,29862187,199.08124666666666,6.6,382,19.284129,104.0,en
11397,Not Another Teen Movie,2001-12-07,2001.0,['Comedy'],Joel Gallen,"['Chyler Leigh', 'Chris Evans', 'Jaime Pressly']",16000000,66468332,50468332,315.427075,5.5,431,23.423082,89.0,en
77016,End of Watch,2012-09-20,2012.0,"['Crime', 'Drama', 'Thriller']",David Ayer,"['Jake Gyllenhaal', 'Michael Peña', 'Natalie Martinez']",7000000,48126384,41126384,587.5197714285714,7.2,1170,49.517264,109.0,en
11478,The Skulls,2000-03-31,2000.0,"['Crime', 'Drama', 'Thriller']",Rob Cohen,"['Joshua Jackson', 'Paul Walker', 'Hill Harper']",15000000,35007180,20007180,133.3812,5.8,156,11.375032,106.0,en
266856,The Theory of Everything,2014-11-26,2014.0,"['Drama', 'Romance']",James Marsh,"['Eddie Redmayne', 'Felicity Jones', 'Charlie Cox']",15000000,123726688,108726688,724.8445866666667,7.8,3311,61.182331,123.0,en
13411,Malibu's Most Wanted,2003-04-10,2003.0,"['Comedy', 'Crime']",John Whitesell,"['Jamie Kennedy', 'Taye Diggs', 'Anthony Anderson']",0,0,0,,4.7,77,7.314796,86.0,en
10564,Where the Heart Is,2000-04-27,2000.0,"['Comedy', 'Drama', 'Romance']",Matt Williams,"['Natalie Portman', 'Ashley Judd', 'Stockard Channing']",15000000,33771174,18771174,125.14116,6.9,155,6.857923,120.0,en
947,Lawrence of Arabia,1962-12-10,1962.0,"['Adventure', 'Drama', 'History', 'War']",David Lean,"[""Peter O'Toole"", 'Alec Guinness', 'Anthony Quinn']",15000000,69995385,54995385,366.6359,7.8,851,41.286336,216.0,en
24150,Halloween II,2009-08-28,2009.0,['Horror'],Rob Zombie,"['Scout Taylor-Compton', 'Sheri Moon Zombie', 'Tyler Mane']",15000000,39421467,24421467,162.80978,5.1,267,12.929525,105.0,en
228970,Wild,2014-12-05,2014.0,['Drama'],Jean-Marc Vallée,"['Reese Witherspoon', 'Laura Dern', 'Thomas Sadoski']",15000000,52501541,37501541,250.01027333333332,7.0,951,42.952942,115.0,en
18405,The Last House on the Left,2009-03-13,2009.0,"['Crime', 'Thriller', 'Horror', 'Drama']",Dennis Iliadis,"['Garret Dillahunt', 'Michael Bowen', 'Joshua Cox']",15000000,32721635,17721635,118.14423333333333,6.2,440,19.760383,110.0,en
6961,The Wedding Date,2005-02-04,2005.0,"['Comedy', 'Romance']",Clare Kilner,"['Debra Messing', 'Dermot Mulroney', 'Amy Adams']",15000000,47175038,32175038,214.50025333333335,6.2,230,10.194097,88.0,en
11442,Halloween: Resurrection,2002-07-01,2002.0,"['Horror', 'Thriller']",Rick Rosenthal,"['Jamie Lee Curtis', 'Brad Loree', 'Busta Rhymes']",13000000,37664855,24664855,189.72965384615387,4.5,228,11.045593,94.0,en
2493,The Princess Bride,1987-09-18,1987.0,"['Adventure', 'Family', 'Fantasy', 'Comedy', 'Romance']",Rob Reiner,"['Cary Elwes', 'Robin Wright', 'Mandy Patinkin']",16000000,30857814,14857814,92.86133749999999,7.6,1486,44.533612,98.0,en
14047,The Great Debaters,2007-12-27,2007.0,['Drama'],Denzel Washington,"['Denzel Washington', 'Nate Parker', 'Forest Whitaker']",15000000,30226144,15226144,101.50762666666667,6.9,151,10.84158,126.0,en
64690,Drive,2011-08-06,2011.0,"['Drama', 'Action', 'Thriller', 'Crime']",Nicolas Winding Refn,"['Ryan Gosling', 'Carey Mulligan', 'Bryan Cranston']",15000000,78054825,63054825,420.36550000000005,7.4,3725,49.294864,100.0,en
11132,Confessions of a Teenage Drama Queen,2004-02-17,2004.0,['Comedy'],Sara Sugarman,"['Lindsay Lohan', 'Adam Garcia', 'Glenne Headly']",15000000,29331068,14331068,95.54045333333333,5.1,221,7.424798,89.0,en
17127,The Object of My Affection,1998-04-17,1998.0,"['Comedy', 'Drama', 'Romance']",Nicholas Hytner,"['Jennifer Aniston', 'Paul Rudd', 'Hayden Panettiere']",15000000,46905889,31905889,212.70592666666664,5.6,72,5.164281,111.0,en
1562,28 Weeks Later,2007-04-26,2007.0,"['Horror', 'Thriller', 'Science Fiction']",Juan Carlos Fresnadillo,"['Imogen Poots', 'Robert Carlyle', 'Rose Byrne']",15000000,64238440,49238440,328.25626666666665,6.5,1197,34.759855,100.0,en
232679,When the Game Stands Tall,2014-08-22,2014.0,['Drama'],Thomas Carter,"['Jim Caviezel', 'Michael Chiklis', 'Laura Dern']",15000000,30127963,15127963,100.85308666666666,6.3,130,7.297757,115.0,en
17880,Because of Winn-Dixie,2005-02-18,2005.0,"['Comedy', 'Drama', 'Family']",Wayne Wang,"['Jeff Daniels', 'AnnaSophia Robb', 'Cicely Tyson']",14000000,32645546,18645546,133.18247142857143,6.1,61,3.334804,106.0,en
14736,Love & Basketball,2000-04-21,2000.0,"['Action', 'Comedy', 'Drama', 'Romance']",Gina Prince-Bythewood,"['Chris Warren, Jr.', 'Kyla Pratt', 'Sanaa Lathan']",20000000,27728118,7728118,38.64059,7.4,88,2.027393,124.0,en
9434,Grosse Pointe Blank,1997-04-11,1997.0,"['Action', 'Comedy', 'Thriller', 'Romance']",George Armitage,"['John Cusack', 'Minnie Driver', 'Dan Aykroyd']",0,28084357,28084357,inf,6.9,275,13.817269,107.0,en
23706,All About Steve,2009-09-04,2009.0,['Comedy'],Phil Traill,"['Sandra Bullock', 'Thomas Haden Church', 'Bradley Cooper']",15000000,40105542,25105542,167.37028,4.7,295,13.237835,99.0,en
11531,Book of Shadows: Blair Witch 2,2000-10-27,2000.0,"['Mystery', 'Thriller', 'Horror']",Joe Berlinger,"['Kim Director', 'Jeffrey Donovan', 'Erica Leerhsen']",0,0,0,,4.3,212,3.890223,90.0,en
9100,The Craft,1996-05-03,1996.0,"['Drama', 'Fantasy', 'Horror', 'Thriller']",Andrew Fleming,"['Robin Tunney', 'Fairuza Balk', 'Neve Campbell']",15000000,24769466,9769466,65.12977333333333,6.3,380,19.517239,101.0,en
116,Match Point,2005-10-26,2005.0,"['Drama', 'Thriller', 'Crime', 'Romance']",Woody Allen,"['Jonathan Rhys Meyers', 'Scarlett Johansson', 'Emily Mortimer']",15000000,85306374,70306374,468.70915999999994,7.3,1105,30.669913,124.0,en
38843,Ramona and Beezus,2010-07-23,2010.0,"['Comedy', 'Family']",Elizabeth Allen Rosenbaum,"['Joey King', 'Selena Gomez', 'John Corbett']",0,0,0,,6.1,245,9.681147,103.0,en
1245,The Remains of the Day,1993-11-05,1993.0,"['Drama', 'Romance']",James Ivory,"['Anthony Hopkins', 'Emma Thompson', 'James Fox']",11500000,23237911,11737911,102.06879130434783,7.5,202,15.355589,134.0,en
4995,Boogie Nights,1997-09-11,1997.0,['Drama'],Paul Thomas Anderson,"['Mark Wahlberg', 'Burt Reynolds', 'John C. Reilly']",15000000,43101594,28101594,187.34396,7.5,796,19.85579,155.0,en
10413,Nowhere to Run,1993-01-15,1993.0,"['Action', 'Adventure', 'Drama', 'Thriller']",Robert Harmon,"['Jean-Claude Van Damme', 'Rosanna Arquette', 'Kieran Culkin']",0,0,0,,5.5,119,11.689337,94.0,en
14012,Flicka,2006-10-20,2006.0,['Drama'],Michael Mayer,"['Tim McGraw', 'Maria Bello', 'Armie Hammer']",15000000,21000000,6000000,40.0,6.1,52,3.043589,95.0,en
9793,The Hills Have Eyes 2,2007-03-22,2007.0,"['Horror', 'Thriller']",Martin Weisz,"['Michael Bailey Smith', 'Archie Kao', 'Jay Acovone']",15000000,0,-15000000,-100.0,5.2,351,17.141376,89.0,en
12212,Urban Legends: Final Cut,2000-09-19,2000.0,['Horror'],John Ottman,"['Jennifer Morrison', 'Matthew Davis', 'Loretta Devine']",14000000,38574362,24574362,175.53115714285715,4.4,100,8.885017,97.0,en
13768,Tuck Everlasting,2002-10-11,2002.0,"['Fantasy', 'Drama', 'Science Fiction', 'Romance', 'Family']",Jay Russell,"['Alexis Bledel', 'William Hurt', 'Sissy Spacek']",0,0,0,,6.4,128,4.115398,90.0,en
8975,The Marine,2006-10-13,2006.0,"['Action', 'Adventure', 'Drama', 'Thriller']",John Bonito,"['John Cena', 'Kelly Carlson', 'Robert Patrick']",20000000,22165608,2165608,10.82804,5.0,163,7.679336,92.0,en
342521,Keanu,2016-04-21,2016.0,"['Action', 'Comedy']",Peter Atencio,"['Jordan Peele', 'Keegan-Michael Key', 'Tiffany Haddish']",15000000,20566327,5566327,37.108846666666665,6.0,421,18.268009,94.0,en
45272,Country Strong,2010-12-22,2010.0,"['Drama', 'Romance']",Shana Feste,"['Gwyneth Paltrow', 'Garrett Hedlund', 'Tim McGraw']",15000000,20529194,5529194,36.861293333333336,5.9,80,7.809701,117.0,en
9424,Disturbing Behavior,1998-07-24,1998.0,"['Mystery', 'Horror', 'Science Fiction']",David Nutter,"['James Marsden', 'Katie Holmes', 'Nick Stahl']",15000000,17507368,2507368,16.715786666666666,5.5,104,9.378688,84.0,en
97367,The Place Beyond the Pines,2013-03-20,2013.0,"['Drama', 'Crime']",Derek Cianfrance,"['Ryan Gosling', 'Bradley Cooper', 'Eva Mendes']",15000000,35485608,20485608,136.57072,6.8,1653,35.395129,140.0,en
254904,The November Man,2014-08-27,2014.0,"['Crime', 'Action', 'Thriller']",Roger Donaldson,"['Pierce Brosnan', 'Luke Bracey', 'Olga Kurylenko']",15000000,32556119,17556119,117.04079333333333,6.0,639,45.317278,108.0,en
18681,Eye of the Beholder,1999-09-04,1999.0,"['Drama', 'Mystery', 'Thriller']",Stephan Elliott,"['Ewan McGregor', 'Ashley Judd', 'Patrick Bergin']",15000000,0,-15000000,-100.0,5.3,42,4.302941,109.0,en
12162,The Hurt Locker,2008-10-10,2008.0,"['Drama', 'Thriller', 'War']",Kathryn Bigelow,"['Jeremy Renner', 'Anthony Mackie', 'Brian Geraghty']",15000000,42000000,27000000,180.0,7.2,1840,47.006162,131.0,en
11495,Firestarter,1984-05-11,1984.0,"['Fantasy', 'Drama', 'Horror', 'Action', 'Thriller']",Mark L. Lester,"['David Keith', 'Drew Barrymore', 'Freddie Jones']",15000000,17080167,2080167,13.86778,5.9,173,11.379652,114.0,en
64689,Killing Them Softly,2012-09-20,2012.0,"['Crime', 'Thriller']",Andrew Dominik,"['Brad Pitt', 'Scoot McNairy', 'Ben Mendelsohn']",15000000,37930465,22930465,152.86976666666666,5.8,742,24.612603,97.0,en
157849,A Most Wanted Man,2014-07-25,2014.0,['Thriller'],Anton Corbijn,"['Philip Seymour Hoffman', 'Rachel McAdams', 'Robin Wright']",15000000,31554855,16554855,110.3657,6.5,541,26.708193,121.0,en
13166,Freddy Got Fingered,2001-04-18,2001.0,['Comedy'],Tom Green,"['Tom Green', 'Rip Torn', 'Marisa Coughlan']",0,0,0,,4.6,115,8.710294,87.0,en
15511,VeggieTales: The Pirates Who Don't Do Anything,2008-01-11,2008.0,"['Adventure', 'Animation', 'Comedy', 'Science Fiction', 'Family']",Mike Nawrocki,"['Phil Vischer', 'Mike Nawrocki', 'Cam Clarke']",0,0,0,,5.9,25,1.800119,85.0,en
37003,U2 3D,2007-05-19,2007.0,"['Music', 'Documentary']",Mark Pellington,"['Bono', 'The Edge', 'Adam Clayton']",15000000,22730842,7730842,51.53894666666666,6.7,10,0.335195,85.0,en
12211,Highlander: Endgame,2000-09-01,2000.0,"['Action', 'Fantasy', 'Science Fiction']",Douglas Aarniokoski,"['Christopher Lambert', 'Bruce Payne', 'Adrian Paul']",25000000,15843608,-9156392,-36.625567999999994,4.4,104,11.782725,87.0,en
13816,Idlewild,2006-08-25,2006.0,"['Crime', 'Drama', 'Music']",Bryan Barber,"['André Benjamin', 'Paula Patton', 'Terrence Howard']",0,0,0,,5.1,17,2.711955,121.0,en
51828,One Day,2011-03-02,2011.0,"['Drama', 'Romance']",Lone Scherfig,"['Anne Hathaway', 'Jim Sturgess', 'Patricia Clarkson']",15000000,59389433,44389433,295.92955333333333,7.0,978,16.629173,107.0,en
22798,Whip It,2009-09-13,2009.0,['Drama'],Drew Barrymore,"['Ellen Page', 'Alia Shawkat', 'Kristen Wiig']",15000000,16633035,1633035,10.886899999999999,6.7,357,20.05902,111.0,en
7501,Knockaround Guys,2001-09-07,2001.0,"['Crime', 'Thriller']",Brian Koppelman,"['Barry Pepper', 'Andy Davoli', 'Seth Green']",15000000,12000000,-3000000,-20.0,5.9,97,8.113634,92.0,en
10743,Confidence,2003-04-25,2003.0,"['Action', 'Comedy', 'Thriller', 'Crime']",James Foley,"['Edward Burns', 'Rachel Weisz', 'Morris Chestnut']",0,0,0,,6.4,126,9.87419,97.0,en
37718,The Muse,1999-08-27,1999.0,"['Fantasy', 'Comedy']",Albert Brooks,"['Albert Brooks', 'Sharon Stone', 'Andie MacDowell']",0,0,0,,5.3,31,2.857936,97.0,en
15237,De-Lovely,2004-07-02,2004.0,"['Drama', 'Music']",Irwin Winkler,"['Kevin Kline', 'Ashley Judd', 'Jonathan Pryce']",20000000,0,-20000000,-100.0,6.3,32,3.138118,125.0,en
9686,New York Stories,1989-03-10,1989.0,"['Comedy', 'Drama', 'Romance']",Francis Ford Coppola,"['Woody Allen', 'Marvin Chatinover', 'Mae Questel']",15000000,0,-15000000,-100.0,6.2,64,6.684096,124.0,en
17644,Barney's Great Adventure,1998-01-01,1998.0,['Family'],Steve Gomer,[],0,0,0,,2.9,8,0.722911,76.0,en
97430,The Man with the Iron Fists,2012-11-02,2012.0,['Action'],RZA,"['Russell Crowe', 'Lucy Liu', 'Jamie Chung']",15000000,15608545,608545,4.056966666666666,5.2,358,17.672021,96.0,en
12257,Home Fries,1998-11-25,1998.0,"['Drama', 'Comedy', 'Romance']",Dean Parisot,"['Drew Barrymore', ""Catherine O'Hara"", 'Luke Wilson']",15000000,10443316,-4556684,-30.377893333333333,4.8,32,3.033471,93.0,en
13539,Here On Earth,2000-03-23,2000.0,['Romance'],Mark Piznarski,"['Leelee Sobieski', 'Chris Klein', 'Josh Hartnett']",0,0,0,,5.4,48,3.313257,96.0,en
68,Brazil,1985-02-20,1985.0,"['Comedy', 'Science Fiction']",Terry Gilliam,"['Jonathan Pryce', 'Robert De Niro', 'Katherine Helmond']",15000000,0,-15000000,-100.0,7.5,861,41.089863,132.0,en
14024,Raise Your Voice,2004-08-10,2004.0,"['Music', 'Drama', 'Romance']",Sean McNamara,"['Hilary Duff', 'Oliver James', 'David Keith']",15000000,14867514,-132486,-0.88324,6.0,211,10.9071,103.0,en
115,The Big Lebowski,1998-03-06,1998.0,"['Comedy', 'Crime']",Joel Coen,"['Jeff Bridges', 'John Goodman', 'Julianne Moore']",15000000,46189568,31189568,207.93045333333336,7.8,2926,49.230089,117.0,en
7874,Black Snake Moan,2006-12-08,2006.0,['Drama'],Craig Brewer,"['Samuel L. Jackson', 'Christina Ricci', 'Justin Timberlake']",15000000,10903846,-4096154,-27.307693333333333,6.6,243,11.429607,116.0,en
4911,Dark Blue,2002-12-14,2002.0,"['Action', 'Crime', 'Drama', 'Thriller']",Ron Shelton,"['Kurt Russell', 'Scott Speedman', 'Michael Michele']",15000000,9237470,-5762530,-38.416866666666664,6.5,85,6.373316,118.0,en
1988,A Mighty Heart,2007-01-01,2007.0,"['Drama', 'Thriller']",Michael Winterbottom,"['Angelina Jolie', 'Dan Futterman', 'Irrfan Khan']",16000000,18928871,2928871,18.30544375,6.7,95,9.717392,100.0,en
16222,Whatever It Takes,2000-03-31,2000.0,"['Drama', 'Comedy', 'Romance']",David Raynr,"[""Jodi Lyn O'Keefe"", 'Shane West', 'Marla Sokoloff']",15000000,9902115,-5097885,-33.9859,5.0,37,8.074807,94.0,en
9557,Boat Trip,2002-10-01,2002.0,['Comedy'],Mort Nathan,"['Cuba Gooding Jr.', 'Horatio Sanz', 'Roselyn Sánchez']",20000000,8586376,-11413624,-57.06812,4.7,146,7.034752,94.0,en
9026,The Importance of Being Earnest,2002-05-17,2002.0,"['Comedy', 'Drama', 'History', 'Romance']",Oliver Parker,"['Rupert Everett', 'Colin Firth', 'Reese Witherspoon']",0,0,0,,6.7,127,7.250379,97.0,en
57943,The Love Letter,1998-02-01,1998.0,"['Comedy', 'Drama', 'Fantasy', 'Romance']",Dan Curtis,"['Campbell Scott', 'Jennifer Jason Leigh', 'David Dukes']",0,0,0,,4.7,3,0.116873,98.0,en
18276,Hoot,2006-05-05,2006.0,"['Drama', 'Family']",Wil Shriner,"['Luke Wilson', 'Logan Lerman', 'Brie Larson']",0,0,0,,5.5,44,7.712206,91.0,en
8321,In Bruges,2008-02-08,2008.0,"['Comedy', 'Drama', 'Crime']",Martin McDonagh,"['Colin Farrell', 'Brendan Gleeson', 'Ralph Fiennes']",15000000,34533783,19533783,130.22522,7.4,1388,25.329493,107.0,en
72359,Peeples,2013-05-09,2013.0,['Comedy'],Tina Gordon Chism,"['Craig Robinson', 'Kerry Washington', 'David Alan Grier']",15,0,-15,-100.0,5.6,26,5.112809,95.0,en
10186,The Rocker,2008-08-20,2008.0,"['Comedy', 'Music']",Peter Cattaneo,"['Rainn Wilson', 'Josh Gad', 'Christina Applegate']",15000000,8762890,-6237110,-41.58073333333333,5.6,156,13.832376,102.0,en
25704,Post Grad,2009-08-21,2009.0,['Comedy'],Vicky Jenson,"['Alexis Bledel', 'Zach Gilford', 'Rodrigo Santoro']",15000000,6405245,-8594755,-57.298366666666666,5.0,100,7.446069,89.0,en
133694,Promised Land,2012-09-23,2012.0,['Drama'],Gus Van Sant,"['Matt Damon', 'John Krasinski', 'Frances McDormand']",15000000,8138788,-6861212,-45.741413333333334,6.0,243,13.568302,106.0,en
19265,Whatever Works,2009-06-19,2009.0,"['Comedy', 'Romance']",Woody Allen,"['Larry David', 'Evan Rachel Wood', 'Adam Brooks']",15000000,35097815,20097815,133.98543333333333,6.8,350,21.857387,92.0,en
36047,The In Crowd,2000-07-19,2000.0,['Thriller'],Mary Lambert,"['Susan Ward', 'Lori Heuring', 'Matthew Settle']",15000000,5217498,-9782502,-65.21668000000001,4.7,15,0.249245,105.0,en
8053,The Three Burials of Melquiades Estrada,2005-11-17,2005.0,"['Adventure', 'Crime', 'Drama', 'Mystery', 'Western']",Tommy Lee Jones,"['Tommy Lee Jones', 'Barry Pepper', 'Dwight Yoakam']",15000000,12036149,-2963851,-19.759006666666668,7.0,177,12.163832,121.0,en
2290,Jakob the Liar,1999-09-16,1999.0,"['Comedy', 'Drama', 'History']",Peter Kassovitz,"['Robin Williams', 'Armin Mueller-Stahl', 'Hannah Taylor-Gordon']",0,0,0,,6.0,90,8.962245,120.0,en
5236,Kiss Kiss Bang Bang,2005-09-05,2005.0,"['Action', 'Comedy', 'Crime', 'Mystery']",Shane Black,"['Robert Downey Jr.', 'Val Kilmer', 'Michelle Monaghan']",15000000,15785148,785148,5.23432,7.2,886,32.690038,103.0,en
6552,Idle Hands,1999-04-30,1999.0,"['Thriller', 'Comedy', 'Horror']",Rodman Flender,"['Devon Sawa', 'Seth Green', 'Jessica Alba']",25000000,4152230,-20847770,-83.39107999999999,6.1,182,8.583217,92.0,en
1018,Mulholland Drive,2001-05-16,2001.0,"['Thriller', 'Drama', 'Mystery']",David Lynch,"['Naomi Watts', 'Laura Harring', 'Ann Miller']",15000000,20117339,5117339,34.11559333333333,7.6,1477,31.60985,147.0,en
10075,Blood and Chocolate,2007-01-26,2007.0,"['Drama', 'Fantasy', 'Horror', 'Romance']",Katja von Garnier,"['Agnes Bruckner', 'Hugh Dancy', 'Katja Riemann']",0,0,0,,5.4,87,12.295216,98.0,en
38031,You Will Meet a Tall Dark Stranger,2010-05-23,2010.0,"['Comedy', 'Drama', 'Romance']",Woody Allen,"['Gemma Jones', 'Anthony Hopkins', 'Naomi Watts']",22000000,0,-22000000,-100.0,5.8,251,12.4654,98.0,en
42188,Never Let Me Go,2010-09-15,2010.0,"['Drama', 'Romance', 'Science Fiction']",Mark Romanek,"['Carey Mulligan', 'Andrew Garfield', 'Keira Knightley']",15000000,9455232,-5544768,-36.96512,6.8,737,30.983397,104.0,en
112430,The Company,2007-08-05,2007.0,['Drama'],Mikael Salomon,"[""Chris O'Donnell"", 'Alfred Molina', 'Michael Keaton']",0,0,0,,7.0,12,1.485324,276.0,en
6687,Transsiberian,2008-01-18,2008.0,"['Thriller', 'Crime', 'Mystery']",Brad Anderson,"['Woody Harrelson', 'Emily Mortimer', 'Kate Mara']",15000000,5926410,-9073590,-60.49060000000001,6.5,195,11.428903,111.0,en
13853,The Clan of the Cave Bear,1986-01-17,1986.0,"['Adventure', 'Drama']",Michael Chapman,"['Daryl Hannah', 'Pamela Reed', 'James Remar']",15000000,0,-15000000,-100.0,4.8,27,5.484679,98.0,en
31306,Crazy in Alabama,1999-10-22,1999.0,"['Comedy', 'Drama']",Antonio Banderas,"['Melanie Griffith', 'David Morse', 'Lucas Black']",0,0,0,,6.5,12,5.770246,111.0,en
8461,Funny Games,2007-10-20,2007.0,"['Horror', 'Thriller', 'Crime']",Michael Haneke,"['Naomi Watts', 'Tim Roth', 'Michael Pitt']",15000000,7938872,-7061128,-47.07418666666667,6.3,545,15.175289,112.0,en
331592,Listening,2015-09-11,2015.0,"['Drama', 'Thriller', 'Science Fiction']",Khalil Sullins,"['Thomas Stroppel', 'Artie Ahr', 'Amber Marie Bollinger']",0,0,0,,5.5,31,2.414721,100.0,en
47692,Felicia's Journey,1999-11-24,1999.0,['Drama'],Atom Egoyan,"['Bob Hoskins', 'Elaine Cassidy', 'Arsinée Khanjian']",0,0,0,,6.6,23,0.470645,116.0,en
19,Metropolis,1927-01-10,1927.0,"['Drama', 'Science Fiction']",Fritz Lang,"['Brigitte Helm', 'Alfred Abel', 'Gustav Fröhlich']",92620000,650422,-91969578,-99.29775210537682,8.0,657,32.351527,153.0,de
10045,District B13,2004-11-09,2004.0,"['Action', 'Thriller', 'Science Fiction']",Pierre Morel,"['David Belle', 'Cyril Raffaelli', ""Tony D'Amario""]",12000000,9584131,-2415869,-20.132241666666665,6.5,565,17.493735,84.0,fr
400,Things to Do in Denver When You're Dead,1995-12-01,1995.0,"['Drama', 'Crime']",Gary Fleder,"['Andy García', 'Christopher Lloyd', 'William Forsythe']",8000000,529766,-7470234,-93.37792499999999,6.7,85,6.932221,116.0,en
253450,The Assassin,2015-08-27,2015.0,"['Action', 'Drama', 'History']",Hou Hsiao-hsien,"['Shu Qi', 'Chang Chen', 'Nikki Hsieh']",15000000,632542,-14367458,-95.78305333333333,6.6,157,8.142166,105.0,zh
9104,Buffalo Soldiers,2001-09-08,2001.0,"['Drama', 'Comedy', 'War', 'Crime', 'Thriller']",Gregor Jordan,"['Joaquin Phoenix', 'Ed Harris', 'Scott Glenn']",15000000,0,-15000000,-100.0,6.5,93,6.329672,98.0,en
11190,The Return,2003-06-25,2003.0,"['Thriller', 'Drama', 'Mystery']",Andrey Zvyagintsev,"['Vladimir Garin', 'Konstantin Lavronenko', 'Nataliya Vdovina']",0,0,0,,7.4,100,7.744166,105.0,ru
16353,Ong Bak 2,2008-12-04,2008.0,"['Adventure', 'Action', 'Thriller']",Tony Jaa,"['Tony Jaa', 'Sarunyu Wongkrachang', 'Sorapong Chatree']",8500000,8936663,436663,5.137211764705882,6.0,152,9.029489,98.0,th
23759,Centurion,2010-02-15,2010.0,"['Adventure', 'Action', 'Drama']",Neil Marshall,"['Michael Fassbender', 'Olga Kurylenko', 'David Morrissey']",12000000,6814789,-5185211,-43.21009166666666,5.9,386,22.708647,97.0,en
24206,Silent Trigger,1996-06-26,1996.0,"['Drama', 'Action', 'Thriller']",Russell Mulcahy,"['Dolph Lundgren', 'Gina Bellman', 'Conrad Dunn']",15000000,76382,-14923618,-99.49078666666666,5.0,22,2.609057,93.0,en
10185,The Midnight Meat Train,2008-08-07,2008.0,"['Mystery', 'Drama', 'Crime', 'Thriller', 'Horror']",Ryûhei Kitamura,"['Bradley Cooper', 'Vinnie Jones', 'Brooke Shields']",15000000,3533227,-11466773,-76.44515333333334,6.0,290,19.913961,98.0,en
75033,Winnie Mandela,2011-09-16,2011.0,['Drama'],Darrell James Roodt,"['Elias Koteas', 'Terrence Howard', 'Jennifer Hudson']",15000000,0,-15000000,-100.0,5.2,5,1.897761,107.0,en
74536,The Son of No One,2011-11-04,2011.0,"['Drama', 'Thriller', 'Crime']",Dito Montiel,"['Channing Tatum', 'Al Pacino', 'Juliette Binoche']",15000000,0,-15000000,-100.0,4.8,92,7.701186,90.0,en
31668,All The Queen's Men,2001-10-14,2001.0,"['Action', 'Comedy', 'Drama', 'History']",Stefan Ruzowitzky,"['Matt LeBlanc', 'Eddie Izzard', 'James Cosmo']",15000000,23000,-14977000,-99.84666666666666,6.1,7,1.833058,99.0,en
13501,The Good Night,2007-01-25,2007.0,"['Comedy', 'Drama', 'Romance', 'Fantasy', 'Music']",Jake Paltrow,"['Penélope Cruz', 'Martin Freeman', 'Gwyneth Paltrow']",15000000,20380,-14979620,-99.86413333333334,5.7,41,12.185204,93.0,en
15208,Bathory: Countess of Blood,2008-07-04,2008.0,"['Drama', 'Fantasy']",Juraj Jakubisko,"['Anna Friel', 'Karel Roden', 'Hans Matheson']",0,0,0,,5.6,31,2.500218,141.0,en
172391,Khumba,2013-07-18,2013.0,"['Animation', 'Adventure', 'Family']",Anthony Silverston,"['Jake T. Austin', 'Liam Neeson', 'Steve Buscemi']",20000000,27187375,7187375,35.936875,5.8,72,6.459787,85.0,en
262543,Automata,2014-10-09,2014.0,"['Thriller', 'Science Fiction']",Gabe Ibáñez,"['Antonio Banderas', 'Birgitte Hjort Sørensen', 'Dylan McDermott']",7000000,0,-7000000,-100.0,5.6,670,49.808505,110.0,en
9288,Dungeons & Dragons: Wrath of the Dragon God,2005-01-01,2005.0,"['Action', 'Adventure', 'Fantasy']",Gerry Lively,"['Bruce Payne', 'Mark Dymond', 'Clemency Burton-Hill']",0,0,0,,4.8,36,4.901936,105.0,en
370980,Chiamatemi Francesco - Il Papa della gente,2015-12-03,2015.0,['Drama'],Daniele Luchetti,"['Rodrigo de la Serna', 'Sergio Hernández', 'Àlex Brendemühl']",15000000,0,-15000000,-100.0,7.3,12,0.738646,,it
20083,Shinjuku Incident,2009-03-22,2009.0,"['Drama', 'Action', 'Thriller', 'Crime']",Derek Yee Tung-Sing,"['Jackie Chan', 'Naoto Takenaka', 'Daniel Wu']",15000000,0,-15000000,-100.0,6.7,65,5.294319,119.0,zh
40880,Pandaemonium,2001-06-29,2001.0,"['Drama', 'Foreign']",Julien Temple,"['Linus Roache', 'John Hannah', 'Samantha Morton']",0,0,0,,4.5,2,0.165367,124.0,en
137,Groundhog Day,1993-02-11,1993.0,"['Romance', 'Fantasy', 'Drama', 'Comedy']",Harold Ramis,"['Bill Murray', 'Andie MacDowell', 'Chris Elliott']",14600000,70906973,56306973,385.664198630137,7.4,2301,52.744331,101.0,en
264999,Magic Mike XXL,2015-07-01,2015.0,"['Comedy', 'Drama', 'Music']",Gregory Jacobs,"['Channing Tatum', 'Matt Bomer', 'Joe Manganiello']",14800000,122513057,107713057,727.7909256756757,6.3,706,29.660993,115.0,en
454,Romeo + Juliet,1996-10-31,1996.0,"['Drama', 'Romance']",Baz Luhrmann,"['Leonardo DiCaprio', 'Claire Danes', 'John Leguizamo']",14500000,147298761,132798761,915.853524137931,6.7,1374,41.493042,120.0,en
53457,Sarah's Key,2010-09-16,2010.0,"['Drama', 'War']",Gilles Paquet-Brenner,"['Kristin Scott Thomas', 'Niels Arestrup', 'Frédéric Pierrot']",10000000,17511906,7511906,75.11906,7.2,196,10.072199,111.0,fr
288980,Freedom,2014-08-21,2014.0,['Drama'],Peter Cousens,"['Cuba Gooding Jr.', 'William Sadler', 'Sharon Leal']",14500000,0,-14500000,-100.0,5.8,9,4.389363,98.0,en
33,Unforgiven,1992-08-07,1992.0,['Western'],Clint Eastwood,"['Clint Eastwood', 'Gene Hackman', 'Morgan Freeman']",14000000,159157447,145157447,1036.8389071428571,7.7,1113,37.380435,131.0,en
1951,Manderlay,2005-05-16,2005.0,['Drama'],Lars von Trier,"['Bryce Dallas Howard', 'Isaach De Bankolé', 'Danny Glover']",14200000,674918,-13525082,-95.24705633802817,6.9,78,7.05145,139.0,da
12405,Slumdog Millionaire,2008-05-12,2008.0,"['Drama', 'Romance']",Danny Boyle,"['Dev Patel', 'Freida Pinto', 'Anil Kapoor']",15000000,377910544,362910544,2419.4036266666667,7.6,2827,59.258969,120.0,en
10998,Fatal Attraction,1987-09-11,1987.0,"['Drama', 'Romance', 'Thriller']",Adrian Lyne,"['Michael Douglas', 'Glenn Close', 'Anne Archer']",14000000,320145693,306145693,2186.75495,6.6,291,16.742972,119.0,en
114,Pretty Woman,1990-03-23,1990.0,"['Romance', 'Comedy']",Garry Marshall,"['Julia Roberts', 'Richard Gere', 'Ralph Bellamy']",14000000,463000000,449000000,3207.142857142857,7.0,1746,45.473484,119.0,en
9396,Crocodile Dundee II,1988-05-19,1988.0,"['Adventure', 'Comedy']",John Cornell,"['Paul Hogan', 'Linda Kozlowski', 'John Meillon']",0,239606210,239606210,inf,5.5,303,15.474831,110.0,en
319910,Broken Horses,2015-03-15,2015.0,"['Thriller', 'Mystery', 'Drama', 'Crime']",Vidhu Vinod Chopra,"['María Valverde', ""Vincent D'Onofrio"", 'Thomas Jane']",0,0,0,,5.0,10,4.289676,101.0,en
2604,Born on the Fourth of July,1989-12-20,1989.0,"['Drama', 'War']",Oliver Stone,"['Tom Cruise', 'Raymond J. Barry', 'Caroline Kava']",14000000,161001698,147001698,1050.0121285714285,6.7,395,25.949277,145.0,en
864,Cool Runnings,1993-09-30,1993.0,['Comedy'],Jon Turteltaub,"['Leon Robinson', 'Doug E. Doug', 'Rawle D. Lewis']",14000000,154864401,140864401,1006.1742928571429,6.8,491,22.409117,98.0,en
14435,My Bloody Valentine,2009-01-16,2009.0,"['Mystery', 'Horror']",Patrick Lussier,"['Jensen Ackles', 'Jaime King', 'Kerr Smith']",15000000,100734718,85734718,571.5647866666667,5.3,299,13.706357,101.0,en
1931,Stomp the Yard,2007-05-16,2007.0,"['Drama', 'Music']",Sylvain White,"['Columbus Short', 'Meagan Good', 'Ne-Yo']",13000000,75511123,62511123,480.8547923076923,6.1,88,6.92205,114.0,en
691,The Spy Who Loved Me,1977-07-07,1977.0,"['Adventure', 'Action', 'Thriller']",Lewis Gilbert,"['Roger Moore', 'Barbara Bach', 'Curd Jürgens']",14000000,185438673,171438673,1224.56195,6.6,507,27.17347,125.0,en
9877,Urban Legend,1998-09-25,1998.0,"['Horror', 'Thriller']",Jamie Blanks,"['Alicia Witt', 'Jared Leto', 'Rebecca Gayheart']",14000000,72527595,58527595,418.05424999999997,5.6,290,12.159009,99.0,en
62008,Good Deeds,2012-02-23,2012.0,"['Comedy', 'Drama', 'Romance']",Tyler Perry,"['Tyler Perry', 'Phylicia Rashād', 'Thandie Newton']",0,0,0,,6.2,45,4.448494,111.0,en
12227,White Fang,1991-01-18,1991.0,"['Action', 'Adventure', 'Drama', 'Family']",Randal Kleiser,"['Klaus Maria Brandauer', 'Ethan Hawke', 'Seymour Cassel']",14000000,34793160,20793160,148.52257142857144,6.5,135,13.13724,107.0,en
13824,Superstar,1999-10-08,1999.0,"['Comedy', 'Family']",Bruce McCulloch,"['Molly Shannon', 'Will Ferrell', 'Elaine Hendrix']",0,0,0,,5.1,83,4.04701,81.0,en
71688,The Iron Lady,2011-12-30,2011.0,"['History', 'Drama']",Phyllida Lloyd,"['Meryl Streep', 'Anthony Stewart Head', 'Harry Lloyd']",13000000,114956699,101956699,784.2823,6.2,527,23.3784,105.0,en
15173,Jonah: A VeggieTales Movie,2002-10-04,2002.0,"['Action', 'Adventure', 'Animation', 'Comedy', 'Family', 'Fantasy', 'Romance']",Phil Vischer,"['Phil Vischer', 'Mike Nawrocki', 'Tim Hodge']",0,0,0,,6.4,22,1.446172,82.0,en
8291,Poetic Justice,1993-07-23,1993.0,"['Drama', 'Romance']",John Singleton,"['Janet Jackson', 'Tupac Amaru Shakur', 'Regina King']",14000000,27515786,13515786,96.54132857142858,6.9,47,3.650857,109.0,en
13950,All About the Benjamins,2002-03-08,2002.0,"['Action', 'Adventure', 'Comedy']",Kevin Bray,"['Ice Cube', 'Mike Epps', 'Tommy Flanagan']",14000000,25482931,11482931,82.02093571428571,5.8,48,5.102258,95.0,en
12158,Vampire in Brooklyn,1995-10-27,1995.0,"['Comedy', 'Horror', 'Romance']",Wes Craven,"['Eddie Murphy', 'Angela Bassett', 'Allen Payne']",14000000,19800000,5800000,41.42857142857143,4.5,111,6.772615,100.0,en
11586,Exorcist II: The Heretic,1977-06-17,1977.0,"['Horror', 'Thriller', 'Fantasy']",John Boorman,"['Linda Blair', 'Richard Burton', 'Louise Fletcher']",14000000,30749142,16749142,119.63672857142858,4.5,133,11.543363,118.0,en
10008,An American Haunting,2005-05-05,2005.0,"['Horror', 'Thriller']",Courtney Solomon,"['Donald Sutherland', 'Sissy Spacek', ""James D'Arcy""]",0,0,0,,5.3,142,7.436315,83.0,en
2830,My Boss's Daughter,2003-08-21,2003.0,"['Comedy', 'Romance']",David Zucker,"['Ashton Kutcher', 'Tara Reid', 'Andy Richter']",14000000,0,-14000000,-100.0,4.4,180,14.813614,83.0,en
12403,A Perfect Getaway,2009-06-08,2009.0,"['Thriller', 'Mystery', 'Adventure']",David Twohy,"['Milla Jovovich', 'Timothy Olyphant', 'Steve Zahn']",14000000,22852638,8852638,63.23312857142858,6.2,351,20.792603,98.0,en
34563,Our Family Wedding,2010-03-12,2010.0,['Comedy'],Rick Famuyiwa,"['Forest Whitaker', 'America Ferrera', 'Carlos Mencia']",14000000,21409028,7409028,52.92162857142857,5.7,39,6.733485,103.0,en
14557,Dead Man on Campus,1998-08-21,1998.0,['Comedy'],Alan Cohn,"['Tom Everett Scott', 'Mark-Paul Gosselaar', 'Poppy Montgomery']",0,0,0,,5.6,49,7.708227,96.0,en
10368,Tea with Mussolini,1999-03-25,1999.0,"['Comedy', 'Drama', 'War']",Franco Zeffirelli,"['Cher', 'Judi Dench', 'Joan Plowright']",12000000,21001563,9001563,75.013025,5.8,32,2.238646,117.0,en
10280,Thinner,1996-10-25,1996.0,"['Horror', 'Thriller']",Tom Holland,"['Robert John Burke', 'Joe Mantegna', 'Lucinda Jenney']",0,0,0,,5.5,124,7.866961,92.0,en
12637,"New York, New York",1977-06-21,1977.0,"['Drama', 'Music', 'Romance']",Martin Scorsese,"['Liza Minnelli', 'Robert De Niro', 'Lionel Stander']",0,0,0,,6.1,67,3.876242,155.0,en
34152,Crooklyn,1994-05-13,1994.0,"['Comedy', 'Drama']",Spike Lee,"['Alfre Woodard', 'Delroy Lindo', 'David Patrick Kelly']",0,0,0,,6.7,31,1.89218,115.0,en
14434,I Think I Love My Wife,2007-03-16,2007.0,"['Comedy', 'Romance']",Chris Rock,"['Chris Rock', 'Kerry Washington', 'Gina Torres']",11000000,13196245,2196245,19.965863636363636,5.0,55,4.536745,90.0,en
11470,Jason X,2001-07-24,2001.0,"['Horror', 'Science Fiction']",James Isaac,"['Kane Hodder', 'Lexa Doig', 'Chuck Campbell']",11000000,16951798,5951798,54.107254545454545,4.5,291,11.220643,91.0,en
10741,Bobby,2006-09-05,2006.0,"['History', 'Drama']",Emilio Estevez,"['Anthony Hopkins', 'Heather Graham', 'Ashton Kutcher']",0,0,0,,6.4,119,11.706309,120.0,en
24940,Head Over Heels,2001-02-02,2001.0,"['Comedy', 'Romance']",Mark Waters,"['Monica Potter', 'Freddie Prinze Jr.', 'Shalom Harlow']",14000000,10424470,-3575530,-25.539499999999997,5.3,73,4.66723,86.0,en
82679,Fun Size,2012-10-25,2012.0,['Comedy'],Josh Schwartz,"['Victoria Justice', 'Jackson Nicoll', 'Chelsea Handler']",14000000,11417362,-2582638,-18.447414285714288,5.5,134,7.487843,87.0,en
2013,The Diving Bell and the Butterfly,2007-05-22,2007.0,['Drama'],Julian Schnabel,"['Mathieu Amalric', 'Emmanuelle Seigner', 'Marie-Josée Croze']",14000000,19777647,5777647,41.268907142857145,7.4,283,13.65494,112.0,fr
1440,Little Children,2006-10-06,2006.0,"['Romance', 'Drama']",Todd Field,"['Kate Winslet', 'Patrick Wilson', 'Jennifer Connelly']",26000000,14821658,-11178342,-42.99362307692308,6.9,240,11.942862,136.0,en
18041,Gossip,2000-04-21,2000.0,"['Drama', 'Mystery', 'Thriller']",Davis Guggenheim,"['Joshua Jackson', 'James Marsden', 'Kate Hudson']",14000000,5108820,-8891180,-63.508428571428574,5.5,68,5.833687,90.0,en
28029,A Walk on the Moon,1999-01-29,1999.0,"['Drama', 'Romance']",Tony Goldwyn,"['Diane Lane', 'Viggo Mortensen', 'Liev Schreiber']",14000000,0,-14000000,-100.0,6.2,21,6.370267,107.0,en
1123,Catch a Fire,2006-10-27,2006.0,"['Action', 'Drama', 'Thriller']",Phillip Noyce,"['Tim Robbins', 'Derek Luke', 'Bonnie Henna']",0,4291965,4291965,inf,6.4,25,4.052219,101.0,en
14033,Soul Survivors,2001-09-06,2001.0,"['Horror', 'Mystery', 'Thriller']",Stephen Carpenter,"['Eliza Dushku', 'Melissa Sagemiller', 'Wes Bentley']",0,0,0,,4.4,49,3.231848,84.0,en
87729,Jefferson in Paris,1995-03-31,1995.0,"['Drama', 'Romance']",James Ivory,"['Nick Nolte', 'Greta Scacchi', 'Thandie Newton']",14000000,2474000,-11526000,-82.32857142857142,5.2,10,0.900442,139.0,en
16899,Easy Virtue,2008-01-01,2008.0,"['Comedy', 'Romance']",Stephan Elliott,"['Jessica Biel', 'Ben Barnes', 'Kristin Scott Thomas']",0,0,0,,6.3,108,8.387573,93.0,en
41317,Caravans,1978-11-02,1978.0,"['Action', 'Adventure', 'Drama', 'Romance']",James Fargo,"['Anthony Quinn', ""Jennifer O'Neill"", 'Michael Sarrazin']",0,0,0,,5.8,1,0.633004,127.0,en
245700,Mr. Turner,2014-10-31,2014.0,"['History', 'Drama']",Mike Leigh,"['Timothy Spall', 'Dorothy Atkinson', 'Marion Bailey']",0,5405500,5405500,inf,6.3,204,9.242554,150.0,en
37842,Wild Grass,2009-05-20,2009.0,"['Drama', 'Romance']",Alain Resnais,"['André Dussollier', 'Sabine Azéma', 'Emmanuelle Devos']",0,0,0,,5.8,22,1.866443,104.0,fr
9045,Amen.,2002-02-13,2002.0,"['Drama', 'History']",Costa-Gavras,"['Ulrich Tukur', 'Mathieu Kassovitz', 'Ulrich Mühe']",0,0,0,,7.1,75,5.930533,132.0,fr
44092,Reign of Assassins,2010-09-01,2010.0,"['History', 'Action']",John Woo,"['Michelle Yeoh', 'Jung Woo-sung', 'Wang Xue-qi']",12000000,0,-12000000,-100.0,6.7,57,4.930129,117.0,zh
16005,The Lucky Ones,2008-09-26,2008.0,"['Comedy', 'Drama', 'History']",Neil Burger,"['Tim Robbins', 'Rachel McAdams', 'Michael Peña']",0,0,0,,6.3,55,8.747922,113.0,en
44754,Margaret,2011-09-30,2011.0,['Drama'],Kenneth Lonergan,"['Anna Paquin', 'Matt Damon', 'Mark Ruffalo']",14000000,46495,-13953505,-99.66789285714286,6.1,86,4.898424,149.0,en
23988,Stan Helsing,2009-10-27,2009.0,"['Comedy', 'Horror']",Bo Zenga,"['Diora Baird', 'Leslie Nielsen', 'Steve Howey']",108,0,-108,-100.0,4.0,97,7.410523,90.0,en
43949,Flipped,2010-08-06,2010.0,"['Romance', 'Drama']",Rob Reiner,"['Madeline Carroll', 'Callan McAuliffe', 'Rebecca De Mornay']",14000000,1755212,-12244788,-87.46277142857143,7.4,418,24.210698,89.0,en
142,Brokeback Mountain,2005-09-02,2005.0,"['Drama', 'Romance']",Ang Lee,"['Heath Ledger', 'Jake Gyllenhaal', 'Randy Quaid']",14000000,178043761,164043761,1171.74115,7.5,1480,44.135568,134.0,en
9603,Clueless,1995-07-19,1995.0,"['Comedy', 'Drama', 'Romance']",Amy Heckerling,"['Alicia Silverstone', 'Stacey Dash', 'Brittany Murphy']",12000000,0,-12000000,-100.0,6.9,803,16.051328,97.0,en
10712,Far from Heaven,2002-09-01,2002.0,"['Drama', 'Romance']",Todd Haynes,"['Julianne Moore', 'Dennis Quaid', 'Dennis Haysbert']",13500000,29027914,15527914,115.02158518518519,6.9,144,9.982885,107.0,en
243938,Hot Tub Time Machine 2,2015-02-20,2015.0,['Comedy'],Steve Pink,"['Rob Corddry', 'Craig Robinson', 'Clark Duke']",14000000,12314651,-1685349,-12.038207142857143,5.0,354,16.618874,93.0,en
10876,Quills,2000-11-22,2000.0,['Drama'],Philip Kaufman,"['Geoffrey Rush', 'Kate Winslet', 'Joaquin Phoenix']",13500000,7060876,-6439124,-47.697214814814814,6.8,128,7.261196,124.0,en
86838,Seven Psychopaths,2012-09-07,2012.0,"['Comedy', 'Crime']",Martin McDonagh,"['Colin Farrell', 'Sam Rockwell', 'Woody Harrelson']",15000000,19422261,4422261,29.481740000000002,6.7,1206,32.306455,110.0,en
25208,The Caveman's Valentine,2001-01-19,2001.0,"['Drama', 'Mystery', 'Thriller']",Kasi Lemmons,"['Samuel L. Jackson', 'Colm Feore', 'Ann Magnuson']",0,0,0,,6.0,27,4.722403,105.0,en
613,Downfall,2004-09-08,2004.0,"['Drama', 'History', 'War']",Oliver Hirschbiegel,"['Bruno Ganz', 'Alexandra Maria Lara', 'Corinna Harfouch']",18339750,92180910,73841160,402.62904347114875,7.7,1037,32.445895,156.0,de
1913,The Sea Inside,2004-09-03,2004.0,['Drama'],Alejandro Amenábar,"['Javier Bardem', 'Belén Rueda', 'Lola Dueñas']",12806000,38535221,25729221,200.91535998750584,7.2,219,17.363739,125.0,es
97370,Under the Skin,2014-03-14,2014.0,"['Thriller', 'Science Fiction', 'Drama']",Jonathan Glazer,"['Scarlett Johansson', 'Kryštof Hádek', 'Paul Brannigan']",13300000,5380251,-7919749,-59.546984962406015,6.0,1102,29.782161,108.0,en
801,"Good Morning, Vietnam",1987-12-23,1987.0,"['Comedy', 'Drama', 'War']",Barry Levinson,"['Robin Williams', 'Forest Whitaker', 'Tung Thanh Tran']",13000000,123922370,110922370,853.2489999999999,7.1,642,18.362333,121.0,en
70829,The Last Godfather,2010-12-29,2010.0,"['Action', 'Comedy', 'Thriller']",Shim Hyung-Rae,"['Harvey Keitel', 'Jason Mewes', 'Blake Clark']",13400000,16700000,3300000,24.62686567164179,4.7,7,0.680753,100.0,en
54518,Justin Bieber: Never Say Never,2011-02-11,2011.0,"['Documentary', 'Music', 'Family']",Jon M. Chu,"['Justin Bieber', 'Miley Cyrus', 'Usher Raymond']",13000000,98441954,85441954,657.2458,4.8,154,6.735922,105.0,en
44214,Black Swan,2010-12-02,2010.0,"['Drama', 'Thriller']",Darren Aronofsky,"['Natalie Portman', 'Mila Kunis', 'Vincent Cassel']",13000000,327803731,314803731,2421.5671615384613,7.3,4430,91.285683,108.0,en
240,The Godfather: Part II,1974-12-20,1974.0,"['Drama', 'Crime']",Francis Ford Coppola,"['Al Pacino', 'Robert Duvall', 'Diane Keaton']",13000000,47542841,34542841,265.71416153846155,8.3,3338,105.792936,200.0,en
9816,Save the Last Dance,2001-01-12,2001.0,"['Drama', 'Family', 'Romance', 'Music']",Thomas Carter,"['Julia Stiles', 'Sean Patrick Thomas', 'Kerry Washington']",13000000,91038276,78038276,600.2944307692308,6.3,352,9.969624,112.0,en
10131,A Nightmare on Elm Street 4: The Dream Master,1988-08-19,1988.0,"['Horror', 'Thriller']",Renny Harlin,"['Robert Englund', 'Tuesday Knight', 'Ken Sagoes']",7000000,72500000,65500000,935.7142857142858,5.8,281,17.113408,99.0,en
339984,Miracles from Heaven,2016-03-17,2016.0,['Drama'],Patricia Riggen,"['Jennifer Garner', 'Kylie Rogers', 'Martin Henderson']",16000000,77000000,61000000,381.25,6.7,186,10.248439,117.0,en
8859,"Dude, Where’s My Car?",2000-12-15,2000.0,['Comedy'],Danny Leiner,"['Ashton Kutcher', 'Seann William Scott', 'Kristy Swanson']",13000000,73180723,60180723,462.92863846153847,5.2,509,25.316146,83.0,en
11967,Young Guns,1988-08-12,1988.0,"['Crime', 'Action', 'Adventure', 'Drama', 'Western']",Christopher Cain,"['Emilio Estevez', 'Kiefer Sutherland', 'Lou Diamond Phillips']",13000000,44726644,31726644,244.0511076923077,6.6,258,9.499325,107.0,en
239563,St. Vincent,2014-10-09,2014.0,['Comedy'],Theodore Melfi,"['Bill Murray', 'Melissa McCarthy', 'Naomi Watts']",13000000,54837234,41837234,321.82487692307694,7.1,763,43.791745,102.0,en
222899,About Last Night,2014-02-14,2014.0,"['Comedy', 'Romance']",Steve Pink,"['Kevin Hart', 'Michael Ealy', 'Regina Hall']",12500000,49002684,36502684,292.021472,6.0,210,11.828068,100.0,en
4951,10 Things I Hate About You,1999-03-30,1999.0,"['Comedy', 'Romance', 'Drama']",Gil Junger,"['Heath Ledger', 'Julia Stiles', 'Joseph Gordon-Levitt']",16000000,53478166,37478166,234.2385375,7.3,1701,54.550275,97.0,en
10985,The New Guy,2002-05-10,2002.0,"['Comedy', 'Family']",Ed Decter,"['DJ Qualls', 'Eliza Dushku', 'Zooey Deschanel']",13000000,0,-13000000,-100.0,5.7,151,13.525704,88.0,en
9644,National Lampoon's Loaded Weapon 1,1993-02-04,1993.0,['Comedy'],Gene Quintano,"['Emilio Estevez', 'Samuel L. Jackson', 'Jon Lovitz']",0,0,0,,5.7,157,12.963328,84.0,en
332567,The Shallows,2016-06-24,2016.0,"['Horror', 'Drama', 'Thriller']",Jaume Collet-Serra,"['Blake Lively', 'Óscar Jaenada', 'Angelo Josue Lozano Corzo']",17000000,119100758,102100758,600.592694117647,6.2,1567,60.829621,86.0,en
1954,The Butterfly Effect,2004-01-22,2004.0,"['Science Fiction', 'Thriller']",Eric Bress,"['Ashton Kutcher', 'Melora Walters', 'Amy Smart']",13000000,96060858,83060858,638.929676923077,7.3,2060,73.307513,113.0,en
15489,Snow Day,2000-02-11,2000.0,"['Comedy', 'Family']",Chris Koch,"['Chevy Chase', 'Chris Elliott', 'Jean Smart']",0,0,0,,4.8,51,7.964289,89.0,en
15250,This Christmas,2007-11-27,2007.0,"['Comedy', 'Drama']",Preston A. Whitmore II,"['Loretta Devine', 'Delroy Lindo', 'Idris Elba']",13000000,0,-13000000,-100.0,7.1,29,2.388918,117.0,en
22345,Baby Geniuses,1999-03-12,1999.0,"['Science Fiction', 'Comedy', 'Family']",Bob Clark,"['Kathleen Turner', 'Christopher Lloyd', 'Kim Cattrall']",12000000,36450736,24450736,203.7561333333333,3.3,75,4.580081,97.0,en
9448,The Big Hit,1998-04-24,1998.0,"['Action', 'Adventure', 'Comedy', 'Thriller']",Kirk Wong,"['Mark Wahlberg', 'Lou Diamond Phillips', 'Christina Applegate']",13000000,27007143,14007143,107.74725384615384,6.1,109,6.425528,91.0,en
38223,Harriet the Spy,1996-07-10,1996.0,"['Comedy', 'Drama', 'Family']",Bronwen Hughes,"['Michelle Trachtenberg', ""Rosie O'Donnell"", 'J. Smith-Cameron']",12000000,0,-12000000,-100.0,5.7,46,4.63093,100.0,en
11186,Child's Play 2,1990-11-09,1990.0,"['Drama', 'Horror']",John Lafia,"['Alex Vincent', 'Jenny Agutter', 'Gerrit Graham']",13000000,35763605,22763605,175.10465384615387,5.8,308,16.681567,84.0,en
136835,No Good Deed,2014-09-10,2014.0,"['Crime', 'Thriller']",Sam Miller,"['Idris Elba', 'Taraji P. Henson', 'Leslie Bibb']",13200000,53830415,40630415,307.8061742424242,5.6,181,24.656068,83.0,en
5876,The Mist,2007-11-21,2007.0,"['Science Fiction', 'Horror', 'Thriller']",Frank Darabont,"['Thomas Jane', 'Marcia Gay Harden', 'Laurie Holden']",18000000,57096190,39096190,217.20105555555557,6.7,1399,37.104353,126.0,en
264660,Ex Machina,2015-01-21,2015.0,"['Drama', 'Science Fiction']",Alex Garland,"['Domhnall Gleeson', 'Alicia Vikander', 'Oscar Isaac']",15000000,36869414,21869414,145.79609333333335,7.6,4737,95.130041,108.0,en
492,Being John Malkovich,1999-09-30,1999.0,"['Fantasy', 'Drama', 'Comedy']",Spike Jonze,"['John Cusack', 'Cameron Diaz', 'Catherine Keener']",13000000,22863596,9863596,75.87381538461538,7.3,1101,27.546914,112.0,en
25462,Two Can Play That Game,2001-09-07,2001.0,"['Comedy', 'Romance']",Mark Brown,"['Vivica A. Fox', 'Morris Chestnut', 'Anthony Anderson']",6000000,0,-6000000,-100.0,6.6,17,2.27213,90.0,en
238603,Earth to Echo,2014-06-14,2014.0,"['Family', 'Adventure', 'Science Fiction']",Dave Green,"['Teo Halm', 'Astro', 'Resse Hartwig']",13000000,45300000,32300000,248.46153846153845,5.7,290,17.371327,89.0,en
10691,Crazy/Beautiful,2001-06-29,2001.0,"['Drama', 'Romance']",John Stockwell,"['Kirsten Dunst', 'Jay Hernandez', 'Bruce Davison']",13000000,16929123,3929123,30.22402307692308,6.6,96,6.130096,99.0,en
1251,Letters from Iwo Jima,2006-12-19,2006.0,"['Action', 'Adventure', 'Drama', 'War']",Clint Eastwood,"['Ken Watanabe', 'Kazunari Ninomiya', 'Tsuyoshi Ihara']",19000000,68673228,49673228,261.43804210526315,7.2,541,24.47248,141.0,en
5172,The Astronaut Farmer,2006-10-15,2006.0,"['Adventure', 'Comedy', 'Drama', 'Science Fiction']",Michael Polish,"['Billy Bob Thornton', 'Virginia Madsen', 'Max Thieriot']",13000000,11130889,-1869111,-14.377776923076924,6.2,123,6.764437,104.0,en
58680,Woo,1998-05-08,1998.0,"['Comedy', 'Romance']",Daisy von Scherler Mayer,"['Jada Pinkett Smith', 'Tommy Davidson', 'Duane Martin']",13000000,8026971,-4973029,-38.25406923076923,5.5,10,1.750054,84.0,en
264644,Room,2015-10-16,2015.0,"['Drama', 'Thriller']",Lenny Abrahamson,"['Brie Larson', 'Jacob Tremblay', 'Joan Allen']",6000000,35401758,29401758,490.0293,8.1,2757,66.11334,117.0,en
14577,Dirty Work,1998-06-12,1998.0,['Comedy'],Bob Saget,"['Norm Macdonald', 'Artie Lange', 'Jack Warden']",0,0,0,,6.5,66,9.066881,82.0,en
11592,Serial Mom,1994-04-13,1994.0,"['Comedy', 'Crime', 'Horror', 'Thriller']",John Waters,"['Kathleen Turner', 'Sam Waterston', 'Ricki Lake']",13000000,7820688,-5179312,-39.84086153846154,6.4,135,6.170139,95.0,en
16406,Dick,1999-08-04,1999.0,['Comedy'],Andrew Fleming,"['Kirsten Dunst', 'Michelle Williams', 'Will Ferrell']",13000000,27500000,14500000,111.53846153846155,5.7,67,4.742537,94.0,en
19052,Light It Up,1999-11-04,1999.0,"['Drama', 'Thriller']",Craig Bolotin,"['Usher Raymond', 'Vanessa Williams', 'Forest Whitaker']",0,0,0,,6.6,7,1.212956,99.0,en
3682,54,1998-08-28,1998.0,"['Music', 'Drama']",Mark Christopher,"['Ryan Phillippe', 'Salma Hayek', 'Breckin Meyer']",13000000,16757163,3757163,28.901253846153846,5.5,135,11.880899,106.0,en
9683,Bubble Boy,2001-08-24,2001.0,"['Adventure', 'Comedy', 'Drama', 'Romance']",Blair Hayes,"['Jake Gyllenhaal', 'Swoosie Kurtz', 'Marley Shelton']",0,0,0,,5.1,163,10.131123,84.0,en
2084,Birthday Girl,2001-09-06,2001.0,"['Comedy', 'Crime', 'Thriller']",Jez Butterworth,"['Nicole Kidman', 'Ben Chaplin', 'Vincent Cassel']",13000000,0,-13000000,-100.0,6.1,103,5.831302,93.0,en
107811,21 & Over,2013-03-01,2013.0,['Comedy'],Jon Lucas,"['Miles Teller', 'Skylar Astin', 'Justin Chon']",13000000,48065672,35065672,269.73593846153847,5.7,737,35.522027,93.0,en
2266,"Paris, je t'aime",2006-05-16,2006.0,"['Drama', 'Romance']",Isabel Coixet,"['Steve Buscemi', 'Natalie Portman', 'Willem Dafoe']",13000000,4857367,-8142633,-62.635638461538456,6.8,207,10.573191,120.0,fr
13074,Resurrecting the Champ,2007-06-14,2007.0,['Drama'],Rod Lurie,"['Samuel L. Jackson', 'Josh Hartnett', 'Alan Alda']",0,0,0,,5.9,60,4.898437,112.0,en
144340,Admission,2013-03-21,2013.0,"['Comedy', 'Drama', 'Romance']",Paul Weitz,"['Tina Fey', 'Paul Rudd', 'Michael Sheen']",13000000,18000000,5000000,38.46153846153847,5.4,304,17.632446,107.0,en
48217,The Widow of Saint-Pierre,2000-01-01,2000.0,"['Romance', 'Drama']",Patrice Leconte,"['Daniel Auteuil', 'Emir Kusturica', 'Juliette Binoche']",0,0,0,,6.7,11,1.780065,112.0,en
28211,Chloe,2009-03-25,2009.0,"['Drama', 'Thriller', 'Mystery']",Atom Egoyan,"['Julianne Moore', 'Liam Neeson', 'Amanda Seyfried']",15000000,8459458,-6540542,-43.603613333333335,5.9,498,26.373864,96.0,en
47502,Faithful,1996-04-03,1996.0,"['Comedy', 'Crime', 'Drama']",Paul Mazursky,"['Cher', 'Chazz Palminteri', ""Ryan O'Neal""]",13000000,9789900,-3210100,-24.693076923076923,4.8,4,1.647335,91.0,en
9950,Find Me Guilty,2006-03-16,2006.0,"['Drama', 'Action', 'Comedy', 'Crime']",Sidney Lumet,"['Vin Diesel', 'Alex Rocco', 'Frank Pietrangolare']",13000000,2636637,-10363363,-79.71817692307692,6.5,138,12.321302,125.0,en
84892,The Perks of Being a Wallflower,2012-09-20,2012.0,"['Drama', 'Romance']",Stephen Chbosky,"['Logan Lerman', 'Emma Watson', 'Ezra Miller']",13000000,33400000,20400000,156.92307692307693,7.7,2968,43.444135,102.0,en
24227,Excessive Force,1993-05-14,1993.0,['Action'],Jon Hess,"['Thomas Ian Griffith', 'Lance Henriksen', 'James Earl Jones']",3000000,1200000,-1800000,-60.0,4.5,10,1.279106,87.0,en
9672,Infamous,2006-11-16,2006.0,['Drama'],Douglas McGrath,"['Sigourney Weaver', 'Toby Jones', 'Gwyneth Paltrow']",13000000,1151330,-11848670,-91.14361538461539,6.4,60,3.680896,110.0,en
44853,The Claim,2000-12-29,2000.0,"['Drama', 'Romance', 'Western']",Michael Winterbottom,"['Peter Mullan', 'Milla Jovovich', 'Wes Bentley']",0,0,0,,5.6,17,2.996284,120.0,en
157544,The Vatican Tapes,2015-07-24,2015.0,"['Thriller', 'Horror']",Mark Neveldine,"['Olivia Taylor Dudley', 'Michael Peña', 'Djimon Hounsou']",13000000,1784763,-11215237,-86.27105384615385,4.6,243,10.475368,91.0,en
59678,Attack the Block,2011-05-12,2011.0,"['Action', 'Comedy', 'Science Fiction']",Joe Cornish,"['Nick Frost', 'Jodie Whittaker', 'John Boyega']",14350531,3964682,-10385849,-72.37257631790767,6.3,733,30.952377,88.0,en
79777,In the Land of Blood and Honey,2011-12-23,2011.0,"['Drama', 'Romance', 'War']",Angelina Jolie,"['Zana Marjanović', 'Goran Kostić', 'Branko Đurić']",10000000,303877,-9696123,-96.96123,5.8,45,4.267466,127.0,en
158011,The Call,2013-03-14,2013.0,"['Crime', 'Thriller']",Brad Anderson,"['Halle Berry', 'Abigail Breslin', 'Morris Chestnut']",13000000,68572378,55572378,427.4798307692308,6.6,1257,34.532418,94.0,en
407887,Operation Chromite,2016-07-27,2016.0,"['History', 'Drama', 'War', 'Action']",John H. Lee,"['Lee Jung-jae', 'Liam Neeson', 'Lee Beom-soo']",0,0,0,,5.8,29,6.116436,110.0,ko
17043,The Crocodile Hunter: Collision Course,2002-07-26,2002.0,"['Family', 'Action', 'Adventure']",John Stainton,"['Steve Irwin', 'Terri Irwin', 'Magda Szubanski']",0,33082548,33082548,inf,5.3,34,1.714972,90.0,en
8952,I Love You Phillip Morris,2009-01-18,2009.0,"['Comedy', 'Drama', 'Romance']",Glenn Ficarra,"['Jim Carrey', 'Ewan McGregor', 'Leslie Mann']",13000000,10652035,-2347965,-18.06126923076923,6.4,503,19.664699,98.0,en
62204,Quest for Fire,1981-12-15,1981.0,"['Adventure', 'Drama']",Jean-Jacques Annaud,"['Everett McGill', 'Ron Perlman', 'Nicholas Kadi']",12000000,55260558,43260558,360.50464999999997,7.1,109,6.537986,100.0,xx
13435,Antwone Fisher,2002-12-19,2002.0,"['Drama', 'Romance']",Denzel Washington,"['Derek Luke', 'Malcolm David Kelley', 'Cory Hodges']",12500000,23367586,10867586,86.940688,6.7,137,13.349012,120.0,en
17187,The Emperor's Club,2002-11-22,2002.0,"['Drama', 'Romance']",Michael Hoffman,"['Kevin Kline', 'Emile Hirsch', 'Embeth Davidtz']",0,0,0,,6.9,96,6.796079,108.0,en
319,True Romance,1993-09-09,1993.0,"['Action', 'Thriller', 'Crime', 'Romance']",Tony Scott,"['Christian Slater', 'Patricia Arquette', 'Michael Rapaport']",12500000,12281551,-218449,-1.7475919999999998,7.5,749,35.268557,120.0,en
59457,Womb,2010-07-15,2010.0,"['Romance', 'Science Fiction']",Benedek Fliegauf,"['Eva Green', 'Matt Smith', 'Lesley Manville']",3100000,0,-3100000,-100.0,5.9,92,7.453347,111.0,en
9504,Glengarry Glen Ross,1992-09-15,1992.0,"['Crime', 'Drama', 'Mystery']",James Foley,"['Al Pacino', 'Jack Lemmon', 'Alec Baldwin']",12500000,10725228,-1774772,-14.198176000000002,7.5,323,13.939054,100.0,en
37414,The Killer Inside Me,2010-02-19,2010.0,"['Crime', 'Drama', 'Thriller']",Michael Winterbottom,"['Casey Affleck', 'Kate Hudson', 'Jessica Alba']",13000000,0,-13000000,-100.0,6.0,173,11.892615,109.0,en
6217,Cat People,1982-04-02,1982.0,"['Drama', 'Fantasy', 'Horror', 'Thriller']",Paul Schrader,"['Nastassja Kinski', 'Malcolm McDowell', 'John Heard']",0,0,0,,6.0,94,5.69872,118.0,en
26688,Sorority Row,2009-09-09,2009.0,"['Horror', 'Mystery', 'Thriller']",Stewart Hendler,"['Rumer Willis', 'Briana Evigan', 'Jamie Chung']",12500000,27206120,14706120,117.64896,5.4,177,8.780512,101.0,en
43867,The Prisoner of Zenda,1937-09-03,1937.0,"['Adventure', 'Drama', 'Romance']",John Cromwell,"['Ronald Colman', 'Madeleine Carroll', 'Raymond Massey']",0,0,0,,8.4,11,4.021389,101.0,en
6615,Lars and the Real Girl,2007-10-12,2007.0,"['Comedy', 'Romance', 'Drama']",Craig Gillespie,"['Ryan Gosling', 'Emily Mortimer', 'Paul Schneider']",12000000,11293663,-706337,-5.886141666666667,7.1,509,15.817096,106.0,en
14574,The Boy in the Striped Pyjamas,2008-05-07,2008.0,"['War', 'Drama']",Mark Herman,"['Asa Butterfield', 'Jack Scanlon', 'Vera Farmiga']",12500000,20416563,7916563,63.332504,7.7,1451,34.821223,94.0,en
16,Dancer in the Dark,2000-05-17,2000.0,"['Drama', 'Crime', 'Music']",Lars von Trier,"['Björk', 'Catherine Deneuve', 'David Morse']",12800000,40031879,27231879,212.74905468749998,7.6,377,22.022228,140.0,en
39780,Oscar and Lucinda,1997-12-31,1997.0,"['Drama', 'Romance']",Gillian Armstrong,"['Ralph Fiennes', 'Cate Blanchett', 'Ciarán Hinds']",0,0,0,,6.2,25,0.139384,132.0,en
21612,The Funeral,1996-01-26,1996.0,"['Crime', 'Drama']",Abel Ferrara,"['Christopher Walken', 'Chris Penn', 'Annabella Sciorra']",12500000,1227324,-11272676,-90.18140799999999,7.3,31,2.950618,99.0,en
36691,Solitary Man,2009-09-07,2009.0,"['Comedy', 'Drama', 'Romance']",Brian Koppelman,"['Michael Douglas', 'Danny DeVito', 'Jesse Eisenberg']",15000000,5024782,-9975218,-66.50145333333334,5.8,84,7.497306,90.0,en
23631,Machete,2010-09-01,2010.0,"['Action', 'Comedy', 'Thriller']",Robert Rodriguez,"['Danny Trejo', 'Michelle Rodriguez', 'Jessica Alba']",20000000,31327899,11327899,56.639495,6.3,1150,26.396191,105.0,en
45324,Casino Jack,2010-09-16,2010.0,"['Crime', 'Comedy', 'Drama']",George Hickenlooper,"['Kevin Spacey', 'Kelly Preston', 'Hannah Endicott-Douglas']",12500000,1083683,-11416317,-91.330536,6.0,94,6.546037,108.0,en
12144,The Land Before Time,1988-11-18,1988.0,"['Animation', 'Adventure', 'Family']",Don Bluth,"['Gabriel Damon', 'Candace Hutson', 'Judith Barsi']",12300000,84460846,72160846,586.6735447154472,7.0,640,28.670193,69.0,en
11658,Tae Guk Gi: The Brotherhood of War,2004-02-05,2004.0,"['Action', 'Adventure', 'Drama', 'History', 'War']",Kang Je-gyu,"['Jang Dong-gun', 'Won Bin', 'Lee Eun-ju']",0,15,15,inf,7.4,133,9.572705,140.0,ko
56601,The Perfect Game,2010-04-01,2010.0,"['Drama', 'Family']",William Dear,"['Clifton Collins Jr', 'Cheech Marin', 'Moisés Arias']",12500000,3878993,-8621007,-68.968056,6.3,30,0.903529,118.0,en
9552,The Exorcist,1973-12-26,1973.0,"['Drama', 'Horror', 'Thriller']",William Friedkin,"['Linda Blair', 'Max von Sydow', 'Ellen Burstyn']",8000000,441306145,433306145,5416.3268125,7.5,2005,47.584643,122.0,en
578,Jaws,1975-06-18,1975.0,"['Horror', 'Thriller', 'Adventure']",Steven Spielberg,"['Roy Scheider', 'Robert Shaw', 'Richard Dreyfuss']",7000000,470654000,463654000,6623.628571428571,7.5,2542,50.152327,124.0,en
2105,American Pie,1999-07-09,1999.0,"['Comedy', 'Romance']",Chris Weitz,"['Jason Biggs', 'Chris Klein', 'Thomas Ian Nicholas']",11000000,235483004,224483004,2040.754581818182,6.4,2296,60.767168,95.0,en
126319,Ernest & Celestine,2012-12-12,2012.0,"['Animation', 'Comedy', 'Drama', 'Family']",Stéphane Aubier,"['Anne-Marie Loop', 'Lambert Wilson', 'Pauline Brunner']",12516654,8109160,-4407494,-35.213036966588675,7.6,142,11.103202,78.0,fr
10136,The Golden Child,1986-12-12,1986.0,"['Action', 'Adventure', 'Comedy']",Michael Ritchie,"['Eddie Murphy', 'Charles Dance', 'Charlotte Lewis']",25000000,79817939,54817939,219.271756,5.6,304,15.26213,94.0,en
67660,Think Like a Man,2012-04-16,2012.0,"['Comedy', 'Romance']",Tim Story,"['Michael Ealy', 'Jerry Ferrara', 'Meagan Good']",12000000,96070507,84070507,700.5875583333333,6.9,281,6.035152,122.0,en
10611,Barbershop,2002-04-01,2002.0,"['Comedy', 'Drama']",Tim Story,"['Ice Cube', 'Anthony Anderson', 'Cedric the Entertainer']",12000000,75781642,63781642,531.5136833333333,6.2,137,10.297189,102.0,en
154,Star Trek II: The Wrath of Khan,1982-06-03,1982.0,"['Action', 'Adventure', 'Science Fiction', 'Thriller']",Nicholas Meyer,"['William Shatner', 'Leonard Nimoy', 'DeForest Kelley']",12000000,96800000,84800000,706.6666666666666,7.3,675,22.434102,113.0,en
3049,Ace Ventura: Pet Detective,1994-02-04,1994.0,"['Comedy', 'Mystery']",Tom Shadyac,"['Jim Carrey', 'Sean Young', 'Courteney Cox']",15000000,107217396,92217396,614.7826399999999,6.4,1648,41.249004,86.0,en
860,WarGames,1983-06-03,1983.0,"['Thriller', 'Science Fiction']",John Badham,"['Matthew Broderick', 'Dabney Coleman', 'Ally Sheedy']",12000000,79567667,67567667,563.0638916666667,7.0,504,23.161754,114.0,en
9281,Witness,1985-02-08,1985.0,"['Crime', 'Drama', 'Romance', 'Thriller']",Peter Weir,"['Harrison Ford', 'Kelly McGillis', 'Josef Sommer']",12000000,68706993,56706993,472.558275,7.0,375,19.195399,113.0,en
75674,Act of Valor,2012-02-24,2012.0,"['Action', 'Thriller', 'War']",Mike McCoy,"['Roselyn Sánchez', 'Emilio Rivera', 'Nestor Serrano']",12000000,81272766,69272766,577.27305,6.3,417,21.958055,110.0,en
9762,Step Up,2006-08-11,2006.0,"['Music', 'Drama', 'Romance', 'Crime']",Anne Fletcher,"['Channing Tatum', 'Jenna Dewan', 'Damaine Radcliff']",12000000,114194847,102194847,851.6237249999999,6.7,1060,45.477802,104.0,en
3179,Beavis and Butt-Head Do America,1996-12-15,1996.0,"['Animation', 'Comedy']",Mike Judge,"['Mike Judge', 'Bruce Willis', 'Demi Moore']",12000000,0,-12000000,-100.0,6.5,168,12.60629,81.0,en
184,Jackie Brown,1997-12-24,1997.0,"['Comedy', 'Crime', 'Romance']",Quentin Tarantino,"['Pam Grier', 'Samuel L. Jackson', 'Robert Forster']",12000000,39673162,27673162,230.60968333333332,7.3,1514,40.631671,154.0,en
13335,Harold & Kumar Escape from Guantanamo Bay,2008-04-25,2008.0,"['Comedy', 'Adventure']",Jon Hurwitz,"['John Cho', 'Kal Penn', 'Neil Patrick Harris']",12000000,43493123,31493123,262.4426916666667,6.2,497,26.219598,107.0,en
76726,Chronicle,2012-02-01,2012.0,"['Science Fiction', 'Drama', 'Thriller']",Josh Trank,"['Dane DeHaan', 'Alex Russell', 'Michael B. Jordan']",15000000,145000000,130000000,866.6666666666666,6.6,1935,64.504747,84.0,en
10269,Yentl,1983-11-18,1983.0,"['Music', 'Drama', 'Romance']",Barbra Streisand,"['Barbra Streisand', 'Mandy Patinkin', 'Amy Irving']",12000000,30400000,18400000,153.33333333333334,6.2,51,3.389249,132.0,en
36819,Time Bandits,1981-07-13,1981.0,"['Family', 'Fantasy', 'Science Fiction', 'Adventure', 'Comedy']",Terry Gilliam,"['Sean Connery', 'John Cleese', 'Shelley Duvall']",5000000,42365581,37365581,747.31162,6.6,249,14.779537,116.0,en
17130,Crossroads,2002-02-15,2002.0,"['Action', 'Adventure', 'Comedy', 'Drama', 'Family', 'Music', 'Romance']",Tamra Davis,"['Britney Spears', 'Zoe Saldana', 'Taryn Manning']",12000000,61141030,49141030,409.5085833333333,4.7,158,6.703319,93.0,en
57214,Project X,2012-03-01,2012.0,"['Comedy', 'Crime']",Nima Nourizadeh,"['Oliver Cooper', 'Jonathan Daniel Brown', 'Thomas Mann']",12000000,100000000,88000000,733.3333333333333,6.5,1564,49.070321,88.0,en
11202,Patton,1970-01-25,1970.0,"['Drama', 'History', 'War']",Franklin J. Schaffner,"['George C. Scott', 'Karl Malden', 'Stephen Young']",12000000,89800000,77800000,648.3333333333334,7.3,323,21.933822,172.0,en
9357,One Hour Photo,2002-08-21,2002.0,"['Horror', 'Thriller']",Mark Romanek,"['Robin Williams', 'Connie Nielsen', 'Michael Vartan']",12000000,52223306,40223306,335.19421666666665,6.6,435,20.624896,96.0,en
13812,Quarantine,2008-10-10,2008.0,"['Horror', 'Science Fiction', 'Thriller']",John Erick Dowdle,"['Jennifer Carpenter', 'Steve Harris', 'Jay Hernandez']",12000000,40855419,28855419,240.461825,5.5,339,8.083995,89.0,en
9030,The Eye,2008-02-01,2008.0,"['Drama', 'Horror', 'Thriller']",David Moreau,"['Jessica Alba', 'Alessandro Nivola', 'Parker Posey']",12000000,56309766,44309766,369.24805,5.5,281,11.135734,98.0,en
19084,Johnson Family Vacation,2004-04-07,2004.0,"['Comedy', 'Family']",Christopher Erskin,"['Cedric the Entertainer', 'Vanessa Williams', 'Steve Harvey']",12000000,31179516,19179516,159.8293,4.7,30,4.623609,97.0,en
8386,How High,2001-12-21,2001.0,['Comedy'],Jesse Dylan,"['Method Man', 'Redman', 'Obba Babatundé']",12000000,31155435,19155435,159.628625,6.3,218,11.510281,93.0,en
10437,The Muppet Christmas Carol,1992-12-10,1992.0,"['Comedy', 'Family', 'Fantasy', 'Drama']",Brian Henson,"['Michael Caine', 'Don Austen', 'Meredith Braun']",0,27281507,27281507,inf,7.2,212,15.085981,85.0,en
1360,Frida,2002-08-29,2002.0,"['Drama', 'Romance']",Julie Taymor,"['Salma Hayek', 'Alfred Molina', 'Mía Maestro']",12000000,56298474,44298474,369.15395,7.3,383,18.422327,123.0,en
101267,Katy Perry: Part of Me,2012-06-28,2012.0,"['Documentary', 'Music']",Dan Cutforth,"['Katy Perry', 'Russell Brand', 'Shannon Woodward']",12000000,32726956,20726956,172.72463333333334,6.5,85,8.410688,93.0,en
222935,The Fault in Our Stars,2014-05-16,2014.0,"['Romance', 'Drama']",Josh Boone,"['Shailene Woodley', 'Ansel Elgort', 'Nat Wolff']",12000000,307166834,295166834,2459.7236166666667,7.6,3759,74.358971,125.0,en
10220,Rounders,1998-09-11,1998.0,"['Drama', 'Crime']",John Dahl,"['Matt Damon', 'John Turturro', 'Gretchen Mol']",12000000,22921898,10921898,91.01581666666667,6.9,439,18.422008,121.0,en
284296,Top Five,2014-12-12,2014.0,"['Drama', 'Comedy']",Chris Rock,"['Chris Rock', 'Rosario Dawson', 'J.B. Smoove']",0,25434291,25434291,inf,6.3,210,15.896312,102.0,en
31915,Prophecy,1979-01-01,1979.0,"['Horror', 'Science Fiction']",John Frankenheimer,"['Talia Shire', 'Robert Foxworth', 'Armand Assante']",12000000,54000000,42000000,350.0,5.4,25,8.61659,102.0,en
11601,Stir of Echoes,1999-09-10,1999.0,"['Horror', 'Mystery', 'Thriller']",David Koepp,"['Kevin Bacon', 'Kathryn Erbe', 'Illeana Douglas']",12000000,21133087,9133087,76.10905833333334,6.5,330,6.044161,99.0,en
205220,Philomena,2013-11-01,2013.0,['Drama'],Stephen Frears,"['Judi Dench', 'Steve Coogan', 'Sophie Kennedy Clark']",12000000,100129872,88129872,734.4156,7.4,579,29.019504,98.0,en
11354,The Upside of Anger,2005-01-23,2005.0,"['Comedy', 'Drama']",Mike Binder,"['Joan Allen', 'Kevin Costner', 'Erika Christensen']",0,0,0,,6.4,72,6.2464,118.0,en
16241,The Boys from Brazil,1978-10-05,1978.0,"['Horror', 'Drama', 'Thriller', 'Science Fiction']",Franklin J. Schaffner,"['Gregory Peck', 'Laurence Olivier', 'James Mason']",0,0,0,,6.6,101,5.315213,125.0,en
14191,Aquamarine,2006-03-03,2006.0,"['Fantasy', 'Romance', 'Family', 'Comedy']",Elizabeth Allen Rosenbaum,"['Emma Roberts', ""Joanna 'JoJo' Levesque"", 'Sara Paxton']",12000000,23006849,11006849,91.72374166666667,5.8,364,16.931846,104.0,en
286565,Paper Towns,2015-06-18,2015.0,"['Drama', 'Mystery', 'Romance']",Jake Schreier,"['Nat Wolff', 'Cara Delevingne', 'Justice Smith']",12000000,85512300,73512300,612.6025000000001,6.1,1937,64.610671,109.0,en
26710,My Baby's Daddy,2004-01-09,2004.0,['Comedy'],Cheryl Dunye,"['Eddie Griffin', 'Anthony Anderson', 'Michael Imperioli']",0,51,51,inf,4.3,15,4.480167,86.0,en
129670,Nebraska,2013-09-21,2013.0,"['Drama', 'Adventure']",Alexander Payne,"['Bruce Dern', 'Will Forte', 'Bob Odenkirk']",12000000,17654912,5654912,47.124266666666664,7.4,636,29.223881,115.0,en
9059,Tales from the Crypt: Demon Knight,1995-01-13,1995.0,"['Horror', 'Comedy', 'Thriller']",Ernest R. Dickerson,"['Billy Zane', 'William Sadler', 'Jada Pinkett Smith']",0,0,0,,6.7,94,7.710797,92.0,en
34549,Max Keeble's Big Move,2001-10-05,2001.0,"['Comedy', 'Family', 'Fantasy', 'Science Fiction']",Tim Hill,"['Alex D. Linz', 'Zena Grey', 'Nora Dunn']",12000000,17292381,5292381,44.103175,5.4,33,1.081822,86.0,en
57157,Young Adult,2011-12-16,2011.0,"['Comedy', 'Drama']",Jason Reitman,"['Charlize Theron', 'Patton Oswalt', 'Patrick Wilson']",12000000,22939027,10939027,91.15855833333333,5.6,364,16.183746,94.0,en
1948,Crank,2006-08-31,2006.0,"['Action', 'Thriller', 'Crime']",Brian Taylor,"['Jason Statham', 'Amy Smart', 'Jose Pablo Cantillo']",12000000,42931041,30931041,257.758675,6.6,1151,47.992817,88.0,en
28353,Def Jam's How to Be a Player,1997-08-06,1997.0,"['Comedy', 'Romance']",Lionel C. Martin,"['Bill Bellamy', 'Lark Voorhies', 'Bernie Mac']",0,13960203,13960203,inf,5.3,8,1.20245,93.0,en
46889,Living Out Loud,1998-10-30,1998.0,"['Comedy', 'Drama', 'Romance']",Richard LaGravenese,"['Holly Hunter', 'Danny DeVito', 'Queen Latifah']",12000000,12902790,902790,7.523249999999999,5.3,11,0.700792,100.0,en
38093,Just Wright,2010-05-14,2010.0,"['Comedy', 'Drama', 'Romance']",Sanaa Hamri,"['Queen Latifah', 'Common', 'Paula Patton']",0,21520719,21520719,inf,6.1,99,10.409253,100.0,en
14976,Rachel Getting Married,2008-10-03,2008.0,['Drama'],Jonathan Demme,"['Anne Hathaway', 'Rosemarie DeWitt', 'Sebastian Stan']",0,0,0,,6.1,163,14.345428,113.0,en
11027,The Postman Always Rings Twice,1981-03-20,1981.0,"['Romance', 'Crime', 'Drama']",Bob Rafelson,"['Jack Nicholson', 'Jessica Lange', 'John Colicos']",12000000,0,-12000000,-100.0,6.4,110,6.803763,122.0,en
3635,Girl with a Pearl Earring,2003-08-31,2003.0,"['Drama', 'Romance']",Peter Webber,"['Scarlett Johansson', 'Colin Firth', 'Cillian Murphy']",0,31466789,31466789,inf,6.4,377,19.944479,101.0,en
387,Das Boot,1981-09-16,1981.0,"['Action', 'Drama', 'History', 'War', 'Adventure']",Wolfgang Petersen,"['Jürgen Prochnow', 'Herbert Grönemeyer', 'Klaus Wennemann']",14000000,85000000,71000000,507.1428571428571,7.9,613,26.967494,149.0,de
6020,Sorority Boys,2002-03-22,2002.0,['Comedy'],Wallace Wolodarsky,"['Barry Watson', 'Michael Rosenbaum', 'Harland Williams']",12000000,0,-12000000,-100.0,4.6,47,3.444542,93.0,en
122906,About Time,2013-08-16,2013.0,"['Comedy', 'Drama', 'Science Fiction']",Richard Curtis,"['Domhnall Gleeson', 'Rachel McAdams', 'Bill Nighy']",0,87100449,87100449,inf,7.8,2067,74.817641,123.0,en
9550,House of Flying Daggers,2004-05-19,2004.0,"['Adventure', 'Drama', 'Action', 'Romance']",Zhang Yimou,"['Takeshi Kaneshiro', 'Andy Lau', 'Zhang Ziyi']",0,92863945,92863945,inf,7.1,439,21.064082,119.0,zh
60599,Arbitrage,2012-09-14,2012.0,"['Drama', 'Thriller']",Nicholas Jarecki,"['Richard Gere', 'Susan Sarandon', 'Tim Roth']",12000000,35485056,23485056,195.7088,6.1,294,16.40512,100.0,en
227719,Project Almanac,2015-01-30,2015.0,"['Science Fiction', 'Thriller']",Dean Israelite,"['Jonny Weston', 'Virginia Gardner', ""Sofia Black-D'Elia""]",12000000,32248241,20248241,168.73534166666667,6.4,933,32.940597,106.0,en
14299,Cadillac Records,2008-12-05,2008.0,"['Drama', 'History', 'Music']",Darnell Martin,"['Adrien Brody', 'Jeffrey Wright', 'Beyoncé Knowles']",12000000,0,-12000000,-100.0,6.9,86,13.427427,109.0,en
19419,Screwed,2000-05-12,2000.0,"['Action', 'Comedy']",Scott Alexander,"['Norm Macdonald', 'Dave Chappelle', 'Danny DeVito']",0,0,0,,4.9,23,5.359381,81.0,en
12088,Fortress,1992-09-30,1992.0,"['Action', 'Thriller', 'Science Fiction']",Stuart Gordon,"['Christopher Lambert', 'Kurtwood Smith', 'Loryn Locklin']",8000000,6739141,-1260859,-15.7607375,5.7,168,8.708229,95.0,en
14799,For Your Consideration,2006-11-22,2006.0,"['Comedy', 'Drama']",Christopher Guest,"[""Catherine O'Hara"", 'Harry Shearer', 'Parker Posey']",12000000,5542025,-6457975,-53.81645833333333,5.9,43,4.330428,86.0,en
9466,Celebrity,1998-09-07,1998.0,"['Drama', 'Comedy']",Woody Allen,"['Kenneth Branagh', 'Judy Davis', 'Joe Mantegna']",0,0,0,,6.0,111,7.594593,113.0,en
7510,Running with Scissors,2006-10-27,2006.0,"['Drama', 'Comedy']",Ryan Murphy,"['Annette Bening', 'Brian Cox', 'Joseph Cross']",12000000,6754898,-5245102,-43.709183333333335,5.8,78,4.770195,116.0,en
31246,From Justin to Kelly,2003-06-20,2003.0,"['Comedy', 'Romance']",Robert Iscove,"['Kelly Clarkson', 'Justin Guarini ', 'Brandon Henschel']",12000000,4922166,-7077834,-58.981950000000005,3.0,23,1.623338,90.0,en
61752,Girl 6,1996-03-22,1996.0,['Comedy'],Spike Lee,"['Theresa Randle', 'Isaiah Washington', 'Spike Lee']",12000000,4939939,-7060061,-58.833841666666665,5.7,16,2.993939,108.0,en
10944,In the Cut,2003-09-09,2003.0,"['Mystery', 'Thriller']",Jane Campion,"['Meg Ryan', 'Mark Ruffalo', 'Jennifer Jason Leigh']",12000000,23,-11999977,-99.99980833333333,4.6,89,10.536092,119.0,en
10362,Two Lovers,2008-11-19,2008.0,"['Drama', 'Romance']",James Gray,"['Joaquin Phoenix', 'Gwyneth Paltrow', 'Isabella Rossellini']",12000000,3148182,-8851818,-73.76515,6.6,154,8.290636,110.0,en
14778,Last Orders,2001-09-10,2001.0,"['Comedy', 'Drama']",Fred Schepisi,"['Michael Caine', 'Tom Courtenay', 'David Hemmings']",0,0,0,,6.0,22,3.603842,109.0,en
1255,The Host,2006-07-27,2006.0,"['Horror', 'Drama', 'Science Fiction']",Bong Joon-ho,"['Song Kang-ho', 'Park Hae-il', 'Bae Doona']",11000000,88489643,77489643,704.4513000000001,6.7,537,27.65527,119.0,ko
45226,The Pursuit of D.B. Cooper,1981-11-13,1981.0,"['Adventure', 'Crime', 'Thriller']",Roger Spottiswoode,"['Robert Duvall', 'Treat Williams', 'Kathryn Harrold']",0,0,0,,6.8,4,1.379643,100.0,en
10212,Ravenous,1999-03-16,1999.0,"['Comedy', 'Horror', 'Thriller', 'Western']",Antonia Bird,"['Guy Pearce', 'Robert Carlyle', 'David Arquette']",12000000,0,-12000000,-100.0,6.9,141,9.164386,100.0,en
8669,Charlie Bartlett,2008-02-22,2008.0,"['Comedy', 'Drama']",Jon Poll,"['Anton Yelchin', 'Robert Downey Jr.', 'Hope Davis']",12000000,0,-12000000,-100.0,6.5,225,9.779444,97.0,en
179144,The Great Beauty,2013-05-21,2013.0,"['Comedy', 'Drama']",Paolo Sorrentino,"['Toni Servillo', 'Carlo Verdone', 'Sabrina Ferilli']",12400000,8371085,-4028915,-32.49125,7.3,720,32.523573,142.0,it
16857,The Dangerous Lives of Altar Boys,2002-06-14,2002.0,"['Comedy', 'Drama']",Peter Care,"['Emile Hirsch', 'Kieran Culkin', 'Jodie Foster']",0,0,0,,6.4,53,2.24888,104.0,en
86825,Stoker,2013-02-28,2013.0,"['Drama', 'Horror', 'Thriller']",Park Chan-wook,"['Mia Wasikowska', 'Nicole Kidman', 'Matthew Goode']",12000000,12077441,77441,0.6453416666666666,6.5,882,27.322212,99.0,en
844,2046,2004-05-20,2004.0,"['Fantasy', 'Drama', 'Science Fiction', 'Romance']",Wong Kar-wai,"['Tony Leung Chiu-Wai', 'Zhang Ziyi', 'Faye Wong']",12000000,19271312,7271312,60.59426666666666,6.9,206,12.664787,129.0,zh
8060,Married Life,2007-09-12,2007.0,"['Crime', 'Drama', 'Romance']",Ira Sachs,"['Chris Cooper', 'Pierce Brosnan', 'Patricia Clarkson']",12000000,0,-12000000,-100.0,6.1,38,3.004432,90.0,en
15907,Duma,2005-04-22,2005.0,"['Adventure', 'Drama', 'Family']",Carroll Ballard,"['Alex Michaeletos', 'Campbell Scott', 'Mary Makhatho']",12000000,0,-12000000,-100.0,6.9,41,4.795244,100.0,en
38448,Ondine,2009-09-14,2009.0,"['Drama', 'Romance']",Neil Jordan,"['Colin Farrell', 'Alicja Bachleda-Curuś', 'Dervla Kirwan']",12000000,1644755,-10355245,-86.29370833333333,6.5,84,5.841285,111.0,en
327,Brother,2000-09-09,2000.0,"['Crime', 'Drama', 'Thriller']",Takeshi Kitano,"['Takeshi Kitano', 'Omar Epps', 'Claude Maki']",12000000,15250000,3250000,27.083333333333332,6.8,107,5.327714,114.0,ja
9260,Welcome to Collinwood,2002-05-24,2002.0,['Comedy'],Anthony Russo,"['William H. Macy', 'Isaiah Washington', 'Sam Rockwell']",1200000,0,-1200000,-100.0,6.2,50,3.582733,86.0,en
61337,Critical Care,1997-10-31,1997.0,"['Comedy', 'Drama']",Sidney Lumet,"['James Spader', 'Kyra Sedgwick', 'Helen Mirren']",0,0,0,,6.1,9,2.678715,107.0,en
13079,The Life Before Her Eyes,2007-09-08,2007.0,"['Thriller', 'Drama', 'Mystery']",Vadim Perelman,"['Uma Thurman', 'Evan Rachel Wood', 'Eva Amurri Martino']",8000000,0,-8000000,-100.0,6.1,88,9.728143,90.0,en
89325,Darling Companion,2012-04-20,2012.0,"['Drama', 'Romance']",Lawrence Kasdan,"['Diane Keaton', 'Kevin Kline', 'Sam Shepard']",0,0,0,,5.3,22,2.303865,103.0,en
4170,Trade,2007-01-23,2007.0,"['Drama', 'Thriller']",Marco Kreuzpaintner,"['Kevin Kline', 'Cesar Ramos', 'Paulina Gaitán']",12000000,0,-12000000,-100.0,6.8,67,11.237374,120.0,en
41508,Fateless,2005-02-10,2005.0,"['War', 'Drama']",Lajos Koltai,"['Marcell Nagy', 'Béla Dóra', 'Bálint Péntek']",0,0,0,,6.5,28,1.906807,140.0,hu
12479,Breakfast of Champions,1999-02-13,1999.0,['Comedy'],Alan Rudolph,"['Bruce Willis', 'Albert Finney', 'Nick Nolte']",12000000,0,-12000000,-100.0,5.2,28,2.695896,110.0,en
44555,"A Woman, a Gun and a Noodle Shop",2009-12-11,2009.0,"['Comedy', 'Drama', 'Thriller']",Zhang Yimou,"['Sun Honglei', 'Xiao Shen Yang', 'Yan Ni']",0,0,0,,4.8,13,1.416796,95.0,zh
10133,Cypher,2002-10-01,2002.0,"['Thriller', 'Science Fiction', 'Mystery']",Vincenzo Natali,"['Jeremy Northam', 'Lucy Liu', 'Nigel Bennett']",7500000,0,-7500000,-100.0,6.7,192,11.636883,95.0,en
21345,City of Life and Death,2009-04-22,2009.0,"['Drama', 'History', 'War']",Lu Chuan,"['Liu Ye', 'Gao Yuanyuan', 'Hideo Nakaizumi']",12000000,10652498,-1347502,-11.229183333333333,7.6,55,4.793348,132.0,zh
173931,Legend of a Rabbit,2011-01-01,2011.0,"['Animation', 'Family', 'Action', 'Adventure', 'Comedy']",Lijun Sun,"['Jon Heder', 'Tom Arnold', 'Michael Clarke Duncan']",19000000,2570000,-16430000,-86.47368421052632,3.0,3,0.738652,89.0,zh
61984,Space Battleship Yamato,2010-12-01,2010.0,['Science Fiction'],Takashi Yamazaki,"['Hiroyuki Ikeuchi', 'Takuya Kimura', 'Meisa Kuroki']",12000000,11212294,-787706,-6.564216666666667,6.3,59,5.158067,131.0,ja
50601,5 Days of War,2011-04-14,2011.0,"['War', 'Drama']",Renny Harlin,"['Rupert Friend', 'Val Kilmer', 'Andy García']",20000000,17479,-19982521,-99.912605,5.8,62,5.727602,113.0,en
26466,Triangle,2009-10-16,2009.0,['Horror'],Christopher Smith,"['Melissa George', 'Liam Hemsworth', 'Emma Lung']",12000000,0,-12000000,-100.0,6.9,612,25.496926,99.0,en
345003,10 Days in a Madhouse,2015-11-20,2015.0,['Drama'],Timothy Hines,"['Caroline Barry', 'Christopher Lambert', 'Kelly LeBrock']",1200000,0,-1200000,-100.0,4.3,5,0.489271,111.0,en
236751,Heaven is for Real,2014-04-16,2014.0,['Drama'],Randall Wallace,"['Greg Kinnear', 'Kelly Reilly', 'Connor Corum']",12000000,101332962,89332962,744.4413499999999,6.0,229,11.150261,99.0,en
107,Snatch,2000-09-01,2000.0,"['Thriller', 'Crime']",Guy Ritchie,"['Jason Statham', 'Brad Pitt', 'Vinnie Jones']",10000000,83557872,73557872,735.57872,7.7,2912,53.595686,103.0,en
357837,Dancin' It's On,2015-10-16,2015.0,"['Drama', 'Romance']",David Winters,"['Witney Carson', 'Chehon Wespi-Tschopp', 'Gary Daniels']",0,0,0,,4.3,2,0.186234,89.0,cs
8913,Pet Sematary,1989-04-21,1989.0,"['Drama', 'Horror']",Mary Lambert,"['Dale Midkiff', 'Fred Gwynne', 'Denise Crosby']",11500000,57469467,45969467,399.7344956521739,6.4,407,20.747994,103.0,en
13889,Madadayo,1993-04-17,1993.0,['Drama'],Akira Kurosawa,"['Tatsuo Matsumura', 'Kyôko Kagawa', 'Hisashi Igawa']",0,0,0,,7.5,20,2.930853,134.0,ja
18530,The Cry of the Owl,2009-02-07,2009.0,['Drama'],Jamie Thraves,"['Paddy Considine', 'Julia Stiles', 'Caroline Dhavernas']",11500000,0,-11500000,-100.0,5.5,29,4.75919,101.0,en
358451,A Tale of Three Cities,2015-08-28,2015.0,"['Drama', 'History', 'Romance']",Mabel Cheung,"['Lau Ching-Wan', 'Tang Wei', 'Qin Hailu']",0,0,0,,6.3,5,0.753362,130.0,zh
927,Gremlins,1984-06-07,1984.0,"['Fantasy', 'Horror', 'Comedy']",Joe Dante,"['Zach Galligan', 'Phoebe Cates', 'Hoyt Axton']",11000000,153083102,142083102,1291.6645636363637,6.9,1596,45.072136,106.0,en
11,Star Wars,1977-05-25,1977.0,"['Adventure', 'Action', 'Science Fiction']",George Lucas,"['Mark Hamill', 'Harrison Ford', 'Carrie Fisher']",11000000,775398007,764398007,6949.072790909091,8.1,6624,126.393695,121.0,en
291870,Dirty Grandpa,2016-01-21,2016.0,['Comedy'],Dan Mazer,"['Zac Efron', 'Robert De Niro', 'Julianne Hough']",11500000,94073028,82573028,718.0263304347826,5.7,1406,56.805781,102.0,en
907,Doctor Zhivago,1965-12-22,1965.0,"['Drama', 'Romance', 'War']",David Lean,"['Omar Sharif', 'Julie Christie', 'Geraldine Chaplin']",11000000,111858363,100858363,916.8942090909092,7.4,247,12.854853,197.0,en
206563,Trash,2014-10-09,2014.0,"['Adventure', 'Crime', 'Drama', 'Thriller']",Stephen Daldry,"['Rickson Tevez', 'Eduardo Luis', 'Gabriel Weinstein']",0,0,0,,7.1,242,14.637357,112.0,pt
11887,High School Musical 3: Senior Year,2008-10-22,2008.0,"['Comedy', 'Drama', 'Family', 'Music', 'Romance']",Kenny Ortega,"['Zac Efron', 'Vanessa Hudgens', 'Ashley Tisdale']",0,0,0,,6.2,821,21.801188,116.0,en
45317,The Fighter,2010-12-17,2010.0,['Drama'],David O. Russell,"['Mark Wahlberg', 'Christian Bale', 'Amy Adams']",25000000,93617009,68617009,274.468036,7.2,1486,31.019381,116.0,en
12094,Jackass Number Two,2006-09-22,2006.0,"['Action', 'Comedy', 'Documentary']",Jeff Tremaine,"['Johnny Knoxville', 'Bam Margera', 'Steve-O']",11000000,72778712,61778712,561.6246545454546,6.4,298,11.227087,95.0,en
10377,My Cousin Vinny,1992-03-13,1992.0,"['Comedy', 'Drama']",Jonathan Lynn,"['Joe Pesci', 'Ralph Macchio', 'Marisa Tomei']",11000000,64088552,53088552,482.6232,7.3,384,19.231507,120.0,en
249164,If I Stay,2014-08-21,2014.0,['Drama'],R.J. Cutler,"['Chloë Grace Moretz', 'Jamie Blackley', 'Liana Liberato']",11000000,78874843,67874843,617.0440272727272,7.3,1368,31.162838,106.0,en
256092,Drive Hard,2014-05-26,2014.0,"['Action', 'Comedy', 'Crime']",Brian Trenchard-Smith,"['Thomas Jane', 'John Cusack', 'Zoe Ventoura']",12000000,0,-12000000,-100.0,3.9,74,3.94487,96.0,en
9942,Major League,1989-02-16,1989.0,['Comedy'],David S. Ward,"['Tom Berenger', 'Charlie Sheen', 'Corbin Bernsen']",11000000,49797148,38797148,352.70134545454545,6.6,217,7.559192,107.0,en
10748,St. Trinian's,2007-12-21,2007.0,"['Comedy', 'Family', 'Science Fiction']",Barnaby Thompson,"['Talulah Riley', 'Rupert Everett', 'Gemma Arterton']",0,0,0,,5.6,142,7.377587,101.0,en
1817,Phone Booth,2002-09-09,2002.0,"['Thriller', 'Drama']",Joel Schumacher,"['Colin Farrell', 'Kiefer Sutherland', 'Forest Whitaker']",13000000,97837138,84837138,652.5933692307692,6.7,1062,38.018085,81.0,en
10229,A Walk to Remember,2002-01-25,2002.0,"['Drama', 'Romance']",Adam Shankman,"['Mandy Moore', 'Shane West', 'Peter Coyote']",11000000,41227069,30227069,274.79153636363634,7.5,1018,33.283554,101.0,en
687,Dead Man Walking,1995-12-29,1995.0,['Drama'],Tim Robbins,"['Susan Sarandon', 'Sean Penn', 'Robert Prosky']",11000000,39363635,28363635,257.8512272727273,7.3,337,15.864928,122.0,en
796,Cruel Intentions,1999-03-05,1999.0,"['Drama', 'Romance', 'Thriller']",Roger Kumble,"['Sarah Michelle Gellar', 'Ryan Phillippe', 'Reese Witherspoon']",10500000,75902208,65402208,622.8781714285715,6.6,827,23.449703,97.0,en
22804,Saw VI,2009-10-22,2009.0,"['Horror', 'Mystery']",Kevin Greutert,"['Tobin Bell', 'Costas Mandylor', 'Betsy Russell']",11000000,68233629,57233629,520.3057181818182,6.0,722,31.900899,90.0,en
10156,History of the World: Part I,1981-06-12,1981.0,['Comedy'],Mel Brooks,"['Mel Brooks', 'Dom DeLuise', 'Madeline Kahn']",11000000,31672907,20672907,187.93551818181817,6.5,204,14.282314,92.0,en
12837,The Secret Life of Bees,2008-09-17,2008.0,['Adventure'],Gina Prince-Bythewood,"['Dakota Fanning', 'Queen Latifah', 'Jennifer Hudson']",11000000,38105395,27105395,246.41268181818182,7.4,158,7.645979,114.0,en
17708,Corky Romano,2001-10-12,2001.0,"['Action', 'Comedy', 'Crime']",Rob Pritts,"['Chris Kattan', 'Vinessa Shaw', 'Peter Falk']",11000000,23978402,12978402,117.98547272727274,4.1,54,3.495758,86.0,en
13937,Raising Cain,1992-08-07,1992.0,"['Drama', 'Horror', 'Thriller', 'Crime']",Brian De Palma,"['John Lithgow', 'Lolita Davidovich', 'Steven Bauer']",12000000,37170057,25170057,209.75047500000002,5.9,65,7.558959,91.0,en
28932,F.I.S.T.,1978-04-26,1978.0,"['Drama', 'Action']",Norman Jewison,"['Sylvester Stallone', 'Rod Steiger', 'Peter Boyle']",11,11,0,0.0,6.4,29,3.375208,145.0,en
31909,Invaders from Mars,1986-01-01,1986.0,['Science Fiction'],Tobe Hooper,"['Karen Black', 'Hunter Carson', 'Timothy Bottoms']",12000000,4884663,-7115337,-59.294475000000006,5.5,57,4.234269,100.0,en
167073,Brooklyn,2015-10-20,2015.0,"['Drama', 'Romance']",John Crowley,"['Saoirse Ronan', 'Domhnall Gleeson', 'Emory Cohen']",11000000,62076141,51076141,464.3285545454545,7.2,1213,39.337949,111.0,en
3175,Barry Lyndon,1975-12-18,1975.0,"['Drama', 'Romance', 'War']",Stanley Kubrick,"[""Ryan O'Neal"", 'Marisa Berenson', 'Hardy Krüger']",11000000,20000000,9000000,81.81818181818183,7.7,505,29.543331,184.0,en
14369,Out Cold,2001-11-21,2001.0,['Comedy'],Brendan Malloy,"['Jason London', 'Lee Majors', 'Zach Galifianakis']",24000000,14782676,-9217324,-38.405516666666664,5.8,53,4.12064,89.0,en
16888,The Ladies Man,2000-10-13,2000.0,['Comedy'],Reginald Hudlin,"['Tim Meadows', 'Karyn Parsons', 'Billy Dee Williams']",24000000,13700000,-10300000,-42.916666666666664,5.7,34,2.259537,84.0,en
121826,Quartet,2012-09-08,2012.0,"['Drama', 'Comedy', 'Romance']",Dustin Hoffman,"['Maggie Smith', 'Tom Courtenay', 'Billy Connolly']",11000000,59520298,48520298,441.0936181818182,6.3,139,7.722021,98.0,en
10646,Tomcats,2001-03-30,2001.0,"['Comedy', 'Romance']",Gregory Poirier,"[""Jerry O'Connell"", 'Shannon Elizabeth', 'Jake Busey']",11000000,23430766,12430766,113.00696363636365,4.9,74,7.063053,95.0,en
12149,Frailty,2001-11-17,2001.0,"['Drama', 'Thriller', 'Crime']",Bill Paxton,"['Bill Paxton', 'Matthew McConaughey', 'Powers Boothe']",11000000,13110448,2110448,19.185890909090908,7.0,334,16.003958,100.0,en
304357,Woman in Gold,2015-04-10,2015.0,['Drama'],Simon Curtis,"['Helen Mirren', 'Ryan Reynolds', 'Tatiana Maslany']",11000000,61619773,50619773,460.1797545454546,7.3,440,21.204929,120.0,en
11184,Kinsey,2004-09-04,2004.0,['Drama'],Bill Condon,"['Liam Neeson', 'Laura Linney', ""Chris O'Donnell""]",0,0,0,,6.6,131,6.799314,118.0,en
766,Army of Darkness,1992-10-09,1992.0,"['Fantasy', 'Horror', 'Comedy']",Sam Raimi,"['Bruce Campbell', 'Embeth Davidtz', 'Marcus Gilbert']",11000000,0,-11000000,-100.0,7.3,838,33.758281,81.0,en
20009,Slackers,2002-02-01,2002.0,"['Comedy', 'Romance']",Dewey Nicks,"['Jason Segel', 'Devon Sawa', 'Jason Schwartzman']",14000000,6413915,-7586085,-54.186321428571425,5.4,60,9.371811,86.0,en
1587,What's Eating Gilbert Grape,1993-12-17,1993.0,"['Romance', 'Drama']",Lasse Hallström,"['Johnny Depp', 'Leonardo DiCaprio', 'Juliette Lewis']",11000000,30000000,19000000,172.72727272727272,7.5,919,33.282794,118.0,en
30973,The Visual Bible: The Gospel of John,2003-09-11,2003.0,"['Drama', 'History']",Philip Saville,"['Christopher Plummer', 'Henry Ian Cusick', 'Stuart Bunce']",10000000,4069090,-5930910,-59.3091,8.2,12,3.208172,125.0,en
11109,Vera Drake,2004-10-22,2004.0,"['Crime', 'Drama']",Mike Leigh,"['Imelda Staunton', 'Sally Hawkins', 'Richard Graham']",11000000,0,-11000000,-100.0,6.8,80,4.131918,125.0,en
9027,The Guru,2002-08-21,2002.0,"['Comedy', 'Romance']",Daisy von Scherler Mayer,"['Jimi Mistry', 'Heather Graham', 'Marisa Tomei']",0,0,0,,5.1,75,4.093288,91.0,en
63020,The Perez Family,1995-05-12,1995.0,"['Comedy', 'Drama', 'Romance']",Mira Nair,"['Marisa Tomei', 'Alfred Molina', 'Anjelica Huston']",11000000,2832826,-8167174,-74.24703636363637,6.6,9,1.187671,113.0,en
86829,Inside Llewyn Davis,2013-10-06,2013.0,"['Drama', 'Music']",Joel Coen,"['Oscar Isaac', 'Carey Mulligan', 'Justin Timberlake']",11000000,32935319,21935319,199.41199090909092,7.2,834,36.319205,105.0,en
11065,O,2001-08-31,2001.0,"['Drama', 'Romance', 'Thriller']",Tim Blake Nelson,"['Mekhi Phifer', 'Josh Hartnett', 'Andrew Keegan']",0,16017403,16017403,inf,5.8,75,4.146752,95.0,en
13888,Return to the Blue Lagoon,1991-08-02,1991.0,"['Drama', 'Adventure', 'Romance']",William A. Graham,"['Milla Jovovich', 'Brian Krause', 'Lisa Pelikan']",11000000,2807854,-8192146,-74.47405454545455,5.1,153,9.705589,98.0,en
42345,The Molly Maguires,1970-01-27,1970.0,"['Drama', 'History']",Martin Ritt,"['Sean Connery', 'Samantha Eggar', 'Richard Harris']",11000000,2200000,-8800000,-80.0,5.9,16,1.396985,124.0,en
13994,Romance & Cigarettes,2005-09-13,2005.0,"['Comedy', 'Music', 'Romance']",John Turturro,"['James Gandolfini', 'Susan Sarandon', 'Kate Winslet']",0,2945242,2945242,inf,6.0,33,4.056774,105.0,en
1590,Copying Beethoven,2006-09-10,2006.0,['Drama'],Agnieszka Holland,"['Ed Harris', 'Diane Kruger', 'Matthew Goode']",11000000,0,-11000000,-100.0,6.2,42,5.062687,104.0,en
62728,Brighton Rock,2010-09-13,2010.0,"['Drama', 'Thriller', 'Crime']",Rowan Joffe,"['Andy Serkis', 'Helen Mirren', 'John Hurt']",0,0,0,,5.6,35,3.122152,111.0,en
11917,Saw V,2008-10-23,2008.0,"['Horror', 'Thriller', 'Crime']",David Hackl,"['Tobin Bell', 'Costas Mandylor', 'Scott Patterson']",10800000,113857533,103057533,954.2364166666667,5.9,820,32.943848,92.0,en
45138,Machine Gun McCain,1969-04-01,1969.0,"['Drama', 'Action', 'Thriller', 'Crime', 'Foreign']",Giuliano Montaldo,"['John Cassavetes', 'Britt Ekland', 'Peter Falk']",0,0,0,,7.3,6,0.700127,116.0,it
80271,LOL,2012-02-10,2012.0,"['Drama', 'Comedy', 'Romance']",Lisa Azuelos,"['Miley Cyrus', 'Demi Moore', 'Douglas Booth']",11000000,0,-11000000,-100.0,5.9,881,31.763201,97.0,en
4657,Jindabyne,2006-07-20,2006.0,"['Crime', 'Drama', 'Mystery', 'Thriller']",Ray Lawrence,"['Laura Linney', 'Gabriel Byrne', 'Deborra-Lee Furness']",0,0,0,,5.7,25,8.950864,123.0,en
14395,Kabhi Alvida Naa Kehna,2006-08-11,2006.0,"['Drama', 'Romance']",Karan Johar,"['Shah Rukh Khan', 'Rani Mukerji', 'Preity Zinta']",7400000,17000000,9600000,129.72972972972974,6.1,42,3.246903,193.0,hi
24137,An Ideal Husband,1999-04-15,1999.0,"['Drama', 'Comedy', 'Romance']",Oliver Parker,"['Cate Blanchett', 'Minnie Driver', 'Rupert Everett']",14000000,18535191,4535191,32.39422142857143,6.3,46,4.519523,97.0,en
190847,The Last Days on Mars,2013-08-11,2013.0,"['Science Fiction', 'Thriller', 'Horror']",Ruairi Robinson,"['Liev Schreiber', 'Romola Garai', 'Elias Koteas']",0,0,0,,5.2,302,18.764453,98.0,en
11056,Darkness,2002-10-02,2002.0,['Horror'],Jaume Balagueró,"['Anna Paquin', 'Lena Olin', 'Iain Glen']",0,0,0,,5.6,112,6.340135,102.0,en
62,2001: A Space Odyssey,1968-04-10,1968.0,"['Science Fiction', 'Mystery', 'Adventure']",Stanley Kubrick,"['Keir Dullea', 'Gary Lockwood', 'William Sylvester']",10500000,68700000,58200000,554.2857142857142,7.9,2998,86.201184,149.0,en
601,E.T. the Extra-Terrestrial,1982-04-03,1982.0,"['Science Fiction', 'Adventure', 'Family', 'Fantasy']",Steven Spielberg,"['Henry Thomas', 'Drew Barrymore', 'Robert MacNaughton']",10500000,792910554,782410554,7451.529085714285,7.3,3269,56.105798,115.0,en
13067,In the Land of Women,2007-04-16,2007.0,"['Romance', 'Comedy', 'Drama']",Jon Kasdan,"['Meg Ryan', 'Kristen Stewart', 'Adam Brody']",10000000,17500000,7500000,75.0,5.8,160,12.792446,97.0,en
25379,The Blue Butterfly,2004-02-20,2004.0,"['Adventure', 'Drama', 'Family']",Léa Pool,"['Marc Donato', 'Pascale Bussières', 'William Hurt']",0,0,0,,6.8,6,1.985552,97.0,en
88641,There Goes My Baby,1994-09-02,1994.0,"['Drama', 'Comedy']",Floyd Mutrux,"['Dermot Mulroney', 'Ricky Schroder', 'Kelli Williams']",10500000,123509,-10376491,-98.82372380952381,8.5,2,0.037073,99.0,en
58051,Housefull,2010-04-30,2010.0,"['Drama', 'Comedy', 'Romance', 'Foreign']",Sajid Khan,"['Akshay Kumar', 'Ritesh Deshmukh', 'Deepika Padukone']",0,0,0,,5.2,29,0.12082,135.0,hi
14877,September Dawn,2007-05-17,2007.0,"['Drama', 'Action', 'History', 'Western', 'Romance']",Christopher Cain,"['Jon Voight', 'Tamara Hope', 'Trent Ford']",11000000,0,-11000000,-100.0,5.0,16,3.646848,110.0,en
96399,For Greater Glory - The True Story of Cristiada,2012-06-01,2012.0,"['History', 'Drama']",Dean Wright,"['Eva Longoria', 'Andy García', 'Oscar Isaac']",12000000,9622846,-2377154,-19.809616666666667,6.4,35,5.759545,145.0,en
304410,The Bélier Family,2014-12-17,2014.0,"['Comedy', 'Drama', 'Music']",Eric Lartigau,"['Louane Emera', 'Karin Viard', 'François Damiens']",11000000,0,-11000000,-100.0,7.0,766,25.302978,105.0,fr
489,Good Will Hunting,1997-12-05,1997.0,['Drama'],Gus Van Sant,"['Robin Williams', 'Matt Damon', 'Ben Affleck']",10000000,225933435,215933435,2159.33435,7.9,2811,43.734886,126.0,en
373314,Misconduct,2016-02-05,2016.0,"['Drama', 'Thriller']",Shintaro Shimosawa,"['Josh Duhamel', 'Alice Eve', 'Malin Åkerman']",11000000,0,-11000000,-100.0,5.3,149,10.016909,106.0,en
214,Saw III,2006-10-27,2006.0,"['Horror', 'Thriller', 'Crime']",Darren Lynn Bousman,"['Tobin Bell', 'Shawnee Smith', 'Angus Macfadyen']",10000000,163876815,153876815,1538.7681499999999,6.1,1071,33.124871,108.0,en
10890,Stripes,1981-06-25,1981.0,"['Action', 'Comedy']",Ivan Reitman,"['Bill Murray', 'Harold Ramis', 'Warren Oates']",10000000,85300000,75300000,753.0,6.5,249,10.892398,106.0,en
1588,Bring It On,2000-08-25,2000.0,['Comedy'],Peyton Reed,"['Kirsten Dunst', 'Jesse Bradford', 'Eliza Dushku']",28000000,90449929,62449929,223.0354607142857,5.8,568,14.754281,98.0,en
316727,The Purge: Election Year,2016-06-29,2016.0,"['Action', 'Horror', 'Thriller']",James DeMonaco,"['Elizabeth Mitchell', 'Frank Grillo', 'Mykelti Williamson']",10000000,118587880,108587880,1085.8788,6.1,1306,53.727146,105.0,en
10314,She's All That,1999-01-29,1999.0,"['Comedy', 'Romance']",Robert Iscove,"['Freddie Prinze Jr.', 'Rachael Leigh Cook', 'Matthew Lillard']",10000000,103166989,93166989,931.66989,5.7,418,8.9876,95.0,en
663,Saw IV,2007-10-25,2007.0,"['Horror', 'Thriller', 'Crime']",Darren Lynn Bousman,"['Tobin Bell', 'Scott Patterson', 'Costas Mandylor']",10000000,139352633,129352633,1293.5263300000001,5.9,903,29.244768,93.0,en
11804,White Noise,2005-01-07,2005.0,"['Drama', 'Horror', 'Thriller']",Geoffrey Sax,"['Michael Keaton', 'Chandra West', 'Deborah Kara Unger']",10000000,91196419,81196419,811.9641899999999,5.6,261,14.447723,101.0,en
16781,Madea's Family Reunion,2006-02-24,2006.0,"['Drama', 'Comedy', 'Romance']",Tyler Perry,"['Tyler Perry', 'Blair Underwood', 'Lynn Whitfield']",6000000,57231524,51231524,853.8587333333334,6.0,77,5.882208,110.0,en
11873,The Color of Money,1986-10-07,1986.0,['Drama'],Martin Scorsese,"['Paul Newman', 'Tom Cruise', 'Mary Elizabeth Mastrantonio']",13800000,52293982,38493982,278.94189855072466,6.7,291,17.3393,119.0,en
9289,The Longest Day,1962-09-25,1962.0,"['Action', 'Drama', 'History', 'War']",Bernhard Wicki,"['Eddie Albert', 'Paul Anka', 'Arletty']",10000000,50100000,40100000,401.0,7.2,234,19.524972,178.0,en
10414,The Mighty Ducks,1992-10-01,1992.0,"['Comedy', 'Family']",Stephen Herek,"['Emilio Estevez', 'Joss Ackland', 'Lane Smith']",10000000,50752337,40752337,407.52337,6.4,198,8.932837,101.0,en
1970,The Grudge,2004-10-22,2004.0,"['Horror', 'Mystery', 'Thriller']",Takashi Shimizu,"['Sarah Michelle Gellar', 'Jason Behr', 'Clea DuVall']",10000000,183474602,173474602,1734.74602,5.8,865,35.695442,92.0,en
9614,Happy Gilmore,1996-02-16,1996.0,['Comedy'],Dennis Dugan,"['Adam Sandler', 'Ben Stiller', 'Christopher McDonald']",12000000,41205099,29205099,243.375825,6.5,755,26.598884,92.0,en
8922,Jeepers Creepers,2001-07-01,2001.0,"['Horror', 'Thriller']",Victor Salva,"['Gina Philips', 'Justin Long', 'Jonathan Breck']",10000000,59217789,49217789,492.17788999999993,6.1,720,23.316208,90.0,en
1648,Bill & Ted's Excellent Adventure,1989-02-17,1989.0,"['Adventure', 'Comedy', 'Science Fiction']",Stephen Herek,"['Keanu Reeves', 'Alex Winter', 'George Carlin']",10000000,40485039,30485039,304.85039,6.7,454,25.929893,90.0,en
17917,Oliver!,1968-09-26,1968.0,"['Drama', 'Family', 'Music']",Carol Reed,"['Ron Moody', 'Shani Wallis', 'Oliver Reed']",10000000,37402877,27402877,274.02877,7.0,103,8.305998,153.0,en
74534,The Best Exotic Marigold Hotel,2011-11-28,2011.0,"['Drama', 'Comedy']",John Madden,"['Bill Nighy', 'Maggie Smith', 'Tom Wilkinson']",10000000,136836156,126836156,1268.36156,6.9,459,21.258991,124.0,en
19405,Recess: School's Out,2001-01-27,2001.0,"['Science Fiction', 'Animation', 'Comedy', 'Family']",Chuck Sheetz,"[""Rickey D'Shon Collins"", 'Jason Davis', 'Ashley Johnson']",10000000,44460850,34460850,344.6085,6.6,67,5.699058,83.0,en
9355,Mad Max Beyond Thunderdome,1985-06-29,1985.0,"['Action', 'Adventure', 'Science Fiction']",George Miller,"['Mel Gibson', 'Tina Turner', 'Bruce Spence']",12305523,36230219,23924696,194.42242316722337,5.9,748,36.582038,107.0,en
10999,Commando,1985-10-03,1985.0,"['Action', 'Adventure', 'Thriller']",Mark L. Lester,"['Arnold Schwarzenegger', 'Rae Dawn Chong', 'Dan Hedaya']",10000000,57500000,47500000,475.0,6.4,742,34.224204,90.0,en
321258,The Boy,2016-01-22,2016.0,"['Horror', 'Mystery', 'Thriller']",William Brent Bell,"['Lauren Cohan', 'Rupert Evans', 'James Russell']",10000000,64188367,54188367,541.8836699999999,5.8,1102,38.179483,97.0,en
44040,Devil,2010-01-13,2010.0,"['Horror', 'Mystery', 'Thriller']",John Erick Dowdle,"['Chris Messina', 'Jacob Vargas', 'Bojana Novaković']",10000000,33583175,23583175,235.83175,5.8,816,30.934688,80.0,en
10426,Friday After Next,2002-11-22,2002.0,['Comedy'],Marcus Raboy,"['Ice Cube', 'Mike Epps', 'John Witherspoon']",20000000,33526835,13526835,67.634175,6.0,100,7.499639,85.0,en
280092,Insidious: Chapter 3,2015-06-04,2015.0,"['Drama', 'Horror', 'Thriller']",Leigh Whannell,"['Dermot Mulroney', 'Stefanie Scott', 'Lin Shaye']",10000000,104303851,94303851,943.0385100000001,6.2,983,45.946524,97.0,en
13938,The Last Dragon,1985-03-22,1985.0,"['Action', 'Adventure', 'Comedy']",Michael Schultz,"['Taimak', 'Julius Carry', 'Vanity']",10000000,25754284,15754284,157.54284,6.4,69,4.928777,108.0,en
10163,The Lawnmower Man,1992-03-05,1992.0,"['Horror', 'Thriller', 'Science Fiction']",Brett Leonard,"['Jeff Fahey', 'Pierce Brosnan', 'Jenny Wright']",10000000,32101000,22101000,221.01000000000002,5.4,197,10.125029,108.0,en
12182,Nick and Norah's Infinite Playlist,2008-10-03,2008.0,"['Comedy', 'Music', 'Romance']",Peter Sollett,"['Michael Cera', 'Kat Dennings', 'Aaron Yoo']",9000000,32973937,23973937,266.3770777777778,6.4,379,20.452449,89.0,en
1832,Dogma,1999-11-12,1999.0,"['Fantasy', 'Comedy', 'Adventure']",Kevin Smith,"['Ben Affleck', 'Matt Damon', 'Linda Fiorentino']",10000000,30652890,20652890,206.5289,6.8,823,14.543435,130.0,en
9034,The Banger Sisters,2002-09-20,2002.0,"['Comedy', 'Drama']",Bob Dolman,"['Goldie Hawn', 'Susan Sarandon', 'Geoffrey Rush']",10000000,0,-10000000,-100.0,5.5,62,6.015354,98.0,en
15301,Twilight Zone: The Movie,1983-06-24,1983.0,"['Drama', 'Fantasy', 'Horror', 'Science Fiction', 'Thriller']",Steven Spielberg,"['Albert Brooks', 'Vic Morrow', 'John Larroquette']",10000000,29450919,19450919,194.50919,6.2,161,12.902975,101.0,en
10135,Road House,1989-05-19,1989.0,"['Action', 'Thriller']",Rowdy Herrington,"['Patrick Swayze', 'Kelly Lynch', 'Sam Elliott']",15000000,30050028,15050028,100.33352,6.3,252,6.216203,114.0,en
26352,A Low Down Dirty Shame,1994-11-23,1994.0,"['Action', 'Comedy', 'Crime']",Keenen Ivory Wayans,"['Keenen Ivory Wayans', 'Charles S. Dutton', 'Jada Pinkett Smith']",10000000,29392418,19392418,193.92418,6.0,31,3.290639,100.0,en
20616,Swimfan,2002-09-06,2002.0,"['Drama', 'Thriller']",John Polson,"['Jesse Bradford', 'Erika Christensen', 'Shiri Appleby']",8500000,34411240,25911240,304.8381176470588,5.0,70,4.844451,84.0,en
9794,Employee of the Month,2006-10-06,2006.0,"['Comedy', 'Romance']",Greg Coolidge,"['Dane Cook', 'Jessica Simpson', 'Dax Shepard']",12000000,38368909,26368909,219.74090833333335,5.3,153,9.559737,103.0,en
15037,Can't Hardly Wait,1998-06-12,1998.0,"['Comedy', 'Drama', 'Romance']",Deborah Kaplan,"['Jennifer Love Hewitt', 'Ethan Embry', 'Charlie Korsmo']",10000000,25605015,15605015,156.05015,6.1,122,11.350382,100.0,en
227,The Outsiders,1983-03-25,1983.0,"['Crime', 'Drama']",Francis Ford Coppola,"['Matt Dillon', 'Ralph Macchio', 'C. Thomas Howell']",10000000,33697647,23697647,236.97647,6.9,291,13.455373,91.0,en
294272,Pete's Dragon,2016-08-10,2016.0,"['Adventure', 'Family', 'Fantasy']",David Lowery,"['Bryce Dallas Howard', 'Oakes Fegley', 'Wes Bentley']",65000000,143695338,78695338,121.06975076923077,6.2,679,31.974359,102.0,en
11336,The Dead Zone,1983-10-21,1983.0,"['Horror', 'Science Fiction', 'Thriller']",David Cronenberg,"['Christopher Walken', 'Brooke Adams', 'Tom Skerritt']",10000000,20766616,10766616,107.66616,6.9,311,16.78512,103.0,en
283445,Sinister 2,2015-08-19,2015.0,['Horror'],Ciaran Foy,"['Shannyn Sossamon', 'James Ransone', 'Robert Daniel Sloan']",10000000,52882018,42882018,428.82018000000005,5.4,581,26.090495,97.0,en
88036,Sparkle,2012-08-17,2012.0,"['Drama', 'Music']",Salim Akil,"['Whitney Houston', 'Cee Lo Green', 'Derek Luke']",14000000,24637469,10637469,75.98192142857143,5.8,36,2.698185,116.0,en
10984,Valentine,2001-02-01,2001.0,"['Horror', 'Thriller']",Jamie Blanks,"['Denise Richards', 'David Boreanaz', 'Marley Shelton']",0,0,0,,5.0,114,5.904126,96.0,en
22824,The Fourth Kind,2009-11-06,2009.0,"['Mystery', 'Science Fiction', 'Thriller']",Olatunde Osunsanmi,"['Milla Jovovich', 'Will Patton', 'Hakeem Kae-Kazim']",10000000,42333295,32333295,323.33295,5.8,441,22.888173,98.0,en
9526,A Prairie Home Companion,2006-06-09,2006.0,"['Drama', 'Comedy', 'Music']",Robert Altman,"['Meryl Streep', 'Lindsay Lohan', 'Virginia Madsen']",10000000,0,-10000000,-100.0,6.4,81,5.025446,105.0,en
39349,Sugar Hill,1994-02-25,1994.0,"['Drama', 'Action', 'Thriller']",Leon Ichaso,"['Wesley Snipes', 'Michael Wright', 'Donald Faison']",0,0,0,,5.2,13,2.580808,123.0,en
15983,Invasion U.S.A.,1985-09-27,1985.0,"['Action', 'Thriller']",Joseph Zito,"['Chuck Norris', 'Richard Lynch', 'Melissa Prophet']",0,0,0,,5.3,49,4.192064,107.0,en
14544,Roll Bounce,2005-09-23,2005.0,"['Comedy', 'Drama', 'Family']",Malcolm D. Lee,"['Nick Cannon', 'Shad Moss', 'Chi McBride']",0,0,0,,6.1,27,2.596338,112.0,en
11545,Rushmore,1998-09-17,1998.0,"['Comedy', 'Drama']",Wes Anderson,"['Jason Schwartzman', 'Olivia Williams', 'Bill Murray']",9000000,17096053,8096053,89.95614444444445,7.5,676,18.289303,93.0,en
42684,Skyline,2010-11-11,2010.0,['Science Fiction'],Colin Strause,"['Eric Balfour', 'Scottie Thompson', 'David Zayas']",10000000,66821036,56821036,568.2103599999999,4.7,507,26.268209,100.0,en
268238,The Second Best Exotic Marigold Hotel,2015-02-26,2015.0,"['Drama', 'Comedy']",John Madden,"['Dev Patel', 'Judi Dench', 'Richard Gere']",10000000,85978266,75978266,759.7826600000001,6.3,272,17.592299,122.0,en
8359,Kit Kittredge: An American Girl,2008-07-02,2008.0,"['Comedy', 'Drama', 'Family']",Patricia Rozema,"['Abigail Breslin', ""Chris O'Donnell"", 'Julia Ormond']",0,0,0,,6.4,34,6.27141,101.0,en
15648,The Perfect Man,2005-06-17,2005.0,"['Comedy', 'Drama', 'Family', 'Romance']",Mark Rosman,"['Hilary Duff', 'Heather Locklear', 'Chris Noth']",0,0,0,,5.5,203,11.158906,100.0,en
41823,Mo' Better Blues,1990-08-03,1990.0,"['Drama', 'Romance']",Spike Lee,"['Denzel Washington', 'Spike Lee', 'Wesley Snipes']",10000000,16153593,6153593,61.53593000000001,6.3,47,3.079862,129.0,en
11891,Kung Pow: Enter the Fist,2002-01-25,2002.0,"['Action', 'Comedy']",Steve Oedekerk,"['Hui Lou Chen', 'Tad Horino', 'Steve Oedekerk']",0,0,0,,6.1,159,8.288813,81.0,en
9362,Tremors,1990-01-19,1990.0,"['Action', 'Horror']",Ron Underwood,"['Kevin Bacon', 'Fred Ward', 'Finn Carter']",11000000,48572000,37572000,341.56363636363636,6.6,864,32.579697,96.0,en
9902,Wrong Turn,2003-05-30,2003.0,"['Horror', 'Thriller']",Rob Schmidt,"['Desmond Harrington', 'Eliza Dushku', 'Emmanuelle Chriqui']",12600000,28650575,16050575,127.38551587301588,6.0,635,33.555764,84.0,en
14729,The Long Riders,1980-05-12,1980.0,"['Western', 'History']",Walter Hill,"['David Carradine', 'Keith Carradine', 'Robert Carradine']",10000000,15795189,5795189,57.95188999999999,6.6,50,2.959547,99.0,en
9455,The Corruptor,1999-03-12,1999.0,"['Action', 'Crime', 'Mystery', 'Thriller']",James Foley,"['Mark Wahlberg', 'Chow Yun-fat', 'Byron Mann']",25000000,15156200,-9843800,-39.3752,6.0,57,4.068107,110.0,en
103731,Mud,2013-05-01,2013.0,['Drama'],Jeff Nichols,"['Matthew McConaughey', 'Tye Sheridan', 'Jacob Lofland']",10000000,21587700,11587700,115.87700000000001,7.0,1068,17.663353,130.0,en
10090,Reno 911!: Miami,2007-02-23,2007.0,"['Action', 'Adventure', 'Comedy', 'Crime']",Ben Garant,"['Lennie Loftin', 'Danny DeVito', 'Ben Garant']",10000000,20342161,10342161,103.42161000000002,5.6,72,4.207456,84.0,en
164558,One Direction: This Is Us,2013-08-28,2013.0,"['Documentary', 'Music']",Morgan Spurlock,"['Harry Styles', 'Niall Horan', 'Zayn Malik']",10000000,0,-10000000,-100.0,8.0,201,7.944457,92.0,en
19905,"The Goods: Live Hard, Sell Hard",2009-08-14,2009.0,['Comedy'],Neal Brennan,"['Jeremy Piven', 'Ving Rhames', 'James Brolin']",10000000,0,-10000000,-100.0,5.4,58,3.352702,90.0,en
17710,Hey Arnold! The Movie,2002-06-28,2002.0,"['Animation', 'Family']",Tuck Tucker,"['Spencer Klein', 'Francesca Smith', 'Jamil Walker Smith']",0,0,0,,5.6,62,5.856363,76.0,en
75900,My Week with Marilyn,2011-10-17,2011.0,['Drama'],Simon Curtis,"['Michelle Williams', 'Eddie Redmayne', 'Kenneth Branagh']",6400000,35057696,28657696,447.7765,6.6,406,21.006078,99.0,en
9515,The Matador,2005-05-12,2005.0,"['Action', 'Comedy', 'Crime', 'Drama', 'Thriller']",Richard Shepard,"['Pierce Brosnan', 'Greg Kinnear', 'Hope Davis']",10000000,17297244,7297244,72.97244,6.2,136,5.647538,96.0,en
27322,Love Jones,1997-03-14,1997.0,"['Comedy', 'Drama', 'Romance']",Theodore Witcher,"['Larenz Tate', 'Nia Long', 'Isaiah Washington']",10000000,0,-10000000,-100.0,8.1,12,1.000178,104.0,en
328425,The Gift,2015-07-30,2015.0,"['Thriller', 'Mystery']",Joel Edgerton,"['Jason Bateman', 'Rebecca Hall', 'Joel Edgerton']",5000000,58978653,53978653,1079.5730600000002,6.7,1049,27.247013,108.0,en
14120,End of the Spear,2005-12-02,2005.0,"['Adventure', 'Drama']",Jim Hanon,"['Louie Leonardo', 'Chad Allen', 'Jack Guzman']",0,0,0,,6.1,15,1.83428,108.0,en
10050,Get Over It,2001-03-08,2001.0,"['Comedy', 'Romance']",Tommy O'Haver,"['Kirsten Dunst', 'Ben Foster', 'Melissa Sagemiller']",10000000,0,-10000000,-100.0,5.5,75,11.592129,87.0,en
1542,Office Space,1999-02-19,1999.0,"['Comedy', 'Crime']",Mike Judge,"['Ron Livingston', 'Jennifer Aniston', 'David Herman']",10000000,12827813,2827813,28.27813,7.4,1050,18.366362,89.0,en
10490,Drop Dead Gorgeous,1999-07-23,1999.0,['Comedy'],Michael Patrick Jann,"['Kirsten Dunst', 'Ellen Barkin', 'Denise Richards']",10000000,10571408,571408,5.71408,6.4,86,6.736274,98.0,en
87093,Big Eyes,2014-12-24,2014.0,['Drama'],Tim Burton,"['Amy Adams', 'Christoph Waltz', 'Krysten Ritter']",10000000,28883511,18883511,188.83511,6.8,1196,28.570174,105.0,en
10029,Very Bad Things,1998-09-11,1998.0,"['Comedy', 'Crime', 'Thriller']",Peter Berg,"['Jon Favreau', 'Leland Orser', 'Cameron Diaz']",30000000,9898412,-20101588,-67.00529333333334,6.2,179,5.671691,100.0,en
9893,Sleepover,2004-07-09,2004.0,"['Comedy', 'Family']",Joe Nussbaum,"['Alexa PenaVega', 'Mika Boorem', 'Jane Lynch']",0,0,0,,5.3,101,5.842299,89.0,en
11507,Body Double,1984-10-25,1984.0,"['Crime', 'Mystery', 'Horror', 'Thriller']",Brian De Palma,"['Craig Wasson', 'Melanie Griffith', 'Gregg Henry']",10000000,8801940,-1198060,-11.980599999999999,6.4,137,9.525626,114.0,en
37931,MacGruber,2010-05-21,2010.0,"['Action', 'Adventure', 'Comedy']",Jorma Taccone,"['Will Forte', 'Kristen Wiig', 'Val Kilmer']",10000000,6110000,-3890000,-38.9,5.1,179,14.038512,90.0,en
3472,Dirty Pretty Things,2002-09-05,2002.0,"['Crime', 'Drama', 'Thriller']",Stephen Frears,"['Chiwetel Ejiofor', 'Audrey Tautou', 'Sergi López']",0,0,0,,6.8,131,9.177896,97.0,en
87818,Movie 43,2013-01-01,2013.0,['Comedy'],Griffin Dunne,"['Anna Faris', 'Emma Stone', 'Halle Berry']",6000000,32438988,26438988,440.6498,4.4,797,35.350303,90.0,en
13160,Over Her Dead Body,2008-02-01,2008.0,['Comedy'],Jeff Lowell,"['Eva Longoria', 'Jason Biggs', 'Lake Bell']",10000000,0,-10000000,-100.0,5.3,145,12.067921,95.0,en
88005,Seeking a Friend for the End of the World,2012-06-22,2012.0,"['Comedy', 'Drama', 'Romance', 'Science Fiction']",Lorene Scafaria,"['Steve Carell', 'Keira Knightley', 'Connie Britton']",10000000,9636289,-363711,-3.6371100000000003,6.3,700,30.863082,101.0,en
52067,Cedar Rapids,2011-02-11,2011.0,['Comedy'],Miguel Arteta,"['Anne Heche', 'Ed Helms', 'Sigourney Weaver']",0,6861102,6861102,inf,5.9,135,10.254807,87.0,en
73,American History X,1998-10-30,1998.0,['Drama'],Tony Kaye,"['Edward Norton', 'Edward Furlong', ""Beverly D'Angelo""]",20000000,23875127,3875127,19.375635,8.2,3016,73.567232,119.0,en
134597,The Collection,2012-09-21,2012.0,"['Horror', 'Thriller']",Marcus Dunstan,"['Josh Stewart', 'Christopher McDonald', 'Emma Fitzpatrick']",0,6842058,6842058,inf,5.9,289,16.361743,94.0,en
24034,Teacher's Pet,2004-01-16,2004.0,"['Animation', 'Drama', 'Family', 'Music']",Timothy Bjorklund,"['Nathan Lane', 'Kelsey Grammer', 'Shaun Fleming']",10000000,0,-10000000,-100.0,5.5,2,1.374409,74.0,en
14283,The Red Violin,1998-09-10,1998.0,"['Drama', 'Thriller', 'Mystery', 'Music', 'Romance']",François Girard,"['Carlo Cecchi', 'Irene Grazioli', 'Anita Laurenzi']",18000000,9495408,-8504592,-47.247733333333336,7.3,99,6.18869,131.0,en
404,The Straight Story,1999-10-15,1999.0,['Drama'],David Lynch,"['Richard Farnsworth', 'Sissy Spacek', 'Jane Galloway Heitz']",10000000,0,-10000000,-100.0,7.7,306,15.280261,112.0,en
13201,Deuces Wild,2002-05-03,2002.0,"['Action', 'Crime', 'Drama', 'Romance']",Scott Kalvert,"['Stephen Dorff', 'Fairuza Balk', 'Brad Renfro']",0,0,0,,5.5,34,0.753481,96.0,en
209403,Bad Words,2013-09-06,2013.0,['Comedy'],Jason Bateman,"['Jason Bateman', 'Kathryn Hahn', 'Rohan Chand']",9500000,7800000,-1700000,-17.894736842105264,6.4,334,14.105392,88.0,en
7942,"Run, Fatboy, Run",2007-09-06,2007.0,"['Comedy', 'Romance']",David Schwimmer,"['Simon Pegg', 'Thandie Newton', 'Hank Azaria']",10000000,33000000,23000000,229.99999999999997,6.2,238,14.905357,100.0,en
73247,Heartbeeps,1981-12-18,1981.0,"['Comedy', 'Romance', 'Family']",Allan Arkush,"['Andy Kaufman', 'Bernadette Peters', 'Randy Quaid']",10000000,2154696,-7845304,-78.45304,3.8,6,0.518056,79.0,en
253331,Black or White,2014-09-06,2014.0,['Drama'],Mike Binder,"['Kevin Costner', 'Jillian Estell', 'Jennifer Ehle']",9000000,21571189,12571189,139.67987777777776,6.5,115,12.172131,121.0,en
34043,On the Line,2001-10-26,2001.0,"['Comedy', 'Family', 'Romance']",Eric Bross,"['Lance Bass', 'Joey Fatone', 'Emmanuelle Chriqui']",0,0,0,,4.1,10,3.084874,85.0,en
9952,Rescue Dawn,2006-09-09,2006.0,"['Adventure', 'Drama', 'War']",Werner Herzog,"['Christian Bale', 'Steve Zahn', 'Marshall Bell']",10000000,7177143,-2822857,-28.228569999999998,6.9,336,17.078656,126.0,en
256924,Danny Collins,2015-03-19,2015.0,"['Comedy', 'Drama', 'Music']",Dan Fogelman,"['Al Pacino', 'Annette Bening', 'Jennifer Garner']",10000000,10835752,835752,8.357520000000001,6.6,183,16.318608,107.0,en
82532,"Jeff, Who Lives at Home",2011-09-13,2011.0,"['Drama', 'Comedy']",Jay Duplass,"['Jason Segel', 'Ed Helms', 'Susan Sarandon']",10000000,4417580,-5582420,-55.824200000000005,6.1,217,10.409155,83.0,en
41110,I Am Love,2009-09-05,2009.0,"['Drama', 'Romance']",Luca Guadagnino,"['Tilda Swinton', 'Flavio Parenti', 'Edoardo Gabbriellini']",0,0,0,,6.9,73,5.355763,120.0,it
134371,Atlas Shrugged Part II,2012-10-12,2012.0,"['Drama', 'Science Fiction', 'Mystery']",John Putch,"['Samantha Mathis', 'Jason Beghe', 'Esai Morales']",0,0,0,,5.4,41,4.725357,112.0,en
2088,Romeo Is Bleeding,1993-09-13,1993.0,"['Action', 'Crime', 'Drama', 'Thriller']",Peter Medak,"['Gary Oldman', 'Lena Olin', 'Annabella Sciorra']",11500000,3275585,-8224415,-71.51665217391304,5.7,36,4.850402,100.0,en
10388,The Limey,1999-05-15,1999.0,"['Action', 'Crime', 'Drama', 'Mystery', 'Thriller']",Steven Soderbergh,"['Terence Stamp', 'Lesley Ann Warren', 'Luis Guzmán']",10000000,3193102,-6806898,-68.06898,6.6,105,8.902102,89.0,en
1640,Crash,2004-01-13,2004.0,['Drama'],Paul Haggis,"['Sandra Bullock', 'Don Cheadle', 'Matt Dillon']",6500000,98410061,91910061,1414.0009384615385,7.2,1149,28.223163,112.0,en
25520,The House of Mirth,2000-09-23,2000.0,"['Drama', 'Romance']",Terence Davies,"['Gillian Anderson', 'Dan Aykroyd', 'Eleanor Bron']",10000000,5164404,-4835596,-48.355959999999996,6.4,25,3.007816,140.0,en
27342,Malone,1987-05-01,1987.0,"['Action', 'Thriller']",Harley Cokeliss,"['Burt Reynolds', 'Cliff Robertson', 'Kenneth McMillan']",0,0,0,,6.8,15,1.610132,92.0,en
13689,Peaceful Warrior,2006-03-30,2006.0,"['Drama', 'Romance']",Victor Salva,"['Scott Mechlowicz', 'Nick Nolte', 'Amy Smart']",0,0,0,,7.3,90,8.326131,120.0,en
67911,Bucky Larson: Born to Be a Star,2011-09-09,2011.0,['Comedy'],Tom Brady,"['Nick Swardson', 'Christina Ricci', 'Stephen Dorff']",10000000,0,-10000000,-100.0,4.4,51,3.919057,97.0,en
24664,Bamboozled,2000-10-06,2000.0,"['Comedy', 'Drama']",Spike Lee,"['Damon Wayans', 'Savion Glover', 'Tommy Davidson']",0,0,0,,6.3,24,2.23411,135.0,en
329440,The Forest,2016-01-07,2016.0,"['Horror', 'Thriller']",Jason Zada,"['Natalie Dormer', 'Taylor Kinney', 'Yukiyoshi Ozawa']",10000000,40055439,30055439,300.55439,4.8,448,19.865989,95.0,en
47890,Sphinx,1981-02-11,1981.0,"['Adventure', 'Mystery', 'Thriller']",Franklin J. Schaffner,"['Lesley-Anne Down', 'Frank Langella', 'Maurice Ronet']",14000000,439564,-13560436,-96.86025714285714,6.0,2,0.310513,118.0,en
252512,While We're Young,2015-04-03,2015.0,"['Comedy', 'Drama', 'Mystery']",Noah Baumbach,"['Ben Stiller', 'Naomi Watts', 'Adam Driver']",10000000,7587485,-2412515,-24.12515,5.8,383,19.263477,97.0,en
55720,A Better Life,2011-06-24,2011.0,['Drama'],Chris Weitz,"['Demián Bichir', 'José Julián', 'Chelsea Rendon']",10000000,1759252,-8240748,-82.40747999999999,7.0,54,4.123533,98.0,en
9613,Spider,2002-12-13,2002.0,"['Drama', 'Mystery', 'Thriller']",David Cronenberg,"['Ralph Fiennes', 'Miranda Richardson', 'Gabriel Byrne']",0,0,0,,6.4,168,6.948401,98.0,en
29076,Gun Shy,2000-02-04,2000.0,"['Action', 'Comedy', 'Romance', 'Thriller']",Eric Blakeney,"['Sandra Bullock', 'Liam Neeson', 'Oliver Platt']",10000000,1631839,-8368161,-83.68160999999999,5.4,24,3.988432,101.0,en
29339,Nicholas Nickleby,2002-12-27,2002.0,"['Adventure', 'Drama', 'Action', 'Family']",Douglas McGrath,"['Charlie Hunnam', 'Nathan Lane', 'Jim Broadbent']",0,0,0,,6.8,49,5.099923,132.0,en
68812,The Iceman,2012-09-01,2012.0,"['Thriller', 'Crime', 'Drama']",Ariel Vromen,"['Michael Shannon', 'Winona Ryder', 'Ray Liotta']",20000000,1969193,-18030807,-90.154035,6.4,365,19.494703,105.0,en
32740,Krrish,2006-06-23,2006.0,"['Action', 'Science Fiction']",Rakesh Roshan,"['Hrithik Roshan', 'Naseeruddin Shah', 'Priyanka Chopra']",0,0,0,,5.5,46,3.759988,154.0,hi
14195,Cecil B. Demented,2000-05-17,2000.0,"['Thriller', 'Comedy', 'Crime']",John Waters,"['Melanie Griffith', 'Stephen Dorff', 'Alicia Witt']",10000000,0,-10000000,-100.0,6.2,51,4.176066,87.0,en
73567,Killer Joe,2011-09-10,2011.0,"['Crime', 'Drama', 'Thriller']",William Friedkin,"['Matthew McConaughey', 'Emile Hirsch', 'Thomas Haden Church']",10000000,3665069,-6334931,-63.34931,6.5,425,16.436178,102.0,en
41479,The Joneses,2009-09-13,2009.0,"['Comedy', 'Drama']",Derrick Borte,"['David Duchovny', 'Demi Moore', 'Amber Heard']",10000000,7022728,-2977272,-29.772720000000003,6.1,210,14.979375,96.0,en
15394,Owning Mahowny,2003-05-02,2003.0,"['Crime', 'Drama', 'Thriller']",Richard Kwietniowski,"['Philip Seymour Hoffman', 'Minnie Driver', 'John Hurt']",0,0,0,,6.8,37,8.045488,104.0,en
10071,The Brothers Solomon,2007-09-07,2007.0,['Comedy'],Bob Odenkirk,"['Will Arnett', 'Will Forte', 'Kristen Wiig']",0,0,0,,4.9,46,8.312153,93.0,en
1989,My Blueberry Nights,2007-05-16,2007.0,"['Drama', 'Romance']",Wong Kar-wai,"['Norah Jones', 'Jude Law', 'Natalie Portman']",10000000,21786738,11786738,117.86738000000001,6.0,190,10.733761,111.0,en
91076,Illuminata,1998-05-21,1998.0,['Drama'],John Turturro,"['John Turturro', 'Christopher Walken', 'Susan Sarandon']",0,0,0,,6.3,7,0.111313,119.0,en
12779,Swept Away,2002-10-11,2002.0,"['Comedy', 'Romance']",Guy Ritchie,"['Madonna', 'Adriano Giannini', 'Bruce Greenwood']",10000000,598645,-9401355,-94.01355,4.8,50,4.570043,89.0,en
13191,"War, Inc.",2008-04-28,2008.0,"['Action', 'Adventure', 'Comedy', 'Thriller']",Joshua Seftel,"['John Cusack', 'Hilary Duff', 'Marisa Tomei']",5000000,1296184,-3703816,-74.07632,5.6,86,6.265659,106.0,en
11770,Shaolin Soccer,2001-07-12,2001.0,"['Action', 'Comedy']",Stephen Chow,"['Stephen Chow', 'Ng Man-Tat', 'Patrick Tse Yin']",0,42776760,42776760,inf,6.6,491,17.54768,113.0,cn
12703,The Brown Bunny,2004-08-27,2004.0,['Drama'],Vincent Gallo,"['Vincent Gallo', 'Chloë Sevigny', 'Cheryl Tiegs']",10000000,0,-10000000,-100.0,5.5,62,3.412162,93.0,en
64559,The Swindle,1997-10-15,1997.0,"['Comedy', 'Crime', 'Thriller']",Claude Chabrol,"['Michel Serrault', 'Isabelle Huppert', 'François Cluzet']",0,0,0,,6.4,5,0.627964,105.0,fr
222649,Rosewater,2014-11-07,2014.0,['Drama'],Jon Stewart,"['Gael García Bernal', 'Shohreh Aghdashloo', 'Jason Jones']",0,0,0,,6.5,98,5.75555,103.0,en
115872,The Chambermaid on the Titanic,1997-10-10,1997.0,['Drama'],Bigas Luna,"['Olivier Martinez', 'Aitana Sánchez-Gijón', 'Romane Bohringer']",0,0,0,,5.3,3,1.031142,100.0,en
101173,Coriolanus,2011-02-14,2011.0,"['Drama', 'Thriller']",Ralph Fiennes,"['Gerard Butler', 'Ralph Fiennes', 'Lubna Azabal']",7700000,1072602,-6627398,-86.0701038961039,5.9,131,7.554799,123.0,en
25350,Imaginary Heroes,2004-09-14,2004.0,"['Comedy', 'Drama']",Dan Harris,"['Sigourney Weaver', 'Ryan Donowho', 'Emile Hirsch']",10000000,0,-10000000,-100.0,6.3,29,2.85283,111.0,en
10034,High Heels and Low Lifes,2001-07-16,2001.0,"['Action', 'Crime', 'Comedy']",Mel Smith,"['Minnie Driver', 'Mary McCormack', 'Kevin McNally']",0,0,0,,6.4,12,1.769593,86.0,en
20178,World's Greatest Dad,2009-08-20,2009.0,"['Comedy', 'Romance']",Bobcat Goldthwait,"['Robin Williams', 'Alexie Gilmore', 'Daryl Sabara']",10000000,295750,-9704250,-97.0425,6.5,177,9.805551,99.0,en
5072,Severance,2006-05-19,2006.0,"['Horror', 'Comedy', 'Thriller']",Christopher Smith,"['Danny Dyer', 'Laura Harris', 'Toby Stephens']",0,0,0,,6.4,169,12.898984,96.0,en
18191,Edmond,2005-08-31,2005.0,"['Drama', 'Thriller']",Stuart Gordon,"['William H. Macy', 'Joe Mantegna', 'Denise Richards']",10000000,0,-10000000,-100.0,6.0,50,2.803642,82.0,en
31007,Welcome to the Rileys,2010-10-29,2010.0,['Drama'],Jake Scott,"['Kristen Stewart', 'James Gandolfini', 'Melissa Leo']",0,42145,42145,inf,6.4,139,6.085879,110.0,en
11546,Police Academy: Mission to Moscow,1994-06-09,1994.0,"['Comedy', 'Crime']",Alan Metter,"['George Gaynes', 'G. W. Bailey', 'Leslie Easterbrook']",0,126247,126247,inf,4.1,178,11.946898,83.0,en
41894,Blood Done Sign My Name,2010-02-01,2010.0,"['Drama', 'Crime']",Jeb Stuart,"['Natalie Alyn Lind', 'Michael Rooker', 'Emily Alyn Lind']",0,0,0,,6.0,5,0.397341,0.0,en
184374,Cinco de Mayo: La Batalla,2013-05-03,2013.0,"['War', 'History', 'Drama']",Rafa Lara,"['Christian Vazquez', 'Liz Gallardo', 'Angélica Aragón']",10000000,0,-10000000,-100.0,5.8,14,0.072085,125.0,es
268171,Elsa & Fred,2014-03-07,2014.0,"['Comedy', 'Family', 'Romance']",Michael Radford,"['Shirley MacLaine', 'Christopher Plummer', 'Chris Noth']",10000000,0,-10000000,-100.0,6.2,31,2.849895,104.0,en
78149,"An Alan Smithee Film: Burn, Hollywood, Burn",1998-02-20,1998.0,['Comedy'],Alan Smithee,"['Jackie Chan', 'Sylvester Stallone', 'Whoopi Goldberg']",10000000,45779,-9954221,-99.54221,3.0,9,0.666218,86.0,en
24663,The Open Road,2009-02-07,2009.0,"['Comedy', 'Drama', 'Romance']",Michael Meredith,"['Justin Timberlake', 'Jeff Bridges', 'Kate Mara']",0,0,0,,4.8,19,1.388136,90.0,en
39037,The Good Guy,2009-04-25,2009.0,"['Comedy', 'Romance']",Julio DePietro,"['Alexis Bledel', 'Colin Egglesfield', 'Anna Chlumsky']",3200000,0,-3200000,-100.0,5.4,59,2.631688,90.0,en
22805,Motherhood,2009-01-21,2009.0,"['Comedy', 'Drama']",Katherine Dieckmann,"['Uma Thurman', 'Minnie Driver', 'Anthony Edwards']",0,0,0,,4.7,44,10.955567,90.0,en
39055,Free Style,2008-12-24,2008.0,"['Drama', 'Family']",William Dear,"['Corbin Bleu', 'Sandra Echeverría', 'Madison Pettis']",0,140987,140987,inf,5.8,4,0.122874,94.0,en
245846,Strangerland,2015-07-01,2015.0,"['Drama', 'Thriller']",Kim Farrant,"['Nicole Kidman', 'Joseph Fiennes', 'Hugo Weaving']",10000000,17472,-9982528,-99.82528,5.1,83,5.145655,111.0,en
25186,Janky Promoters,2009-10-16,2009.0,['Comedy'],Marcus Raboy,"['Ice Cube', 'Mike Epps', 'Young Jeezy']",10000000,9069,-9990931,-99.90930999999999,7.0,5,1.728816,85.0,en
15017,Blonde Ambition,2007-12-21,2007.0,"['Comedy', 'Romance']",Scott Marshall Smith,"['Jessica Simpson', 'Luke Wilson', 'Rachael Leigh Cook']",10000000,0,-10000000,-100.0,3.9,29,3.064563,93.0,en
12245,The Oxford Murders,2008-01-18,2008.0,"['Crime', 'Mystery', 'Thriller']",Álex de la Iglesia,"['Elijah Wood', 'John Hurt', 'Leonor Watling']",14100000,0,-14100000,-100.0,5.7,188,9.318033,107.0,en
49787,The Reef,2010-05-15,2010.0,"['Drama', 'Horror', 'Thriller']",Andrew Traucki,"['Adrienne Pickering', 'Zoe Naylor', 'Gyton Grantley']",0,0,0,,5.4,130,7.245108,94.0,en
16358,Eulogy,2004-10-15,2004.0,"['Comedy', 'Drama']",Michael Clancy,"['Hank Azaria', 'Jesse Bradford', 'Zooey Deschanel']",0,0,0,,6.4,34,9.085482,91.0,en
7006,White Noise 2: The Light,2007-01-05,2007.0,"['Thriller', 'Drama', 'Horror', 'Fantasy']",Patrick Lussier,"['Nathan Fillion', 'Katee Sackhoff', 'Craig Fairbrass']",0,0,0,,5.6,80,6.814247,99.0,en
66767,Beat the World,2011-06-10,2011.0,"['Music', 'Drama']",Robert Adetuyi,"['Tyrone Brown', 'Mishael Morgan', 'Nikki Grant']",10000000,0,-10000000,-100.0,4.3,16,2.873796,91.0,en
17622,Fifty Dead Men Walking,2008-09-10,2008.0,"['Action', 'Thriller']",Kari Skogland,"['Ben Kingsley', 'Jim Sturgess', 'Kevin Zegers']",0,0,0,,6.1,35,4.481897,117.0,en
283671,Jungle Shuffle,2014-08-07,2014.0,"['Family', 'Animation', 'Adventure']",Taedong Park,"['Drake Bell', 'Rob Schneider', 'Brianne Siddall']",0,0,0,,6.5,1,1.413934,85.0,en
18516,Adam Resurrected,2008-08-08,2008.0,"['Drama', 'War']",Paul Schrader,"['Jeff Goldblum', 'Willem Dafoe', 'Derek Jacobi']",10000000,0,-10000000,-100.0,6.4,22,2.574014,106.0,en
217708,Of Horses and Men,2013-08-30,2013.0,"['Drama', 'Romance', 'Comedy']",Benedikt Erlingsson,"['Ingvar Eggert Sigurðsson', 'Charlotte Bøving', 'Steinn Ármann Magnússon']",10,11,1,10.0,6.9,26,1.617943,85.0,is
42057,It's a Wonderful Afterlife,2010-05-07,2010.0,"['Comedy', 'Romance']",Gurinder Chadha,"['Shabana Azmi', 'Goldy Notay', 'Sendhil Ramamurthy']",0,0,0,,4.3,9,1.259968,99.0,en
17577,The Devil's Tomb,2009-05-26,2009.0,"['Action', 'Horror', 'Thriller', 'Science Fiction']",Jason Connery,"['Cuba Gooding Jr.', 'Ray Winstone', 'Ron Perlman']",10000000,0,-10000000,-100.0,4.0,53,5.099472,90.0,en
14608,Partition,2007-02-02,2007.0,"['Drama', 'Foreign', 'Romance']",Vic Sarin,"['Kristin Kreuk', 'Jimi Mistry', 'Neve Campbell']",0,0,0,,6.4,6,2.131524,116.0,en
34417,Good Intentions,2010-03-09,2010.0,['Comedy'],Jim Issa,"['Luke Perry', 'LeAnn Rimes', 'Jimmi Simpson']",0,0,0,,5.0,6,0.304566,85.0,en
15067,"The Good, The Bad, The Weird",2008-07-16,2008.0,"['Action', 'Adventure', 'Comedy', 'Western']",Kim Jee-woon,"['Song Kang-ho', 'Lee Byung-hun', 'Jung Woo-sung']",10000000,0,-10000000,-100.0,7.1,193,11.847324,130.0,ko
78383,Nurse 3-D,2013-09-28,2013.0,"['Horror', 'Thriller']",Douglas Aarniokoski,"['Paz de la Huerta', 'Katrina Bowden', 'Kathleen Turner']",10,10000000,9999990,99999900.0,4.9,119,10.013629,99.0,en
43090,Gunless,2010-04-30,2010.0,"['Drama', 'Action', 'Comedy', 'Western']",William Phillips,"['Sienna Guillory', 'Tyler Mane', 'Callum Keith Rennie']",10000000,0,-10000000,-100.0,6.7,27,3.753703,89.0,en
16614,Adventureland,2009-04-03,2009.0,['Comedy'],Greg Mottola,"['Jesse Eisenberg', 'Kristen Stewart', 'Martin Starr']",9500000,17164377,7664377,80.67765263157895,6.4,737,19.978021,107.0,en
9700,The Lost City,2005-09-03,2005.0,"['Drama', 'Romance']",Andy García,"['Andy García', 'Richard Bradford', 'Nestor Carbonell']",9600000,4386236,-5213764,-54.31004166666666,6.0,24,3.588529,144.0,en
10471,Next Friday,2000-01-12,2000.0,['Comedy'],Steve Carr,"['Ice Cube', 'Mike Epps', 'Justin Pierce']",11000000,59827328,48827328,443.88480000000004,6.4,135,9.337388,98.0,en
250066,American Heist,2014-09-11,2014.0,['Action'],Sarik Andreasyan,"['Hayden Christensen', 'Adrien Brody', 'Jordana Brewster']",10000000,0,-10000000,-100.0,4.3,158,11.431434,94.0,en
667,You Only Live Twice,1967-06-12,1967.0,"['Action', 'Thriller', 'Adventure']",Lewis Gilbert,"['Sean Connery', 'Akiko Wakabayashi', 'Karin Dor']",9500000,111584787,102084787,1074.576705263158,6.5,531,28.675891,117.0,en
208869,Plastic,2014-04-30,2014.0,"['Drama', 'Action', 'Comedy', 'Crime']",Julian Gilbey,"['Ed Speleers', 'Will Poulter', 'Alfie Allen']",10,0,-10,-100.0,6.1,86,9.70276,102.0,en
86837,Amour,2012-07-01,2012.0,"['Drama', 'Romance']",Michael Haneke,"['Emmanuelle Riva', 'Jean-Louis Trintignant', 'Isabelle Huppert']",8900000,19839492,10939492,122.91564044943821,7.5,400,17.151293,127.0,fr
10306,Poltergeist III,1988-06-10,1988.0,"['Horror', 'Thriller']",Gary Sherman,"['Tom Skerritt', 'Nancy Allen', ""Heather O'Rourke""]",10500000,14144000,3644000,34.7047619047619,4.5,123,11.225044,98.0,en
106845,Re-Kill,2015-10-16,2015.0,"['Horror', 'Science Fiction']",Valeri Milev,"['Roger Cross', 'Scott Adkins', 'Daniella Alonso']",9500000,0,-9500000,-100.0,4.9,34,5.346205,87.0,en
11576,"It's a Mad, Mad, Mad, Mad World",1963-11-07,1963.0,"['Action', 'Adventure', 'Comedy', 'Crime']",Stanley Kramer,"['Spencer Tracy', 'Milton Berle', 'Sid Caesar']",9400000,60000000,50600000,538.2978723404256,7.0,140,14.562991,163.0,en
219,Volver,2006-03-16,2006.0,"['Comedy', 'Drama', 'Romance']",Pedro Almodóvar,"['Penélope Cruz', 'Carmen Maura', 'Lola Dueñas']",12899867,85582407,72682540,563.4363517081223,7.3,406,19.747809,121.0,es
11827,Heavy Metal,1981-08-07,1981.0,"['Animation', 'Science Fiction']",Gerald Potterton,"['Rodger Bumpass', 'Jackie Burroughs', 'Joe Flaherty']",9300000,0,-9300000,-100.0,6.2,148,12.928269,90.0,en
22820,Gentlemen Broncos,2009-09-30,2009.0,"['Action', 'Comedy', 'Thriller']",Jared Hess,"['Michael Angarano', 'Sam Rockwell', 'Clive Revill']",10000000,0,-10000000,-100.0,6.2,51,3.193777,89.0,en
31174,Richard III,1995-12-29,1995.0,"['Drama', 'War']",Richard Loncraine,"['Ian McKellen', 'Annette Bening', 'Jim Broadbent']",0,0,0,,6.9,49,5.107235,104.0,en
244316,Into the Grizzly Maze,2015-02-27,2015.0,"['Action', 'Horror', 'Thriller']",David Hackl,"['James Marsden', 'Thomas Jane', 'Piper Perabo']",10000000,0,-10000000,-100.0,5.1,74,10.073144,94.0,en
37737,Kites,2010-05-21,2010.0,"['Drama', 'Action', 'Romance']",Anurag Basu,"['Hrithik Roshan', 'Bárbara Mori', 'Kabir Bedi']",0,0,0,,6.0,40,4.807549,131.0,en
62215,Melancholia,2011-05-26,2011.0,"['Drama', 'Science Fiction']",Lars von Trier,"['Kirsten Dunst', 'Charlotte Gainsbourg', 'Kiefer Sutherland']",7400000,21817298,14417298,194.82835135135136,7.0,885,36.173598,136.0,da
66125,Red Dog,2011-08-04,2011.0,"['Drama', 'Comedy', 'Family']",Kriv Stenders,"['Josh Lucas', 'Rachael Taylor', 'Rohan Nichol']",0,0,0,,7.1,83,5.499412,92.0,en
132316,Jab Tak Hai Jaan,2012-11-13,2012.0,"['Drama', 'Romance']",Yash Chopra,"['Shah Rukh Khan', 'Katrina Kaif', 'Anushka Sharma']",0,0,0,,7.3,66,5.900535,176.0,hi
348,Alien,1979-05-25,1979.0,"['Horror', 'Action', 'Thriller', 'Science Fiction']",Ridley Scott,"['Tom Skerritt', 'Sigourney Weaver', 'Veronica Cartwright']",11000000,104931801,93931801,853.9254636363637,7.9,4470,94.184658,117.0,en
30497,The Texas Chain Saw Massacre,1974-10-01,1974.0,['Horror'],Tobe Hooper,"['Marilyn Burns', 'Allen Danziger', 'Paul A. Partain']",85000,30859000,30774000,36204.705882352944,7.2,590,29.262427,83.0,en
27586,The Runaways,2010-03-19,2010.0,"['Drama', 'Music']",Floria Sigismondi,"['Dakota Fanning', 'Kristen Stewart', 'Michael Shannon']",10000000,2995811,-7004189,-70.04189,6.3,254,17.611971,106.0,en
14811,Fiddler on the Roof,1971-11-03,1971.0,"['Drama', 'Romance']",Norman Jewison,"['Chaim Topol', 'Norma Crane', 'Leonard Frey']",9000000,83304330,74304330,825.6036666666666,7.4,134,7.623979,181.0,en
660,Thunderball,1965-12-16,1965.0,"['Adventure', 'Action', 'Thriller']",Terence Young,"['Sean Connery', 'Claudine Auger', 'Adolfo Celi']",5500000,141195658,135695658,2467.193781818182,6.5,562,31.036,130.0,en
68684,Detention,2011-03-16,2011.0,"['Horror', 'Comedy', 'Science Fiction']",Joseph Kahn,"['Shanley Caswell', 'Josh Hutcherson', 'Spencer Locke']",10000000,0,-10000000,-100.0,5.7,129,10.424596,93.0,en
40794,Loose Cannons,2010-02-12,2010.0,"['Comedy', 'Drama', 'Romance']",Ferzan Ozpetek,"['Nicole Grimaudo', 'Riccardo Scamarcio', 'Alessandro Preziosi']",7000000,8220215,1220215,17.431642857142858,7.0,118,7.720692,110.0,it
9400,Set It Off,1996-11-06,1996.0,"['Drama', 'Action', 'Crime']",F. Gary Gray,"['Jada Pinkett Smith', 'Queen Latifah', 'Vivica A. Fox']",9000000,41590886,32590886,362.12095555555555,6.9,66,6.717994,118.0,en
16162,The Best Man,1999-10-22,1999.0,"['Drama', 'Comedy']",Malcolm D. Lee,"['Nia Long', 'Morris Chestnut', 'Harold Perrineau']",9000000,34573780,25573780,284.1531111111111,6.8,38,3.951041,120.0,en
10585,Child's Play,1988-11-08,1988.0,"['Horror', 'Thriller']",Tom Holland,"['Catherine Hicks', 'Chris Sarandon', 'Alex Vincent']",9000000,44196684,35196684,391.0742666666667,6.3,581,27.600843,87.0,en
2359,Sicko,2007-05-18,2007.0,['Documentary'],Michael Moore,"['Michael Moore', 'George W. Bush', 'Bill Clinton']",9000000,24538513,15538513,172.65014444444444,7.3,235,14.098952,123.0,en
238636,The Purge: Anarchy,2014-07-17,2014.0,"['Horror', 'Thriller']",James DeMonaco,"['Frank Grillo', 'Carmen Ejogo', 'Zach Gilford']",9000000,108782847,99782847,1108.6983,6.6,1954,82.975841,104.0,en
10472,Down to You,2000-01-21,2000.0,"['Comedy', 'Drama', 'Family', 'Romance']",Kris Isacsson,"['Freddie Prinze Jr.', 'Julia Stiles', 'Selma Blair']",9000000,0,-9000000,-100.0,4.9,70,3.269459,91.0,en
11282,Harold & Kumar Go to White Castle,2004-05-30,2004.0,"['Comedy', 'Adventure']",Danny Leiner,"['John Cho', 'Kal Penn', 'Paula Garcés']",9000000,23936908,14936908,165.96564444444445,6.6,693,18.514292,88.0,en
6521,The Contender,2000-10-13,2000.0,"['Drama', 'Thriller']",Rod Lurie,"['Gary Oldman', 'Joan Allen', 'Jeff Bridges']",9000000,0,-9000000,-100.0,6.7,60,7.029126,126.0,en
14181,Boiler Room,2000-02-18,2000.0,"['Crime', 'Drama', 'Thriller']",Ben Younger,"['Giovanni Ribisi', 'Vin Diesel', 'Nia Long']",26000000,28780255,2780255,10.693288461538462,6.5,201,11.233081,118.0,en
1621,Trading Places,1983-06-07,1983.0,['Comedy'],John Landis,"['Eddie Murphy', 'Dan Aykroyd', 'Jamie Lee Curtis']",40600000,90400000,49800000,122.66009852216749,7.1,738,34.022209,116.0,en
9656,Black Christmas,2006-12-25,2006.0,"['Horror', 'Thriller']",Glen Morgan,"['Katie Cassidy', 'Michelle Trachtenberg', 'Kristen Cloke']",9000000,21510851,12510851,139.00945555555555,4.8,119,4.134327,84.0,en
16428,Breakin' All the Rules,2004-05-14,2004.0,"['Comedy', 'Romance']",Daniel Taplitz,"['Jamie Foxx', 'Morris Chestnut', 'Jennifer Esposito']",0,0,0,,5.8,21,6.904734,85.0,en
10705,Henry V,1989-10-05,1989.0,"['War', 'Drama', 'History', 'Action', 'Romance']",Kenneth Branagh,"['Kenneth Branagh', 'Derek Jacobi', 'Brian Blessed']",9000000,0,-9000000,-100.0,7.4,71,4.641006,137.0,en
8272,The Savages,2007-01-19,2007.0,['Drama'],Tamara Jenkins,"['Laura Linney', 'Philip Seymour Hoffman', 'Philip Bosco']",0,0,0,,6.8,110,5.663889,114.0,en
24621,Chasing Papi,2003-04-16,2003.0,"['Comedy', 'Romance']",Linda Mendoza,"['Roselyn Sánchez', 'Sofía Vergara', 'Jaci Velasquez']",0,6126237,6126237,inf,6.3,16,1.118511,80.0,en
1619,The Way of the Gun,2000-09-08,2000.0,"['Action', 'Crime', 'Drama', 'Thriller']",Christopher McQuarrie,"['Benicio del Toro', 'Ryan Phillippe', 'Juliette Lewis']",8500000,19125401,10625401,125.00471764705883,6.4,100,8.775844,119.0,en
9685,Igby Goes Down,2002-09-13,2002.0,"['Comedy', 'Drama']",Burr Steers,"['Kieran Culkin', 'Claire Danes', 'Jeff Goldblum']",9000000,4777465,-4222535,-46.91705555555556,6.5,95,2.062087,97.0,en
14425,PCU,1994-04-29,1994.0,['Comedy'],Hart Bochner,"['Jeremy Piven', 'Chris Young', 'David Spade']",9000000,4350774,-4649226,-51.65806666666667,6.0,41,8.738737,79.0,en
14624,The Ultimate Gift,2006-10-20,2006.0,"['Romance', 'Drama', 'Family']",Michael O. Sajbel,"['James Garner', 'Drew Fuller', 'Abigail Breslin']",0,0,0,,6.8,78,4.976268,114.0,en
10179,The Ice Pirates,1984-03-16,1984.0,"['Action', 'Science Fiction', 'Comedy']",Stewart Raffill,"['Robert Urich', 'Mary Crosby', 'Michael D. Roberts']",9000000,0,-9000000,-100.0,5.7,49,3.810697,91.0,en
15568,Gracie,2007-06-01,2007.0,['Drama'],Davis Guggenheim,"['Jesse Lee Soffer', 'Christopher Shand', 'Carly Schroeder']",9000000,2955039,-6044961,-67.16623333333334,6.0,17,2.365328,97.0,en
14057,Trust the Man,2005-09-01,2005.0,"['Comedy', 'Drama', 'Romance']",Bart Freundlich,"['David Duchovny', 'Julianne Moore', 'Billy Crudup']",9000000,0,-9000000,-100.0,5.5,29,5.2545,103.0,en
12621,Hamlet 2,2008-01-21,2008.0,"['Comedy', 'Music']",Andrew Fleming,"['Steve Coogan', 'Catherine Keener', 'Joseph Julian Soria']",0,0,0,,6.1,56,5.293363,92.0,en
1808,Velvet Goldmine,1998-10-23,1998.0,"['Drama', 'Music']",Todd Haynes,"['Ewan McGregor', 'Christian Bale', 'Jonathan Rhys Meyers']",0,1053788,1053788,inf,6.9,116,10.932711,119.0,en
293670,The Wailing,2016-05-12,2016.0,"['Horror', 'Mystery']",Na Hong-jin,"['Kwak Do-won', 'Hwang Jung-min', 'Chun Woo-hee']",0,0,0,,7.2,250,9.05029,156.0,ko
67675,Glee: The Concert Movie,2011-08-11,2011.0,"['Documentary', 'Music', 'Family']",Kevin Tancharoen,"['Dianna Agron', 'Lea Michele', 'Gwyneth Paltrow']",9000000,18663238,9663238,107.36931111111112,6.8,79,9.933926,84.0,en
27329,The Legend of Suriyothai,2001-08-17,2001.0,"['Drama', 'Foreign', 'History', 'War']",Chatrichalerm Yukol,"['M.L. Piyapas Bhirombhakdi', 'Sarunyu Wongkrachang', 'Chatchai Plengpanich']",0,0,0,,5.1,6,0.843067,185.0,th
29514,Two Evil Eyes,1990-01-25,1990.0,"['Horror', 'Thriller']",George A. Romero,"['Adrienne Barbeau', 'Harvey Keitel', 'Ramy Zada']",9000000,0,-9000000,-100.0,6.0,35,8.218383,120.0,en
250349,Barbecue,2014-04-30,2014.0,['Comedy'],Eric Lavaine,"['Lambert Wilson', 'Franck Dubosc', 'Florence Foresti']",6000000,14348529,8348529,139.14215000000002,5.8,214,5.119593,98.0,fr
12454,All or Nothing,2002-05-17,2002.0,"['Comedy', 'Drama']",Mike Leigh,"['James Corden', 'Timothy Spall', 'Ruth Sheen']",9000000,0,-9000000,-100.0,7.0,33,2.872281,128.0,en
39806,Princess Kaiulani,2010-05-14,2010.0,['Drama'],Marc Forby,"[""Q'orianka Kilcher"", 'Barry Pepper', 'Will Patton']",9000000,771499,-8228501,-91.42778888888888,4.8,14,0.717811,130.0,en
15699,Opal Dream,2006-11-22,2006.0,"['Drama', 'Family', 'Foreign']",Peter Cattaneo,"['Sapphire Boyce', 'Christian Byers', 'Vince Colosimo']",5000000,140666,-4859334,-97.18668000000001,6.1,7,1.458884,86.0,en
8883,Flame & Citron,2008-03-25,2008.0,"['Crime', 'Drama', 'History', 'War']",Ole Christian Madsen,"['Thure Lindhardt', 'Mads Mikkelsen', 'Stine Stengade']",6500000,0,-6500000,-100.0,6.8,68,7.028946,130.0,da
17926,Undiscovered,2005-08-26,2005.0,"['Comedy', 'Romance']",Meiert Avis,"['Kip Pardue', 'Carrie Fisher', 'Shannyn Sossamon']",9000000,1046166,-7953834,-88.37593333333334,4.5,12,2.009597,97.0,en
291081,Red Riding: In the Year of Our Lord 1974,2009-02-28,2009.0,"['Thriller', 'Mystery', 'Crime', 'Drama']",Julian Jarrold,"['Andrew Garfield', 'David Morrissey', 'John Henshaw']",0,0,0,,7.0,54,7.247023,102.0,en
41248,The Girl on the Train,2009-03-18,2009.0,"['Drama', 'Romance']",André Téchiné,"['Michel Blanc', 'Catherine Deneuve', 'Émilie Dequenne']",0,0,0,,5.6,10,2.351706,105.0,fr
25968,Veronika Decides to Die,2009-05-16,2009.0,"['Drama', 'Romance']",Emily Young,"['Sarah Michelle Gellar', 'David Thewlis', 'Jonathan Tucker']",9000000,0,-9000000,-100.0,5.8,75,4.799022,103.0,en
9671,Crocodile Dundee,1986-09-26,1986.0,"['Adventure', 'Comedy']",Peter Faiman,"['Paul Hogan', 'Linda Kozlowski', 'Mark Blum']",5000000,328203506,323203506,6464.070119999999,6.3,503,16.072466,97.0,en
52010,"Ultramarines: A Warhammer 40,000 Movie",2010-12-10,2010.0,"['Animation', 'Science Fiction']",Martyn Pick,"['Terence Stamp', 'John Hurt', 'Sean Pertwee']",0,0,0,,5.2,27,3.891186,76.0,en
11588,The I Inside,2004-01-15,2004.0,"['Thriller', 'Mystery', 'Science Fiction']",Roland Suso Richter,"['Ryan Phillippe', 'Sarah Polley', 'Piper Perabo']",8800000,0,-8800000,-100.0,5.9,62,3.789485,90.0,en
43418,Beneath Hill 60,2010-04-15,2010.0,"['Drama', 'History', 'War']",Jeremy Sims,"['Brendan Cowell', 'Harrison Gilbertson', 'Steve Le Marquand']",7347125,0,-7347125,-100.0,7.3,40,3.949796,122.0,en
71157,Polisse,2011-10-06,2011.0,['Drama'],Maïwenn,"['Karin Viard', 'JoeyStarr', 'Marina Foïs']",0,20374201,20374201,inf,7.9,285,14.038703,127.0,fr
13483,Awake,2007-11-28,2007.0,"['Thriller', 'Crime', 'Mystery']",Joby Harold,"['Hayden Christensen', 'Jessica Alba', 'Terrence Howard']",86000000,14373825,-71626175,-83.28625,6.3,395,18.172736,84.0,en
333355,Star Wars: Clone Wars: Volume 1,2005-03-21,2005.0,"['Action', 'Adventure', 'Animation', 'Fantasy', 'Science Fiction']",Genndy Tartakovsky,"['Tom Kane', 'Corey Burton', 'Mat Lucas']",0,0,0,,8.0,27,1.881466,69.0,en
327833,Skin Trade,2014-11-07,2014.0,"['Thriller', 'Action', 'Drama']",Ekachai Uekrongtham,"['Dolph Lundgren', 'Tony Jaa', 'Ron Perlman']",9000000,0,-9000000,-100.0,5.6,61,6.677926,96.0,en
1547,The Lost Boys,1987-07-31,1987.0,"['Horror', 'Comedy']",Joel Schumacher,"['Jason Patric', 'Corey Haim', 'Corey Feldman']",8500000,32222567,23722567,279.08902352941175,6.8,538,24.750909,97.0,en
25196,Crazy Heart,2009-12-16,2009.0,"['Drama', 'Music', 'Romance']",Scott Cooper,"['Jeff Bridges', 'Maggie Gyllenhaal', 'Colin Farrell']",7000000,39462438,32462438,463.74911428571426,6.8,274,17.697042,112.0,en
16323,The Rose,1979-11-07,1979.0,"['Drama', 'Music', 'Romance']",Mark Rydell,"['Bette Midler', 'Alan Bates', 'Frederic Forrest']",9250000,29174648,19924648,215.4016,6.8,28,7.000949,125.0,en
175528,Baggage Claim,2013-09-27,2013.0,['Comedy'],David E. Talbert,"['Paula Patton', 'Adam Brody', 'Djimon Hounsou']",8500000,22456509,13956509,164.19422352941177,5.6,85,11.436405,96.0,en
8069,Barbarella,1968-10-10,1968.0,['Science Fiction'],Roger Vadim,"['Jane Fonda', 'John Phillip Law', 'Anita Pallenberg']",9000000,2500000,-6500000,-72.22222222222221,5.7,146,14.171759,98.0,en
71805,Shipwrecked,1990-10-03,1990.0,"['Adventure', 'Family']",Nils Gaup,"['Stian Smestad', 'Gabriel Byrne', 'Louisa Milwood-Haigh']",0,0,0,,6.1,14,0.702971,92.0,en
9451,Election,1999-04-23,1999.0,['Comedy'],Alexander Payne,"['Matthew Broderick', 'Reese Witherspoon', 'Chris Klein']",0,0,0,,6.7,270,13.476596,99.0,en
16727,The Namesake,2006-09-02,2006.0,['Drama'],Mira Nair,"['Kal Penn', 'Tabu', 'Irrfan Khan']",12000000,20138836,8138836,67.82363333333333,6.8,50,3.604863,122.0,en
272693,The DUFF,2015-02-20,2015.0,"['Romance', 'Comedy']",Ari Sandel,"['Mae Whitman', 'Robbie Amell', 'Bella Thorne']",8500000,43528634,35028634,412.10157647058827,6.8,1322,40.28709,100.0,en
10696,Glitter,2001-09-21,2001.0,"['Drama', 'Romance']",Vondie Curtis-Hall,"['Mariah Carey', 'Max Beesley', 'Terrence Howard']",22000000,5271666,-16728334,-76.03788181818182,3.4,38,3.809131,104.0,en
150202,The Haunting in Connecticut 2: Ghosts of Georgia,2013-02-01,2013.0,"['Horror', 'Drama', 'Thriller']",Tom Elkins,"['Chad Michael Murray', 'Katee Sackhoff', 'Abigail Spencer']",0,0,0,,5.6,175,11.708343,101.0,en
19644,Silmido,2003-12-24,2003.0,"['Action', 'Drama', 'History']",Kang Woo-Suk,"['Sol Kyung-gu', 'Heo Jun-ho', 'Ahn Sung-Ki']",8000000,0,-8000000,-100.0,6.6,28,2.60632,135.0,ko
29963,Bright Star,2009-11-05,2009.0,"['Drama', 'Romance']",Jane Campion,"['Abbie Cornish', 'Ben Whishaw', 'Paul Schneider']",8500000,4440055,-4059945,-47.76405882352941,6.8,107,9.230073,119.0,en
26022,My Name Is Khan,2010-02-12,2010.0,"['Drama', 'Romance']",Karan Johar,"['Shah Rukh Khan', 'Kajol', 'Jimmy Shergill']",12000000,42345360,30345360,252.878,7.7,232,14.719886,145.0,en
152747,All Is Lost,2013-10-18,2013.0,"['Action', 'Adventure', 'Drama']",J.C. Chandor,['Robert Redford'],9000000,6108720,-2891280,-32.12533333333333,6.6,671,28.540614,106.0,en
62676,Limbo,1999-06-04,1999.0,"['Adventure', 'Drama', 'Thriller']",John Sayles,"['Mary Elizabeth Mastrantonio', 'David Strathairn', 'Vanessa Martinez']",8000000,1997807,-6002193,-75.0274125,7.0,17,0.034259,126.0,en
20360,Namastey London,2007-03-27,2007.0,"['Drama', 'Foreign', 'Romance']",Vipul Amrutlal Shah,"['Akshay Kumar', 'Katrina Kaif', 'Rishi Kapoor']",0,0,0,,6.6,29,1.840511,128.0,en
1116,The Wind That Shakes the Barley,2006-05-18,2006.0,"['Drama', 'History', 'War']",Ken Loach,"['Cillian Murphy', 'Pádraic Delaney', 'Liam Cunningham']",6500000,22889018,16389018,252.13873846153848,7.1,154,6.787967,124.0,en
185008,Yeh Jawaani Hai Deewani,2013-05-31,2013.0,['Romance'],Ayan Mukherjee,"['Ranbir Kapoor', 'Deepika Padukone', 'Kalki Koechlin']",7700000,46000000,38300000,497.4025974025974,7.2,79,3.353176,159.0,hi
11620,Quo Vadis,1951-11-08,1951.0,"['Drama', 'History', 'Romance']",Mervyn LeRoy,"['Robert Taylor', 'Deborah Kerr', 'Leo Genn']",8250000,30000000,21750000,263.6363636363636,7.0,63,7.973109,171.0,en
14353,Repo! The Genetic Opera,2008-07-18,2008.0,"['Horror', 'Comedy', 'Music', 'Science Fiction']",Darren Lynn Bousman,"['Alexa PenaVega', 'Paul Sorvino', 'Anthony Stewart Head']",0,188126,188126,inf,6.7,100,5.897479,98.0,en
11818,Valley of the Wolves: Iraq,2006-02-03,2006.0,"['Adventure', 'Drama', 'Action']",Serdar Akar,"['Muhammed Necati Şaşmaz', 'Billy Zane', 'Ghassan Massoud']",10000000,0,-10000000,-100.0,4.3,7,1.465762,122.0,tr
680,Pulp Fiction,1994-10-08,1994.0,"['Thriller', 'Crime']",Quentin Tarantino,"['John Travolta', 'Samuel L. Jackson', 'Uma Thurman']",8000000,213928762,205928762,2574.109525,8.3,8428,121.463076,154.0,en
11176,The Muppet Movie,1979-05-31,1979.0,"['Adventure', 'Comedy', 'Family']",James Frawley,"['Jim Henson', 'Frank Oz', 'Jerry Nelson']",0,76657000,76657000,inf,7.0,164,10.639916,97.0,en
242582,Nightcrawler,2014-10-23,2014.0,"['Crime', 'Drama', 'Thriller']",Dan Gilroy,"['Jake Gyllenhaal', 'Rene Russo', 'Riz Ahmed']",8500000,38697217,30197217,355.26137647058823,7.6,3395,89.095538,117.0,en
11217,Club Dread,2004-02-27,2004.0,"['Comedy', 'Horror']",Jay Chandrasekhar,"['Kevin Heffernan', 'Jay Chandrasekhar', 'Paul Soter']",8500000,5001655,-3498345,-41.157,5.1,107,2.62082,104.0,en
15121,The Sound of Music,1965-03-02,1965.0,"['Drama', 'Family', 'Music', 'Romance']",Robert Wise,"['Julie Andrews', 'Christopher Plummer', 'Eleanor Parker']",8200000,286214286,278014286,3390.4181219512197,7.4,941,37.960289,174.0,en
2619,Splash,1984-03-09,1984.0,"['Comedy', 'Fantasy', 'Romance']",Ron Howard,"['Tom Hanks', 'Daryl Hannah', 'Eugene Levy']",8000000,69821334,61821334,772.766675,6.1,321,21.735068,111.0,en
773,Little Miss Sunshine,2006-07-26,2006.0,"['Comedy', 'Drama']",Jonathan Dayton,"['Greg Kinnear', 'Toni Collette', 'Steve Carell']",8000000,100523181,92523181,1156.5397624999998,7.5,1686,14.793177,102.0,en
235,Stand by Me,1986-08-22,1986.0,"['Crime', 'Drama']",Rob Reiner,"['Wil Wheaton', 'River Phoenix', 'Corey Feldman']",8000000,52287414,44287414,553.592675,7.8,1522,51.109279,89.0,en
170,28 Days Later,2002-10-31,2002.0,"['Horror', 'Thriller', 'Science Fiction']",Danny Boyle,"['Cillian Murphy', 'Naomie Harris', 'Noah Huntley']",5000000,82719885,77719885,1554.3977,7.1,1777,45.490374,113.0,en
14114,You Got Served,2004-01-30,2004.0,['Drama'],Chris Stokes,"['Marques Houston', 'Omarion', 'J-Boog']",0,0,0,,4.8,75,3.804597,95.0,en
10734,Escape from Alcatraz,1979-06-22,1979.0,"['Crime', 'Drama']",Don Siegel,"['Clint Eastwood', 'Patrick McGoohan', 'Roberts Blossom']",8000000,43000000,35000000,437.5,7.2,561,26.356697,111.0,en
37964,Brown Sugar,2002-10-05,2002.0,"['Comedy', 'Romance']",Rick Famuyiwa,"['Sanaa Lathan', 'Taye Diggs', 'Yasiin Bey']",8000000,27362712,19362712,242.0339,7.0,31,3.501158,109.0,en
28121,A Thin Line Between Love and Hate,1996-04-04,1996.0,"['Comedy', 'Thriller', 'Crime', 'Romance']",Martin Lawrence,"['Lynn Whitfield', 'Martin Lawrence', 'Regina King']",0,0,0,,5.7,15,2.088251,108.0,en
40807,50/50,2011-09-30,2011.0,"['Comedy', 'Drama']",Jonathan Levine,"['Joseph Gordon-Levitt', 'Seth Rogen', 'Anna Kendrick']",8000000,39187783,31187783,389.8472875,7.0,1261,33.372828,100.0,en
10885,Shutter,2008-03-21,2008.0,"['Horror', 'Mystery', 'Thriller']",Masayuki Ochiai,"['Joshua Jackson', 'Rachael Taylor', 'Megumi Okina']",0,0,0,,5.3,180,8.864368,85.0,en
225565,That Awkward Moment,2014-01-29,2014.0,"['Comedy', 'Romance']",Tom Gormican,"['Zac Efron', 'Miles Teller', 'Michael B. Jordan']",8000000,26049082,18049082,225.61352499999998,6.1,1004,37.821106,94.0,en
16471,Modern Problems,1981-12-25,1981.0,['Comedy'],Ken Shapiro,"['Chevy Chase', ""Patti D'Arbanville"", 'Dabney Coleman']",0,0,0,,5.6,23,4.293706,89.0,en
385736,Kicks,2016-09-09,2016.0,['Adventure'],Justin Tipping,"['Mahershala Ali', 'Kofi Siriboe', 'Christopher Meyer']",0,0,0,,7.5,18,3.467923,80.0,en
11971,Much Ado About Nothing,1993-05-07,1993.0,"['Drama', 'Comedy', 'Romance']",Kenneth Branagh,"['Kenneth Branagh', 'Richard Briers', 'Michael Keaton']",8000000,0,-8000000,-100.0,7.2,189,10.19377,111.0,en
668,On Her Majesty's Secret Service,1969-12-12,1969.0,"['Adventure', 'Action', 'Thriller']",Peter R. Hunt,"['George Lazenby', 'Diana Rigg', 'Telly Savalas']",6500000,81974493,75474493,1161.146046153846,6.5,456,25.289665,142.0,en
11596,New Nightmare,1994-10-13,1994.0,"['Horror', 'Thriller', 'Mystery', 'Fantasy']",Wes Craven,"['Heather Langenkamp', 'Robert Englund', 'Miko Hughes']",14000000,18090181,4090181,29.21557857142857,6.4,291,14.730796,112.0,en
14429,Drive Me Crazy,1999-10-01,1999.0,"['Drama', 'Comedy', 'Romance', 'Family']",John Schultz,"['Melissa Joan Hart', 'Stephen Collins', 'Adrian Grenier']",8000000,22593409,14593409,182.4176125,5.8,62,4.482714,91.0,en
13751,Akeelah and the Bee,2006-04-28,2006.0,['Drama'],Doug Atchison,"['Keke Palmer', 'Laurence Fishburne', 'Angela Bassett']",8000000,18948425,10948425,136.8553125,6.7,81,4.932893,112.0,en
9490,Half Baked,1998-01-16,1998.0,"['Comedy', 'Crime']",Tamra Davis,"['Dave Chappelle', 'Tommy Chong', 'Harland Williams']",8000000,17460020,9460020,118.25025,6.4,177,7.894489,82.0,en
14536,New in Town,2009-01-30,2009.0,['Comedy'],Jonas Elmer,"['Renée Zellweger', 'Harry Connick Jr.', 'J.K. Simmons']",8000000,29010817,21010817,262.63521249999997,5.2,99,13.987772,97.0,en
1359,American Psycho,2000-04-13,2000.0,"['Thriller', 'Drama', 'Crime']",Mary Harron,"['Christian Bale', 'Willem Dafoe', 'Jared Leto']",7000000,34266564,27266564,389.52234285714286,7.3,2066,45.310443,102.0,en
9962,The Good Girl,2002-01-12,2002.0,"['Drama', 'Comedy', 'Romance']",Miguel Arteta,"['Jennifer Aniston', 'Jake Gyllenhaal', 'Zooey Deschanel']",8000000,16856124,8856124,110.70155,6.1,181,9.799177,93.0,en
15049,Bon Cop Bad Cop,2006-07-06,2006.0,"['Action', 'Comedy', 'Crime']",Erik Canuel,"['Patrick Huard', 'Colm Feore', 'Michel Beaudry']",8000000,12671300,4671300,58.39124999999999,6.5,42,5.069095,116.0,fr
22821,The Boondock Saints II: All Saints Day,2009-11-24,2009.0,"['Action', 'Thriller', 'Crime']",Troy Duffy,"['Sean Patrick Flanery', 'Norman Reedus', 'Billy Connolly']",8000000,10629321,2629321,32.8665125,5.9,261,13.517017,118.0,en
42819,The City of Your Final Destination,2009-03-21,2009.0,['Drama'],James Ivory,"['Nicholas Blandullo', 'Sofia Viruboff', 'Omar Metwally']",0,0,0,,5.7,9,1.353971,114.0,en
209263,Enough Said,2013-09-18,2013.0,"['Comedy', 'Drama', 'Romance']",Nicole Holofcener,"['Julia Louis-Dreyfus', 'Catherine Keener', 'James Gandolfini']",0,25288872,25288872,inf,6.6,348,14.969093,93.0,en
37735,Easy A,2010-09-10,2010.0,['Comedy'],Will Gluck,"['Emma Stone', 'Stanley Tucci', 'Amanda Bynes']",8000000,74952305,66952305,836.9038125,6.7,2210,45.395839,92.0,en
59930,The Inkwell,1994-04-22,1994.0,"['Comedy', 'Drama', 'Romance']",Matty Rich,"['Larenz Tate', 'Joe Morton', 'Suzzanne Douglas']",0,8880705,8880705,inf,3.9,5,0.269661,110.0,en
10873,Shadow of the Vampire,2000-05-15,2000.0,"['Drama', 'Horror']",E. Elias Merhige,"['John Malkovich', 'Willem Dafoe', 'Udo Kier']",8000000,8279017,279017,3.4877125,6.6,148,5.93923,92.0,en
51588,Prom,2011-04-29,2011.0,['Comedy'],Joe Nussbaum,"['Aimee Teegarden', 'Thomas McDonell', 'Nicholas Braun']",8000000,10130000,2130000,26.625,5.7,134,11.837067,104.0,en
23570,The Pallbearer,1996-05-03,1996.0,"['Comedy', 'Romance']",Matt Reeves,"['David Schwimmer', 'Gwyneth Paltrow', 'Michael Rapaport']",8000000,0,-8000000,-100.0,4.6,30,2.149469,97.0,en
19489,Held Up,1999-10-08,1999.0,['Comedy'],Steve Rash,"['Jamie Foxx', 'Nia Long', 'Barry Corbin']",0,0,0,,4.9,11,1.569449,89.0,en
14629,Woman on Top,2000-09-22,2000.0,"['Comedy', 'Drama', 'Romance']",Fina Torres,"['Penélope Cruz', 'Murilo Benicio', 'Mark Feuerstein']",8000000,0,-8000000,-100.0,5.5,46,3.535789,92.0,en
8293,Howards End,1992-03-13,1992.0,"['Drama', 'Romance']",James Ivory,"['Vanessa Redgrave', 'Helena Bonham Carter', 'Emma Thompson']",0,25966555,25966555,inf,6.9,95,5.897391,140.0,en
291270,Anomalisa,2015-12-30,2015.0,"['Animation', 'Comedy', 'Drama', 'Romance']",Charlie Kaufman,"['David Thewlis', 'Jennifer Jason Leigh', 'Tom Noonan']",8000000,5659286,-2340714,-29.258925,7.0,459,21.024346,90.0,en
44009,Another Year,2010-11-05,2010.0,"['Comedy', 'Drama']",Mike Leigh,"['Jim Broadbent', 'Lesley Manville', 'Ruth Sheen']",8000000,18124262,10124262,126.553275,7.0,97,7.235794,129.0,en
1958,8 Women,2002-01-08,2002.0,"['Comedy', 'Thriller', 'Music', 'Crime', 'Mystery']",François Ozon,"['Catherine Deneuve', 'Isabelle Huppert', 'Emmanuelle Béart']",8000000,0,-8000000,-100.0,6.9,196,8.204829,111.0,fr
13154,Showdown in Little Tokyo,1991-08-23,1991.0,"['Action', 'Thriller']",Mark L. Lester,"['Dolph Lundgren', 'Brandon Lee', 'Cary-Hiroyuki Tagawa']",8000000,2275557,-5724443,-71.5555375,5.7,95,8.403859,79.0,en
26618,Clay Pigeons,1998-09-25,1998.0,"['Comedy', 'Crime', 'Drama', 'Thriller']",David Dobkin,"['Joaquin Phoenix', 'Vince Vaughn', 'Janeane Garofalo']",0,0,0,,6.3,39,4.221313,104.0,en
43923,It's Kind of a Funny Story,2010-07-06,2010.0,"['Comedy', 'Drama']",Ryan Fleck,"['Keir Gilchrist', 'Emma Roberts', 'Zach Galifianakis']",8000000,6491240,-1508760,-18.8595,6.9,672,13.143045,101.0,en
46138,Made in Dagenham,2010-09-11,2010.0,"['Comedy', 'Drama', 'History']",Nigel Cole,"['Sally Hawkins', 'Bob Hoskins', 'Miranda Richardson']",7200000,0,-7200000,-100.0,6.6,94,6.138802,113.0,en
45791,When Did You Last See Your Father?,2007-10-05,2007.0,['Drama'],Anand Tucker,"['Jim Broadbent', 'Colin Firth', 'Juliet Stevenson']",0,92,92,inf,6.9,13,1.939054,92.0,en
26306,Prefontaine,1997-01-24,1997.0,"['Drama', 'Romance']",Steve James,"['Jared Leto', 'R. Lee Ermey', ""Ed O'Neill""]",8000000,589304,-7410696,-92.63369999999999,6.7,21,8.717235,106.0,en
110683,The Wicked Lady,1983-04-21,1983.0,"['Drama', 'Adventure']",Michael Winner,"['Faye Dunaway', 'John Gielgud', 'Denholm Elliott']",0,0,0,,4.3,4,0.289433,98.0,en
26963,The Secret of Kells,2009-02-09,2009.0,"['Animation', 'Family', 'Fantasy']",Tomm Moore,"['Evan McGuire', 'Christen Mooney', 'Brendan Gleeson']",0,0,0,,7.3,181,10.621353,75.0,en
198277,Begin Again,2013-09-07,2013.0,"['Comedy', 'Music', 'Romance', 'Drama']",John Carney,"['Mark Ruffalo', 'Keira Knightley', 'Adam Levine']",8000000,63464861,55464861,693.3107625,7.3,1254,35.735689,104.0,en
7870,Down in the Valley,2005-05-13,2005.0,"['Drama', 'Romance']",David Jacobson,"['Edward Norton', 'Evan Rachel Wood', 'David Morse']",8000000,852872,-7147128,-89.3391,5.9,63,7.433574,112.0,en
13072,Brooklyn Rules,2007-04-30,2007.0,"['Drama', 'Action', 'Thriller']",Michael Corrente,"['Alec Baldwin', 'Paulo Araujo', 'Daniel Tay']",8000000,458232,-7541768,-94.27210000000001,5.8,18,4.090382,99.0,en
153397,Restless,2012-12-07,2012.0,"['TV Movie', 'Romance', 'Drama']",Edward Hall,"['Hayley Atwell', 'Rufus Sewell', 'Michelle Dockery']",0,0,0,,4.9,8,0.812776,180.0,en
30141,The Singing Detective,2003-10-24,2003.0,"['Comedy', 'Music', 'Mystery', 'Crime']",Keith Gordon,"['Robert Downey Jr.', 'Robin Wright', 'Mel Gibson']",0,0,0,,5.9,41,6.335881,109.0,en
17044,The Land Girls,1998-09-25,1998.0,"['Drama', 'Romance', 'War']",David Leland,"['Catherine McCormack', 'Rachel Weisz', 'Anna Friel']",0,0,0,,7.0,3,1.278092,111.0,en
10288,Fido,2006-09-07,2006.0,"['Romance', 'Comedy', 'Drama', 'Horror']",Andrew Currie,"['Billy Connolly', 'Carrie-Anne Moss', 'Dylan Baker']",8000000,426224,-7573776,-94.67219999999999,6.6,135,5.244518,91.0,en
12183,The Wendell Baker Story,2005-08-03,2005.0,"['Comedy', 'Drama', 'Romance']",Luke Wilson,"['Luke Wilson', 'Eva Mendes', 'Jacob Vargas']",0,0,0,,5.2,16,1.265683,99.0,en
44147,Wild Target,2010-06-17,2010.0,"['Action', 'Comedy']",Jonathan Lynn,"['Bill Nighy', 'Emily Blunt', 'Rupert Grint']",8000000,3453043,-4546957,-56.8369625,6.4,215,10.791954,98.0,en
12192,Pathology,2008-04-11,2008.0,"['Crime', 'Horror', 'Thriller']",Marc Schölermann,"['Milo Ventimiglia', 'Alyssa Milano', 'Michael Weston']",8000000,0,-8000000,-100.0,5.6,144,9.782433,95.0,en
36597,Wuthering Heights,2009-01-18,2009.0,['Drama'],Coky Giedroyc,"['Tom Hardy', 'Charlotte Riley', 'Andrew Lincoln']",0,0,0,,6.9,37,4.409263,142.0,en
13197,10th & Wolf,2006-02-19,2006.0,"['Action', 'Crime', 'Drama', 'Mystery', 'Thriller']",Robert Moresco,"['James Marsden', 'Brian Dennehy', 'Leo Rossi']",8000000,143451,-7856549,-98.2068625,6.3,24,3.942464,107.0,en
10913,Dear Wendy,2005-01-22,2005.0,"['Comedy', 'Crime', 'Drama', 'Romance']",Thomas Vinterberg,"['Jamie Bell', 'Bill Pullman', 'Michael Angarano']",0,0,0,,5.6,33,2.597665,105.0,en
251321,Aloft,2014-02-12,2014.0,['Drama'],Claudia Llosa,"['Jennifer Connelly', 'Mélanie Laurent', 'Cillian Murphy']",8000000,53086,-7946914,-99.33642499999999,5.1,41,6.500835,112.0,en
149,Akira,1988-07-16,1988.0,"['Science Fiction', 'Animation']",Katsuhiro Ōtomo,"['Mitsuo Iwata', 'Nozomu Sasaki', 'Mami Koyama']",8000000,553171,-7446829,-93.0853625,7.8,773,39.338097,124.0,ja
10425,The Death and Life of Bobby Z,2007-07-23,2007.0,"['Drama', 'Action', 'Thriller', 'Crime']",John Herzfeld,"['Paul Walker', 'Laurence Fishburne', 'Olivia Wilde']",22000000,413454,-21586546,-98.12066363636363,5.8,103,12.893219,97.0,en
49081,The Rocket: The Legend of Rocket Richard,2005-10-25,2005.0,['Drama'],Charles Binamé,"['Roy Dupuis', 'Michel Barrette', 'Rémy Girard']",8000000,2019009,-5980991,-74.7623875,6.1,17,0.983484,124.0,fr
256687,Swelter,2014-04-20,2014.0,"['Action', 'Drama', 'Thriller']",Keith Parmer,"['Jean-Claude Van Damme', 'Brad Carter', 'Josh Henderson']",0,0,0,,4.6,21,2.214925,96.0,en
220488,My Lucky Star,2013-09-17,2013.0,"['Comedy', 'Romance']",Dennie Gordon,"['Zhang Ziyi', 'Leehom Wang', 'Ruby Lin']",0,0,0,,4.3,8,1.86453,114.0,zh
1544,Imagine Me & You,2005-02-01,2005.0,"['Drama', 'Comedy', 'Romance']",Ol Parker,"['Piper Perabo', 'Lena Headey', 'Matthew Goode']",0,2455831,2455831,inf,7.0,177,9.100352,93.0,en
374461,Mr. Church,2016-09-16,2016.0,['Drama'],Bruce Beresford,"['Eddie Murphy', 'Britt Robertson', 'Natascha McElhone']",8000000,0,-8000000,-100.0,7.0,129,7.828459,104.0,en
302,Swimming Pool,2003-05-18,2003.0,"['Thriller', 'Crime']",François Ozon,"['Charlotte Rampling', 'Ludivine Sagnier', 'Charles Dance']",7800000,22441323,14641323,187.70926923076922,6.4,153,11.000654,102.0,en
182873,Green Street Hooligans: Underground,2013-01-01,2013.0,"['Action', 'Drama']",James Nunn,"['Scott Adkins', 'Joey Ansah', 'Kacey Clarke']",0,0,0,,5.4,33,5.0005,90.0,en
21512,The Blood of Heroes,1989-10-19,1989.0,"['Action', 'Adventure', 'Science Fiction']",David Webb Peoples,"['Rutger Hauer', 'Joan Chen', 'Delroy Lindo']",0,882290,882290,inf,5.9,31,6.41678,100.0,en
389425,Code of Honor,2016-05-06,2016.0,"['Action', 'Crime', 'Thriller']",Michael Winnick,"['Steven Seagal', 'Craig Sheffer', 'Louis Mandylor']",8000000,0,-8000000,-100.0,4.1,16,2.101718,106.0,en
403,Driving Miss Daisy,1989-12-13,1989.0,"['Comedy', 'Drama']",Bruce Beresford,"['Morgan Freeman', 'Jessica Tandy', 'Dan Aykroyd']",7500000,145793296,138293296,1843.9106133333332,7.0,350,19.585801,99.0,en
29461,Soul Food,1997-09-26,1997.0,"['Comedy', 'Drama']","George Tillman, Jr.","['Vivica A. Fox', 'Nia Long', 'Michael Beach']",0,0,0,,6.6,19,4.105363,114.0,en
33542,Rumble in the Bronx,1995-01-30,1995.0,"['Crime', 'Action', 'Comedy', 'Thriller']",Stanley Tong,"['Jackie Chan', 'Anita Mui', 'Françoise Yip']",7500000,32392047,24892047,331.89396,6.5,240,17.318839,91.0,cn
283708,Far from Men,2014-08-30,2014.0,"['Drama', 'War']",David Oelhoffen,"['Viggo Mortensen', 'Reda Kateb', 'Djemel Barek']",7700000,0,-7700000,-100.0,6.6,43,3.363973,110.0,fr
9388,Thank You for Smoking,2005-09-05,2005.0,"['Comedy', 'Drama']",Jason Reitman,"['Aaron Eckhart', 'Maria Bello', 'Cameron Bright']",6500000,24793509,18293509,281.4386,7.1,664,29.01153,92.0,en
1691,Hostel: Part II,2007-06-08,2007.0,['Horror'],Eli Roth,"['Lauren German', 'Bijou Phillips', 'Heather Matarazzo']",10200000,35619521,25419521,249.21099019607846,5.6,453,20.745052,93.0,en
24684,An Education,2009-10-29,2009.0,"['Drama', 'Romance']",Lone Scherfig,"['Carey Mulligan', 'Olivia Williams', 'Peter Sarsgaard']",7500000,26096852,18596852,247.95802666666668,6.8,409,16.990308,100.0,en
2610,Shopgirl,2005-10-21,2005.0,"['Comedy', 'Drama', 'Romance']",Anand Tucker,"['Steve Martin', 'Claire Danes', 'Jason Schwartzman']",10284523,11588205,1303682,12.676154256254762,5.7,75,4.820166,104.0,en
11308,The Hotel New Hampshire,1984-03-09,1984.0,"['Comedy', 'Drama']",Tony Richardson,"['Rob Lowe', 'Jodie Foster', 'Paul McCrane']",7500000,0,-7500000,-100.0,5.8,26,2.226412,109.0,en
11022,Narc,2002-01-14,2002.0,"['Action', 'Crime', 'Drama', 'Thriller']",Joe Carnahan,"['Jason Patric', 'Ray Liotta', 'Chi McBride']",6500000,12633747,6133747,94.36533846153846,6.8,142,8.526635,105.0,en
34341,Men with Brooms,2002-09-20,2002.0,['Comedy'],Paul Gross,"['Paul Gross', 'Molly Parker', 'Leslie Nielsen']",7500000,4245870,-3254130,-43.3884,4.5,7,1.369528,102.0,en
15365,Witless Protection,2008-02-22,2008.0,"['Action', 'Adventure', 'Comedy', 'Crime']",Charles Robert Carner,"['Larry the Cable Guy', 'Ivana Miličević', 'Jenny McCarthy']",0,0,0,,4.0,26,1.82184,97.0,en
36046,The Work and the Glory,2004-11-24,2004.0,"['Drama', 'Romance']",Russell Holt,"['Sam Hennings', 'Brenda Strong', 'Eric Johnson']",7500000,3347647,-4152353,-55.36470666666666,6.1,7,0.571663,110.0,en
12569,Extract,2009-09-03,2009.0,['Comedy'],Mike Judge,"['Jason Bateman', 'Mila Kunis', 'Kristen Wiig']",8000000,10848783,2848783,35.6097875,5.7,192,14.652342,92.0,en
24356,Masked and Anonymous,2003-08-08,2003.0,"['Drama', 'Music']",Larry Charles,"['Bob Dylan', 'Jeff Bridges', 'Penélope Cruz']",0,0,0,,5.2,13,1.71729,112.0,en
55903,Betty Fisher and Other Stories,2001-09-01,2001.0,"['Drama', 'Thriller', 'Crime', 'Foreign']",Claude Miller,"['Sandrine Kiberlain', 'Nicole Garcia', 'Mathilde Seigner']",0,0,0,,7.0,3,0.024186,103.0,fr
2577,Code 46,2003-09-02,2003.0,"['Drama', 'Romance', 'Science Fiction', 'Thriller']",Michael Winterbottom,"['Tim Robbins', 'Samantha Morton', 'Nabil Elouahabi']",7500000,0,-7500000,-100.0,6.2,116,8.859657,92.0,en
103903,Outside Bet,2012-04-27,2012.0,['Comedy'],Sacha Bennett,"['Bob Hoskins', 'Jenny Agutter', 'Phil Davis']",7500000,0,-7500000,-100.0,5.8,2,0.086731,101.0,en
73873,Albert Nobbs,2011-12-21,2011.0,['Drama'],Rodrigo García,"['Glenn Close', 'Mia Wasikowska', 'Aaron Taylor-Johnson']",8000000,5634828,-2365172,-29.564649999999997,6.2,132,7.802245,113.0,en
312113,Black November,2012-12-07,2012.0,"['Drama', 'Action', 'Crime']",Jeta Amata,"['Razaaq Adoti', 'Sarah Wayne Callies', 'Mickey Rourke']",12500000,0,-12500000,-100.0,6.4,4,1.589693,95.0,en
14165,Ta Ra Rum Pum,2007-04-27,2007.0,"['Family', 'Comedy', 'Romance']",Siddharth Anand,"['Saif Ali Khan', 'Rani Mukerji', 'Angelina Idnani']",0,0,0,,6.0,13,0.553752,156.0,hi
2011,Persepolis,2007-05-23,2007.0,"['Animation', 'Drama']",Vincent Paronnaud,"['Chiara Mastroianni', 'Danielle Darrieux', 'Catherine Deneuve']",7300000,0,-7300000,-100.0,7.7,450,24.281951,95.0,fr
45650,The Hole,2009-09-09,2009.0,"['Thriller', 'Adventure', 'Fantasy']",Joe Dante,"['Chris Massoglia', 'Haley Bennett', 'Nathan Gamble']",0,0,0,,5.6,244,9.983004,92.0,en
7735,The Wave,2008-03-11,2008.0,"['Drama', 'Thriller']",Dennis Gansel,"['Jürgen Vogel', 'Frederick Lau', 'Max Riemelt']",7500000,19000000,11500000,153.33333333333334,7.5,841,25.281197,107.0,de
301365,The Neon Demon,2016-06-08,2016.0,"['Thriller', 'Horror']",Nicolas Winding Refn,"['Elle Fanning', 'Karl Glusman', 'Jena Malone']",7000000,1333124,-5666876,-80.95537142857142,6.4,887,38.150787,117.0,en
25941,Harry Brown,2009-11-11,2009.0,"['Thriller', 'Crime', 'Drama', 'Action']",Daniel Barber,"['Michael Caine', 'Emily Mortimer', 'Iain Glen']",7300000,10329747,3029747,41.50338356164384,6.7,348,16.829837,103.0,en
29064,The Omega Code,1999-10-15,1999.0,"['Horror', 'Thriller']",Robert Marcarelli,"['Casper Van Dien', 'Michael York', 'Catherine Oxenberg']",0,2400000,2400000,inf,4.4,17,1.288173,100.0,en
7326,Juno,2007-12-05,2007.0,"['Comedy', 'Drama', 'Romance']",Jason Reitman,"['Ellen Page', 'Michael Cera', 'Jennifer Garner']",7500000,231411584,223911584,2985.4877866666666,7.0,2244,19.782725,96.0,en
326284,Pound of Flesh,2015-05-07,2015.0,['Action'],Ernie Barbarash,"['Jean-Claude Van Damme', 'John Ralston', 'Darren Shahlavi']",7500000,0,-7500000,-100.0,5.5,63,4.943588,104.0,en
681,Diamonds Are Forever,1971-12-13,1971.0,"['Adventure', 'Action', 'Thriller']",Guy Hamilton,"['Sean Connery', 'Jill St. John', 'Charles Gray']",7200000,116019547,108819547,1511.3825972222223,6.3,553,34.634181,120.0,en
238,The Godfather,1972-03-14,1972.0,"['Drama', 'Crime']",Francis Ford Coppola,"['Marlon Brando', 'Al Pacino', 'James Caan']",6000000,245066411,239066411,3984.4401833333336,8.4,5893,143.659698,175.0,en
535,Flashdance,1983-04-14,1983.0,"['Drama', 'Music', 'Romance']",Adrian Lyne,"['Jennifer Beals', 'Michael Nouri', 'Lilia Skala']",4000000,92921203,88921203,2223.030075,6.1,302,18.422323,95.0,en
19913,(500) Days of Summer,2009-07-17,2009.0,"['Comedy', 'Drama', 'Romance']",Marc Webb,"['Joseph Gordon-Levitt', 'Zooey Deschanel', 'Chloë Grace Moretz']",7500000,60722734,53222734,709.6364533333333,7.2,2904,45.610993,95.0,en
713,The Piano,1993-05-19,1993.0,"['Drama', 'Romance']",Jane Campion,"['Holly Hunter', 'Harvey Keitel', 'Sam Neill']",7000000,116700000,109700000,1567.142857142857,7.1,281,17.681707,121.0,en
77930,Magic Mike,2012-06-28,2012.0,"['Drama', 'Comedy']",Steven Soderbergh,"['Channing Tatum', 'Matthew McConaughey', 'Alex Pettyfer']",7000000,167221571,160221571,2288.8795857142854,6.1,1040,35.897151,110.0,en
10727,Darkness Falls,2003-01-24,2003.0,"['Thriller', 'Horror']",Jonathan Liebesman,"['Chaney Kley', 'Emma Caulfield', 'Lee Cormie']",0,0,0,,4.9,161,11.199544,86.0,en
253,Live and Let Die,1973-07-05,1973.0,"['Adventure', 'Action', 'Thriller']",Guy Hamilton,"['Roger Moore', 'Yaphet Kotto', 'Jane Seymour']",7000000,161777836,154777836,2211.111942857143,6.4,533,30.465138,121.0,en
17908,My Dog Skip,2000-01-14,2000.0,"['Comedy', 'Drama', 'Family']",Jay Russell,"['Frankie Muniz', 'Diane Lane', 'Kevin Bacon']",7000000,0,-7000000,-100.0,6.5,69,5.675535,95.0,en
8390,"Definitely, Maybe",2008-02-08,2008.0,"['Comedy', 'Romance']",Adam Brooks,"['Ryan Reynolds', 'Abigail Breslin', 'Elizabeth Banks']",0,55447968,55447968,inf,6.7,620,29.173266,112.0,en
57119,Jumping the Broom,2011-05-06,2011.0,['Comedy'],Salim Akil,"['Paula Patton', 'Julie Bowen', 'Meagan Good']",6600000,37710610,31110610,471.3728787878788,6.0,56,4.492455,112.0,en
3291,"Good Night, and Good Luck.",2005-09-16,2005.0,"['Drama', 'History']",George Clooney,"['David Strathairn', 'Jeff Daniels', 'Alex Borstein']",7000000,54600000,47600000,680.0,6.8,273,17.717681,93.0,en
398,Capote,2005-09-30,2005.0,"['Crime', 'Drama']",Bennett Miller,"['Philip Seymour Hoffman', 'Allie Mickelson', 'Craig Archibald']",7000000,49084830,42084830,601.2118571428571,6.8,384,17.434862,114.0,en
8068,Desperado,1995-08-25,1995.0,"['Thriller', 'Action', 'Crime']",Robert Rodriguez,"['Antonio Banderas', 'Salma Hayek', 'Joaquim de Almeida']",7000000,25405445,18405445,262.93492857142854,6.8,881,25.511217,104.0,en
10803,Logan's Run,1976-06-23,1976.0,"['Adventure', 'Action', 'Romance', 'Science Fiction']",Michael Anderson,"['Michael York', 'Richard Jordan', 'Jenny Agutter']",9000000,25000000,16000000,177.77777777777777,6.6,269,12.268143,119.0,en
682,The Man with the Golden Gun,1974-12-01,1974.0,"['Adventure', 'Action', 'Thriller']",Guy Hamilton,"['Roger Moore', 'Christopher Lee', 'Britt Ekland']",7000000,97572000,90572000,1293.8857142857144,6.3,524,30.214716,125.0,en
10117,Action Jackson,1988-02-12,1988.0,"['Action', 'Adventure', 'Comedy', 'Crime', 'Drama']",Craig R. Baxley,"['Carl Weathers', 'Craig T. Nelson', 'Vanity']",7000000,20256975,13256975,189.38535714285715,4.9,50,6.872784,96.0,en
9392,The Descent,2005-07-08,2005.0,"['Adventure', 'Horror']",Neil Marshall,"['Shauna Macdonald', 'Natalie Mendoza', 'Alex Reid']",0,0,0,,6.8,1005,23.413188,99.0,en
24977,Michael Jordan to the Max,2000-05-05,2000.0,['Documentary'],James D. Stern,"['Michael Jordan', 'Phil Jackson', 'Bob Costas']",0,21268532,21268532,inf,7.5,10,1.830306,46.0,en
79316,Devil's Due,2014-01-08,2014.0,['Horror'],Matt Bettinelli-Olpin,"['Allison Miller', 'Zach Gilford', 'Sam Anderson']",7000000,36433975,29433975,420.4853571428571,4.4,216,14.741589,89.0,en
2074,Flirting with Disaster,1996-03-22,1996.0,"['Comedy', 'Romance']",David O. Russell,"['Ben Stiller', 'Patricia Arquette', 'Téa Leoni']",7000000,14702438,7702438,110.03482857142856,6.3,66,5.500324,92.0,en
1696,The Devil's Rejects,2005-07-22,2005.0,"['Drama', 'Horror', 'Crime']",Rob Zombie,"['Sid Haig', 'Bill Moseley', 'Sheri Moon Zombie']",0,0,0,,6.6,322,16.754452,107.0,en
308639,Dope,2015-06-19,2015.0,"['Crime', 'Drama', 'Comedy']",Rick Famuyiwa,"['Shameik Moore', 'Kiersey Clemons', 'Tony Revolori']",700000,17986781,17286781,2469.540142857143,7.2,691,29.761163,103.0,en
22314,In Too Deep,1999-08-25,1999.0,"['Drama', 'Action', 'Thriller', 'Crime']",Michael Rymer,"['Omar Epps', 'LL Cool J', 'Nia Long']",7000000,14011454,7011454,100.16362857142857,6.2,17,2.772178,97.0,en
2662,House of 1000 Corpses,2003-04-11,2003.0,['Horror'],Rob Zombie,"['Sid Haig', 'Bill Moseley', 'Sheri Moon Zombie']",7000000,16829545,9829545,140.42207142857143,6.0,306,19.301432,89.0,en
77156,Alien Zone,1978-11-22,1978.0,"['Horror', 'Action', 'Thriller', 'Science Fiction']",Sharron Miller,"['John Ericson', 'Ivor Francis', 'Judith Novgrod']",0,0,0,,4.0,3,0.000372,90.0,en
12573,A Serious Man,2009-10-02,2009.0,"['Comedy', 'Drama']",Joel Coen,"['Michael Stuhlbarg', 'Richard Kind', 'Fred Melamed']",7000000,31430334,24430334,349.0047714285714,6.6,483,23.612409,105.0,en
44718,Get Low,2010-01-22,2010.0,"['Comedy', 'Drama', 'Mystery']",Aaron Schneider,"['Bill Murray', 'Sissy Spacek', 'Robert Duvall']",7500000,0,-7500000,-100.0,6.5,100,6.557643,103.0,en
11342,Warlock,1989-06-01,1989.0,"['Adventure', 'Comedy', 'Fantasy', 'Horror']",Steve Miner,"['Julian Sands', 'Lori Singer', 'Richard E. Grant']",7000000,0,-7000000,-100.0,5.8,95,9.887662,103.0,en
241771,Beyond the Lights,2014-09-10,2014.0,"['Romance', 'Drama']",Gina Prince-Bythewood,"['Gugu Mbatha-Raw', 'Nate Parker', 'Minnie Driver']",7000000,14618727,7618727,108.83895714285714,7.0,139,8.079046,116.0,en
34653,A Single Man,2009-10-19,2009.0,"['Drama', 'Romance']",Tom Ford,"['Colin Firth', 'Julianne Moore', 'Nicholas Hoult']",7000000,0,-7000000,-100.0,7.3,463,21.626288,101.0,en
11051,The Last Temptation of Christ,1988-08-12,1988.0,['Drama'],Martin Scorsese,"['Willem Dafoe', 'Harvey Keitel', 'Barbara Hershey']",7000000,8373585,1373585,19.622642857142857,7.0,201,14.672151,164.0,en
14578,Outside Providence,1999-08-16,1999.0,"['Romance', 'Comedy', 'Drama']",Michael Corrente,"['Shawn Hatosy', 'Amy Smart', 'Alec Baldwin']",7000000,7292175,292175,4.173928571428571,5.6,30,2.627232,96.0,en
57825,Bride & Prejudice,2004-02-11,2004.0,"['Drama', 'Comedy', 'Music', 'Romance']",Gurinder Chadha,"['Aishwarya Rai Bachchan', 'Martin Henderson', 'Naveen Andrews']",7000000,0,-7000000,-100.0,6.5,110,12.150871,111.0,en
9555,Rabbit-Proof Fence,2002-02-04,2002.0,"['Adventure', 'Drama', 'Action', 'History']",Phillip Noyce,"['Everlyn Sampi', 'Tianna Sansbury', 'Laura Monaghan']",0,0,0,,6.8,84,2.128211,94.0,en
15581,Who's Your Caddy?,2007-07-27,2007.0,['Comedy'],Don Michael Paul,"['Mick Partridge', 'Big Boi', 'Sherri Shepherd']",0,0,0,,3.8,18,2.881239,93.0,en
13006,Split Second,1992-05-01,1992.0,"['Thriller', 'Action', 'Horror', 'Science Fiction', 'Crime']",Tony Maylam,"['Rutger Hauer', 'Kim Cattrall', 'Michael J. Pollard']",7,5,-2,-28.57142857142857,5.7,63,4.857028,90.0,en
16651,The Other Side of Heaven,2001-04-12,2001.0,"['Action', 'Adventure', 'Drama', 'Family']",Mitch Davis,"['Christopher Gorham', 'Anne Hathaway', 'Joe Folau']",7000000,4720371,-2279629,-32.56612857142857,6.7,14,2.206097,113.0,en
4251,Veer-Zaara,2004-11-12,2004.0,"['Drama', 'Romance']",Yash Chopra,"['Shah Rukh Khan', 'Preity Zinta', 'Rani Mukerji']",7000000,29385320,22385320,319.7902857142857,7.4,64,3.721858,192.0,hi
12400,Redbelt,2008-04-07,2008.0,['Drama'],David Mamet,"['Chiwetel Ejiofor', 'Tim Allen', 'Alice Braga']",7000000,0,-7000000,-100.0,6.4,76,5.091253,99.0,en
39053,Cyrus,2010-06-18,2010.0,"['Comedy', 'Drama', 'Romance']",Jay Duplass,"['John C. Reilly', 'Jonah Hill', 'Marisa Tomei']",7000000,0,-7000000,-100.0,6.1,133,15.212569,91.0,en
104896,A Dog Of Flanders,1999-08-27,1999.0,"['Drama', 'Family']",Kevin Brodie,"['Jack Warden', 'Jeremy James Kissner', 'Jesse James']",0,0,0,,6.4,6,0.838938,96.0,en
14112,Auto Focus,2002-10-18,2002.0,"['Drama', 'Crime']",Paul Schrader,"['Greg Kinnear', 'Willem Dafoe', 'Rita Wilson']",7000000,2062066,-4937934,-70.54191428571428,6.1,56,7.051521,104.0,en
12271,Factory Girl,2006-12-29,2006.0,['Drama'],George Hickenlooper,"['Sienna Miller', 'Guy Pearce', 'Hayden Christensen']",7000000,0,-7000000,-100.0,6.2,81,11.400229,90.0,en
71859,We Need to Talk About Kevin,2011-09-28,2011.0,"['Drama', 'Thriller']",Lynne Ramsay,"['John C. Reilly', 'Tilda Swinton', 'Ezra Miller']",7000000,6038942,-961058,-13.7294,7.4,677,21.276864,112.0,en
226354,The Christmas Candle,2013-11-22,2013.0,"['Drama', 'Family']",John Stephenson,"['Hans Matheson', 'Samantha Barks', 'Lesley Manville']",0,0,0,,5.8,8,1.799504,100.0,en
48620,The Mighty Macs,2009-10-21,2009.0,"['Action', 'Drama']",Tim Chambers,"['Carla Gugino', 'Ellen Burstyn', 'Marley Shelton']",7000000,0,-7000000,-100.0,5.0,15,2.932784,102.0,en
33676,Losin' It,1983-04-08,1983.0,['Comedy'],Curtis Hanson,"['Tom Cruise', 'Jackie Earle Haley', 'John Stockwell']",7000000,1246141,-5753859,-82.19798571428572,4.5,31,2.550045,100.0,en
37080,Mother and Child,2009-11-07,2009.0,"['Drama', 'Romance']",Rodrigo García,"['Naomi Watts', 'Samuel L. Jackson', 'Annette Bening']",7000000,0,-7000000,-100.0,6.7,46,5.517597,125.0,en
25388,March or Die,1977-09-08,1977.0,"['Action', 'Adventure', 'Drama', 'War']",Dick Richards,"['Gene Hackman', 'Terence Hill', 'Catherine Deneuve']",0,0,0,,6.2,16,3.829937,107.0,en
11687,The Visitors,1993-01-27,1993.0,"['Fantasy', 'Comedy', 'Science Fiction']",Jean-Marie Poiré,"['Jean Reno', 'Valérie Lemercier', 'Christian Clavier']",0,0,0,,7.1,420,8.893676,107.0,fr
39210,Somewhere,2010-09-03,2010.0,"['Comedy', 'Drama']",Sofia Coppola,"['Stephen Dorff', 'Chris Pontius', 'Erin Wasson']",8000000,0,-8000000,-100.0,6.0,208,9.590373,98.0,en
30128,I Hope They Serve Beer in Hell,2009-09-25,2009.0,"['Comedy', 'Drama']",Bob Gosse,"['Matt Czuchry', 'Jesse Bradford', 'Marika Dominczyk']",7000000,1429299,-5570701,-79.58144285714286,5.7,20,7.155519,106.0,en
31535,Chairman of the Board,1998-03-13,1998.0,['Comedy'],Alex Zamm,"[""Scott 'Carrot Top' Thompson"", 'Courtney Thorne-Smith', 'Larry Miller']",0,0,0,,2.7,13,0.587276,95.0,en
44835,Hesher,2010-01-22,2010.0,['Drama'],Spencer Susser,"['Joseph Gordon-Levitt', 'Natalie Portman', 'Rainn Wilson']",7000000,382946,-6617054,-94.52934285714286,6.7,212,13.635828,106.0,en
192134,Dom Hemingway,2013-11-15,2013.0,"['Comedy', 'Crime', 'Drama']",Richard Shepard,"['Jude Law', 'Demián Bichir', 'Richard E. Grant']",0,523511,523511,inf,5.8,212,10.416332,93.0,en
1956,Gerry,2002-01-12,2002.0,"['Mystery', 'Drama', 'Adventure']",Gus Van Sant,"['Casey Affleck', 'Matt Damon']",3500000,0,-3500000,-100.0,6.2,68,5.038953,103.0,en
24985,The Heart of Me,2002-01-01,2002.0,"['Drama', 'Romance']",Thaddeus O'Sullivan,"['Helena Bonham Carter', 'Olivia Williams', 'Paul Bettany']",7000000,0,-7000000,-100.0,7.7,5,1.498245,96.0,en
306745,Freeheld,2015-10-02,2015.0,"['Romance', 'Drama']",Peter Sollett,"['Julianne Moore', 'Ellen Page', 'Steve Carell']",7000000,573335,-6426665,-91.8095,7.1,164,8.184588,103.0,en
47088,The Extra Man,2010-08-01,2010.0,['Comedy'],Shari Springer Berman,"['Kevin Kline', 'Paul Dano', 'Katie Holmes']",7000000,453079,-6546921,-93.52744285714286,5.9,29,2.26778,108.0,en
110402,Hard to Be a God,2013-02-27,2013.0,"['Drama', 'Science Fiction']",Aleksey German,"['Leonid Yarmolnik', 'Yuriy Tsurilo', 'Natalya Moteva']",7000000,1310673,-5689327,-81.2761,6.7,41,3.120016,170.0,ru
27004,Ca$h,2010-01-01,2010.0,"['Crime', 'Thriller', 'Comedy']",Stephen Milburn Anderson,"['Sean Bean', 'Chris Hemsworth', 'Victoria Profeta']",7000000,46488,-6953512,-99.33588571428571,6.0,73,8.207425,108.0,en
15013,Wah-Wah,2005-08-17,2005.0,['Drama'],Richard E. Grant,"['Gabriel Byrne', 'Emily Watson', 'Julie Walters']",0,0,0,,6.3,8,2.356244,120.0,en
8374,The Boondock Saints,1999-01-22,1999.0,"['Action', 'Thriller', 'Crime']",Troy Duffy,"['Willem Dafoe', 'Norman Reedus', 'Sean Patrick Flanery']",6000000,30471,-5969529,-99.49215,7.2,837,34.917447,108.0,en
277519,Z Storm,2014-06-19,2014.0,"['Crime', 'Thriller']",David Lam,"['Louis Koo', 'Gordon Lam Ka-Tung', 'Dada Chan']",0,0,0,,5.8,5,0.542814,92.0,cn
78381,Twixt,2011-09-10,2011.0,"['Horror', 'Thriller']",Francis Ford Coppola,"['Val Kilmer', 'Bruce Dern', 'Ben Chaplin']",7000000,0,-7000000,-100.0,5.0,85,5.060656,84.0,en
164372,The Snow Queen,2012-10-11,2012.0,"['Animation', 'Fantasy']",Vladlen Barbe,"['Ivan Okhlobystin', 'Dmitriy Nagiev', 'Lyudmila Artemeva']",7000000,12400000,5400000,77.14285714285715,5.1,47,5.33861,76.0,ru
294512,Alpha and Omega: The Legend of the Saw Tooth Cave,2014-07-21,2014.0,"['Family', 'Animation', 'Comedy', 'Adventure']",Richard Rich,"['Dee Dee Greene', 'Ben Diskin', 'Lindsay Torrance']",0,0,0,,6.5,4,1.874783,53.0,en
8879,Pale Rider,1985-06-28,1985.0,"['Romance', 'Western']",Clint Eastwood,"['Clint Eastwood', 'Michael Moriarty', 'Carrie Snodgress']",0,41410568,41410568,inf,7.0,251,14.574995,115.0,en
13001,Stargate: The Ark of Truth,2008-03-11,2008.0,"['Adventure', 'Science Fiction']",Robert C. Cooper,"['Ben Browder', 'Amanda Tapping', 'Christopher Judge']",7000000,8900000,1900000,27.142857142857142,6.9,140,8.591387,97.0,en
9571,Dazed and Confused,1993-09-24,1993.0,"['Comedy', 'Drama']",Richard Linklater,"['Jason London', 'Rory Cochrane', 'Wiley Wiggins']",6900000,7993039,1093039,15.841144927536233,7.4,583,26.181753,102.0,en
13649,High School Musical 2,2007-08-17,2007.0,"['Comedy', 'Drama', 'Family', 'Music']",Kenny Ortega,"['Zac Efron', 'Vanessa Hudgens', 'Ashley Tisdale']",0,7000000,7000000,inf,6.1,843,21.01755,104.0,en
325373,Two Lovers and a Bear,2016-10-02,2016.0,"['Drama', 'Romance']",Kim Nguyen,"['Dane DeHaan', 'Tatiana Maslany', 'Gordon Pinsent']",0,0,0,,6.8,27,3.139294,96.0,en
334527,Criminal Activities,2015-11-20,2015.0,"['Thriller', 'Crime', 'Drama']",Jackie Earle Haley,"['Dan Stevens', 'John Travolta', 'Michael Pitt']",7000000,0,-7000000,-100.0,5.8,110,6.665164,94.0,en
2211,Aimee & Jaguar,1999-02-10,1999.0,"['Drama', 'History', 'Romance']",Max Färberböck,"['Maria Schrader', 'Juliane Köhler', 'Johanna Wokalek']",0,0,0,,6.3,20,2.832628,125.0,de
13919,The Chumscrubber,2005-06-08,2005.0,"['Comedy', 'Drama']",Arie Posin,"['Jamie Bell', 'Camilla Belle', 'Justin Chatwin']",0,0,0,,6.7,62,3.528643,108.0,en
14576,Shade,2003-05-18,2003.0,"['Action', 'Thriller', 'Crime']",Damian Nieman,"['Stuart Townsend', 'Gabriel Byrne', 'Thandie Newton']",6800000,0,-6800000,-100.0,6.1,73,4.665309,101.0,en
82505,House at the End of the Street,2012-09-21,2012.0,"['Horror', 'Thriller']",Mark Tonderai,"['Jennifer Lawrence', 'Max Thieriot', 'Elisabeth Shue']",6900000,44287131,37387131,541.8424782608696,5.6,555,25.613197,101.0,en
46738,Incendies,2010-09-04,2010.0,"['Drama', 'War', 'Mystery']",Denis Villeneuve,"['Lubna Azabal', 'Mélissa Désormeaux-Poulin', 'Maxim Gaudette']",6800000,7103838,303838,4.468205882352941,7.9,479,21.285206,130.0,fr
38970,"Remember Me, My Love",2003-02-11,2003.0,"['Drama', 'Comedy', 'Romance']",Gabriele Muccino,"['Fabrizio Bentivoglio', 'Laura Morante', 'Monica Bellucci']",0,0,0,,5.8,44,4.240495,125.0,it
41009,Perrier’s Bounty,2009-09-11,2009.0,"['Action', 'Comedy', 'Crime', 'Drama']",Ian Fitzgibbon,"['Cillian Murphy', 'Brendan Gleeson', 'Jim Broadbent']",0,0,0,,5.1,24,3.810943,88.0,en
7347,Elite Squad,2007-10-12,2007.0,"['Drama', 'Action', 'Crime']",José Padilha,"['Wagner Moura', 'Caio Junqueira', 'André Ramiro']",4000000,0,-4000000,-100.0,7.8,504,23.604936,115.0,pt
250546,Annabelle,2014-10-02,2014.0,['Horror'],John R. Leonetti,"['Annabelle Wallis', 'Ward Horton', 'Tony Amendola']",6500000,255273813,248773813,3827.2894307692304,5.6,1517,60.225219,99.0,en
38415,Bran Nue Dae,2009-08-09,2009.0,"['Comedy', 'Drama', 'Foreign', 'Romance']",Rachel Perkins,"['Rocky McKenzie', 'Geoffrey Rush', 'Jessica Mauboy']",7,7,0,0.0,5.2,6,0.050456,82.0,en
650,Boyz n the Hood,1991-07-12,1991.0,"['Crime', 'Drama']",John Singleton,"['Laurence Fishburne', 'Cuba Gooding Jr.', 'Ice Cube']",6500000,57504069,51004069,784.6779846153846,7.4,364,17.705671,112.0,en
16620,La Bamba,1987-07-24,1987.0,"['Drama', 'Music']",Luis Valdez,"['Lou Diamond Phillips', 'Danielle von Zerneck', 'Elizabeth Peña']",6500000,54215416,47715416,734.0833230769231,6.8,116,6.847099,108.0,en
25113,The Four Seasons,1981-05-22,1981.0,"['Comedy', 'Drama', 'Romance']",Alan Alda,"['Alan Alda', 'Carol Burnett', 'Len Cariou']",0,0,0,,6.3,16,8.067702,107.0,en
11033,Dressed to Kill,1980-06-25,1980.0,"['Horror', 'Mystery', 'Thriller']",Brian De Palma,"['Michael Caine', 'Angie Dickinson', 'Nancy Allen']",6500000,31899000,25399000,390.75384615384615,6.8,157,11.208769,105.0,en
34723,The Adventures of Huck Finn,1993-04-02,1993.0,"['Action', 'Adventure', 'Drama', 'Family']",Stephen Sommers,"['Elijah Wood', 'Courtney B. Vance', 'Robbie Coltrane']",6500000,0,-6500000,-100.0,6.2,42,2.163683,108.0,en
9430,Go,1999-04-09,1999.0,"['Crime', 'Comedy', 'Thriller']",Doug Liman,"['Sarah Polley', 'Katie Holmes', 'Jay Mohr']",6500000,28451622,21951622,337.71726153846157,7.0,196,11.142389,98.0,en
8998,Friends with Money,2006-09-07,2006.0,"['Comedy', 'Drama', 'Romance']",Nicole Holofcener,"['Catherine Keener', 'Jason Isaacs', 'Timm Sharp']",6500000,13368437,6868437,105.66826153846154,5.1,128,11.885221,88.0,en
10514,The Andromeda Strain,1971-03-12,1971.0,"['Science Fiction', 'Thriller']",Robert Wise,"['Arthur Hill', 'David Wayne', 'James Olson']",6500000,12376563,5876563,90.40866153846154,7.0,190,12.524953,131.0,en
10496,Bats,1999-10-22,1999.0,"['Horror', 'Thriller']",Louis Morneau,"['Lou Diamond Phillips', 'Dina Meyer', 'Bob Gunton']",0,10,10,inf,4.1,35,1.537859,91.0,en
1591,Nowhere in Africa,2001-12-11,2001.0,['Drama'],Caroline Link,"['Juliane Köhler', 'Merab Ninidze', 'Sidede Onyulo']",0,0,0,,7.0,32,3.481517,140.0,de
76025,Shame,2011-10-02,2011.0,['Drama'],Steve McQueen,"['Michael Fassbender', 'Carey Mulligan', 'James Badge Dale']",6500000,17693675,11193675,172.2103846153846,7.0,875,40.688426,100.0,en
4836,Layer Cake,2004-09-30,2004.0,"['Drama', 'Thriller', 'Crime']",Matthew Vaughn,"['Daniel Craig', 'Tom Hardy', 'Colm Meaney']",6500000,11850214,5350214,82.31098461538463,7.0,559,24.0034,105.0,en
14631,The Work and the Glory II: American Zion,2005-10-21,2005.0,['Drama'],Sterling Van Wagenen,"['Sam Hennings', 'Brenda Strong', 'Eric Johnson']",6500000,2025032,-4474968,-68.84566153846153,8.0,6,2.639106,100.0,en
87499,The East,2013-05-31,2013.0,"['Drama', 'Thriller']",Zal Batmanglij,"['Brit Marling', 'Alexander Skarsgård', 'Ellen Page']",6500000,2401510,-4098490,-63.05369230769231,6.5,305,16.574756,116.0,en
18923,A Home at the End of the World,2004-07-23,2004.0,"['Romance', 'Drama']",Michael Mayer,"['Colin Farrell', 'Dallas Roberts', 'Robin Wright']",6500000,1548955,-4951045,-76.16992307692307,6.8,45,5.483531,96.0,en
26665,Aberdeen,2000-07-05,2000.0,"['Drama', 'Comedy', 'Foreign']",Hans Petter Moland,"['Stellan Skarsgård', 'Lena Headey', 'Ian Hart']",0,0,0,,7.0,6,1.068819,113.0,en
28089,The Messenger,2009-11-13,2009.0,"['Drama', 'History']",Oren Moverman,"['Ben Foster', 'Woody Harrelson', 'Jena Malone']",6500000,1521261,-4978739,-76.59598461538462,7.1,119,8.432401,113.0,en
62255,Tracker,2010-05-20,2010.0,"['Action', 'Drama', 'Thriller', 'Adventure']",Ian Sharp,"['Ray Winstone', 'Temuera Morrison', 'Andy Anderson']",6500000,0,-6500000,-100.0,6.0,16,2.074295,102.0,en
5708,Control,2007-09-26,2007.0,['Drama'],Anton Corbijn,"['Sam Riley', 'Samantha Morton', 'Alexandra Maria Lara']",0,8159508,8159508,inf,7.5,200,11.357474,121.0,en
218,The Terminator,1984-10-26,1984.0,"['Action', 'Thriller', 'Science Fiction']",James Cameron,"['Arnold Schwarzenegger', 'Michael Biehn', 'Linda Hamilton']",6400000,78371200,71971200,1124.55,7.3,4128,74.234793,108.0,en
338,"Good bye, Lenin!",2003-02-09,2003.0,"['Comedy', 'Drama', 'Romance']",Wolfgang Becker,"['Daniel Brühl', 'Katrin Sass', 'Chulpan Khamatova']",4800000,79384880,74584880,1553.8516666666667,7.4,586,11.086001,121.0,de
21641,The Damned United,2009-03-27,2009.0,['Drama'],Tom Hooper,"['Michael Sheen', 'Timothy Spall', 'Colm Meaney']",10000000,0,-10000000,-100.0,7.2,152,13.409125,97.0,en
10925,The Return of the Living Dead,1985-05-15,1985.0,"['Comedy', 'Horror']",Dan O'Bannon,"['Clu Gulager', 'James Karen', 'Don Calfa']",4000000,14237000,10237000,255.925,7.3,267,14.961629,91.0,en
2293,Mallrats,1995-10-20,1995.0,"['Romance', 'Comedy']",Kevin Smith,"['Jason Lee', 'Jeremy London', 'Shannen Doherty']",6000000,2122561,-3877439,-64.62398333333333,6.8,392,16.139771,94.0,en
621,Grease,1978-07-07,1978.0,['Romance'],Randal Kleiser,"['John Travolta', 'Olivia Newton-John', 'Stockard Channing']",6000000,181813770,175813770,2930.2295,7.2,1581,67.608041,110.0,en
792,Platoon,1986-12-18,1986.0,"['Drama', 'War', 'Action']",Oliver Stone,"['Tom Berenger', 'Charlie Sheen', 'Willem Dafoe']",6000000,138530565,132530565,2208.8427500000003,7.5,1205,49.802914,120.0,en
1777,Fahrenheit 9/11,2004-06-25,2004.0,['Documentary'],Michael Moore,"['Robert De Niro', 'Michael Moore', 'George W. Bush']",6000000,119114517,113114517,1885.24195,6.8,397,16.20985,122.0,en
642,Butch Cassidy and the Sundance Kid,1969-09-23,1969.0,"['History', 'Drama', 'Western', 'Crime']",George Roy Hill,"['Paul Newman', 'Robert Redford', 'Katharine Ross']",6000000,102308889,96308889,1605.1481500000002,7.4,650,24.499996,110.0,en
433,Mary Poppins,1964-08-27,1964.0,"['Comedy', 'Family', 'Fantasy']",Robert Stevenson,"['Julie Andrews', 'Dick Van Dyke', 'David Tomlinson']",6000000,102272727,96272727,1604.54545,7.4,1183,59.961523,139.0,en
16619,Ordinary People,1980-09-19,1980.0,['Drama'],Robert Redford,"['Donald Sutherland', 'Mary Tyler Moore', 'Judd Hirsch']",6000000,0,-6000000,-100.0,7.4,145,12.541983,124.0,en
1725,West Side Story,1961-10-18,1961.0,"['Crime', 'Drama', 'Music']",Robert Wise,"['Natalie Wood', 'Richard Beymer', 'Russ Tamblyn']",6000000,43656822,37656822,627.6137,7.0,389,23.431117,152.0,en
11977,Caddyshack,1980-07-25,1980.0,['Comedy'],Harold Ramis,"['Chevy Chase', 'Rodney Dangerfield', 'Ted Knight']",6000000,39846344,33846344,564.1057333333333,6.6,365,15.929648,98.0,en
20322,The Brothers,2001-03-23,2001.0,"['Comedy', 'Drama', 'Romance']",Gary Hardwick,"['Morris Chestnut', 'D. L. Hughley', 'Bill Bellamy']",0,0,0,,6.5,10,3.029944,106.0,en
16158,The Wood,1999-07-16,1999.0,"['Comedy', 'Drama', 'Romance']",Rick Famuyiwa,"['Omar Epps', 'Richard T. Jones', 'Taye Diggs']",6000000,25059640,19059640,317.66066666666666,7.1,34,5.537646,106.0,en
629,The Usual Suspects,1995-07-19,1995.0,"['Drama', 'Crime', 'Thriller']",Bryan Singer,"['Stephen Baldwin', 'Gabriel Byrne', 'Chazz Palminteri']",6000000,23341568,17341568,289.0261333333333,8.1,3254,64.025031,106.0,en
10160,A Nightmare on Elm Street 5: The Dream Child,1989-08-11,1989.0,"['Horror', 'Thriller']",Stephen Hopkins,"['Robert Englund', 'Lisa Wilcox', 'Erika Anderson']",8000000,22168359,14168359,177.1044875,5.5,245,12.654051,89.0,en
11452,National Lampoon’s Van Wilder,2002-03-29,2002.0,"['Comedy', 'Romance']",Walt Becker,"['Ryan Reynolds', 'Tara Reid', 'Tim Matheson']",5000000,38275483,33275483,665.50966,5.9,858,35.108498,92.0,en
12163,The Wrestler,2008-09-07,2008.0,"['Drama', 'Romance']",Darren Aronofsky,"['Mickey Rourke', 'Marisa Tomei', 'Evan Rachel Wood']",6000000,44703995,38703995,645.0665833333334,7.3,1000,40.196514,109.0,en
32275,Duel in the Sun,1946-12-31,1946.0,['Western'],King Vidor,"['Jennifer Jones', 'Joseph Cotten', 'Gregory Peck']",6000000,20400000,14400000,240.0,6.2,37,7.60445,144.0,en
13785,Best in Show,2000-09-19,2000.0,['Comedy'],Christopher Guest,"['Jay Brazeau', 'Parker Posey', 'Michael Hitchcock']",0,0,0,,6.7,166,10.982255,90.0,en
1103,Escape from New York,1981-05-22,1981.0,"['Science Fiction', 'Action']",John Carpenter,"['Kurt Russell', 'Lee Van Cleef', 'Ernest Borgnine']",6000000,50244700,44244700,737.4116666666666,6.9,703,24.351305,99.0,en
36739,School Daze,1988-02-12,1988.0,"['Comedy', 'Drama']",Spike Lee,"['Samuel L. Jackson', 'Laurence Fishburne', 'Giancarlo Esposito']",0,0,0,,6.2,26,3.159574,121.0,en
14144,Daddy Day Camp,2007-08-08,2007.0,"['Comedy', 'Family']",Fred Savage,"['Cuba Gooding Jr.', 'Tamala Jones', 'Paul Rae']",6000000,18197398,12197398,203.2899666666667,4.4,91,12.601677,89.0,en
10622,Mr. Nice Guy,1997-01-31,1997.0,"['Crime', 'Action', 'Comedy']",Sammo Hung,"['Jackie Chan', 'Richard Norton', 'Miki Lee']",12716953,18814720,6097767,47.94990592479189,6.3,128,7.077505,113.0,cn
13370,A Mighty Wind,2003-04-16,2003.0,"['Comedy', 'Music']",Christopher Guest,"['Bob Balaban', 'Christopher Guest', 'John Michael Higgins']",6000000,18750246,12750246,212.5041,6.6,74,4.053017,91.0,en
11191,Mystic Pizza,1988-10-13,1988.0,"['Comedy', 'Drama', 'Romance']",Donald Petrie,"['Annabeth Gish', 'Julia Roberts', 'Lili Taylor']",0,0,0,,5.9,123,6.379933,104.0,en
10215,Sliding Doors,1998-04-23,1998.0,"['Comedy', 'Drama', 'Fantasy', 'Romance']",Peter Howitt,"['Gwyneth Paltrow', 'John Hannah', 'John Lynch']",6000000,58000000,52000000,866.6666666666666,6.5,354,15.639016,99.0,en
25066,Tales from the Hood,1995-05-24,1995.0,"['Crime', 'Horror', 'Thriller']",Rusty Cundieff,"['Clarence Williams III', 'Corbin Bernsen', 'David Alan Grier']",6000000,12000000,6000000,100.0,5.4,32,3.89204,98.0,en
1523,The Last King of Scotland,2006-09-01,2006.0,['Drama'],Kevin Macdonald,"['Forest Whitaker', 'James McAvoy', 'Simon McBurney']",6000000,48027970,42027970,700.4661666666666,7.4,558,26.286954,121.0,en
11361,Halloween 5: The Revenge of Michael Myers,1989-10-12,1989.0,"['Horror', 'Thriller']",Dominique Othenin-Girard,"['Donald Pleasence', 'Danielle Harris', 'Ellie Cornell']",5000000,11642254,6642254,132.84508,5.2,183,8.008844,96.0,en
92591,Bernie,2012-04-27,2012.0,"['Comedy', 'Crime', 'Drama']",Richard Linklater,"['Jack Black', 'Shirley MacLaine', 'Matthew McConaughey']",5000000,9206470,4206470,84.1294,6.5,320,12.68514,100.0,en
57612,Dolphins and Whales: Tribes of the Ocean,2008-02-15,2008.0,['Documentary'],Jean-Jacques Mantello,"['Daryl Hannah', 'Charlotte Rampling']",6000000,7518876,1518876,25.3146,8.0,3,0.041651,42.0,en
12509,Pollock,2000-09-06,2000.0,"['Drama', 'Romance']",Ed Harris,"['Ed Harris', 'Marcia Gay Harden', 'Tom Bower']",0,0,0,,6.6,91,8.483531,122.0,en
15256,200 Cigarettes,1999-02-26,1999.0,"['Comedy', 'Drama', 'Romance']",Risa Bramon Garcia,"['Ben Affleck', 'Casey Affleck', 'Dave Chappelle']",6000000,6852450,852450,14.207500000000001,6.1,44,3.561198,101.0,en
83686,The Words,2012-09-07,2012.0,"['Drama', 'Thriller']",Brian Klugman,"['Bradley Cooper', 'Zoe Saldana', 'Jeremy Irons']",6000000,13231461,7231461,120.52435,6.4,379,14.988746,96.0,en
80304,Casa De Mi Padre,2012-03-15,2012.0,"['Comedy', 'Western']",Matt Piedmont,"['Will Ferrell', 'Gael García Bernal', 'Génesis Rodríguez']",0,0,0,,5.5,103,5.754416,84.0,en
28053,City Island,2009-03-06,2009.0,"['Drama', 'Comedy']",Raymond De Felitta,"['Andy García', 'Julianna Margulies', 'Steven Strait']",6000000,6670712,670712,11.178533333333334,6.9,113,6.497285,104.0,en
67913,The Guard,2011-07-07,2011.0,"['Action', 'Comedy', 'Thriller', 'Crime']",John Michael McDonagh,"['Brendan Gleeson', 'Don Cheadle', 'Liam Cunningham']",6000000,19560274,13560274,226.00456666666668,6.8,372,19.411141,96.0,en
13991,College,2008-08-28,2008.0,['Comedy'],Deb Hagan,"['Drake Bell', 'Andrew Caldwell', 'Andree Moss']",7000000,6230276,-769724,-10.996057142857143,4.8,48,7.034618,94.0,en
1443,The Virgin Suicides,1999-04-21,1999.0,"['Drama', 'Romance']",Sofia Coppola,"['James Woods', 'Kathleen Turner', 'Kirsten Dunst']",6000000,10409377,4409377,73.48961666666666,7.1,817,26.218912,97.0,en
8545,Little Voice,1998-11-05,1998.0,"['Comedy', 'Drama']",Mark Herman,"['Brenda Blethyn', 'Michael Caine', 'Ewan McGregor']",0,0,0,,6.6,61,4.647547,97.0,en
19556,Miss March,2009-03-13,2009.0,"['Comedy', 'Romance']",Zach Cregger,"['Zach Cregger', 'Trevor Moore', 'Raquel Alessi']",0,0,0,,5.4,77,9.371534,89.0,en
231576,Wish I Was Here,2014-01-18,2014.0,"['Drama', 'Comedy']",Zach Braff,"['Zach Braff', 'Kate Hudson', 'Joey King']",5500000,5483299,-16701,-0.30365454545454545,6.4,300,15.015271,120.0,en
16172,Simply Irresistible,1999-02-05,1999.0,['Comedy'],Mark Tarlov,"['Sarah Michelle Gellar', 'Sean Patrick Flanery', 'Dylan Baker']",6000000,4398989,-1601011,-26.68351666666667,5.5,52,5.696491,95.0,en
13403,Hedwig and the Angry Inch,2001-07-20,2001.0,"['Comedy', 'Music']",John Cameron Mitchell,"['John Cameron Mitchell', 'Miriam Shor', 'Stephen Trask']",0,0,0,,7.4,80,4.25422,95.0,en
15797,Only the Strong,1993-08-27,1993.0,['Action'],Sheldon Lettich,"['Mark Dacascos', 'Geoffrey Lewis', 'Stacey Travis']",6000000,3283371,-2716629,-45.27715,6.9,29,5.411243,99.0,en
347764,Goddess of Love,2015-08-31,2015.0,"['Mystery', 'Drama', 'Thriller', 'Horror']",Jon Knautz,"['Alexis Kendra', 'Elizabeth Sandy', 'Monda Scott']",0,0,0,,6.2,9,1.273773,96.0,en
13537,Shattered Glass,2003-11-14,2003.0,"['Drama', 'History']",Billy Ray,"['Hayden Christensen', 'Peter Sarsgaard', 'Chloë Sevigny']",6000000,2944752,-3055248,-50.9208,6.6,111,6.27257,94.0,en
20794,Novocaine,2001-11-23,2001.0,"['Comedy', 'Crime', 'Thriller']",David Atkins,"['Chelcie Ross', 'Steve Martin', 'Laura Dern']",6000000,2025238,-3974762,-66.24603333333333,6.0,44,4.148253,95.0,en
31064,The Business of Strangers,2001-01-19,2001.0,"['Drama', 'Thriller']",Patrick Stettner,"['Julia Stiles', 'Stockard Channing', 'Frederick Weller']",0,0,0,,5.7,19,1.369649,84.0,en
576,The Wild Bunch,1969-06-17,1969.0,"['Adventure', 'Western']",Sam Peckinpah,"['William Holden', 'Ernest Borgnine', 'Robert Ryan']",6244087,638641,-5605446,-89.77206755767496,7.6,259,14.970654,145.0,en
13990,The Wackness,2008-07-03,2008.0,['Drama'],Jonathan Levine,"['Ben Kingsley', 'Famke Janssen', 'Josh Peck']",6000000,2899975,-3100025,-51.66708333333333,6.2,94,7.161051,99.0,en
11583,The First Great Train Robbery,1979-01-25,1979.0,"['Thriller', 'Adventure', 'Drama', 'Crime']",Michael Crichton,"['Sean Connery', 'Donald Sutherland', 'Lesley-Anne Down']",6000000,0,-6000000,-100.0,6.6,74,12.434688,110.0,en
18602,Morvern Callar,2002-01-01,2002.0,['Drama'],Lynne Ramsay,"['Samantha Morton', 'Kathleen McDermott', 'James Wilson']",0,0,0,,7.2,34,2.507912,97.0,en
27549,Beastmaster 2: Through the Portal of Time,1991-06-08,1991.0,"['Action', 'Adventure', 'Fantasy', 'Science Fiction']",Sylvio Tabet,"['Marc Singer', 'Kari Wuhrer', 'Sarah Douglas']",6000000,869325,-5130675,-85.51125,4.6,17,1.478505,107.0,en
59728,The 5th Quarter,2011-03-25,2011.0,['Drama'],Rick Bieber,"['Aidan Quinn', 'Andie MacDowell', 'Ryan Merriman']",6000000,399611,-5600389,-93.33981666666666,4.7,12,0.215464,97.0,en
10930,The Flower of Evil,2003-02-09,2003.0,['Drama'],Claude Chabrol,"['Benoît Magimel', 'Mélanie Doutey', 'Suzanne Flon']",0,0,0,,5.7,10,1.229667,104.0,fr
32395,The Greatest,2009-01-17,2009.0,['Drama'],Shana Feste,"['Pierce Brosnan', 'Susan Sarandon', 'Carey Mulligan']",6000000,0,-6000000,-100.0,6.2,34,6.903186,99.0,en
58882,Snow Flower and the Secret Fan,2011-07-15,2011.0,"['Drama', 'History']",Wayne Wang,"['Li Bingbing', 'Jun Ji-hyun', 'Hugh Jackman']",134005,1332231,1198226,894.1651430916756,5.3,22,2.260315,104.0,en
7547,Come Early Morning,2006-01-10,2006.0,"['Drama', 'Romance']",Joey Lauren Adams,"['Ashley Judd', 'Laura Prepon', 'Jeffrey Donovan']",6000000,0,-6000000,-100.0,5.9,10,3.427061,97.0,en
35944,Lucky Break,2001-08-24,2001.0,"['Action', 'Comedy']",Peter Cattaneo,"['James Nesbitt', 'Olivia Williams', 'Timothy Spall']",0,0,0,,6.5,11,0.669169,107.0,en
42222,Julia,1977-10-02,1977.0,['Drama'],Fred Zinnemann,"['Jane Fonda', 'Vanessa Redgrave', 'Jason Robards']",0,0,0,,6.3,30,6.077735,117.0,en
13827,"Surfer, Dude",2008-09-05,2008.0,['Comedy'],S.R. Bindler,"['Matthew McConaughey', 'Jeffrey Nordling', 'Willie Nelson']",6000000,69497,-5930503,-98.84171666666667,4.7,25,2.404626,85.0,en
44260,Lake of Fire,2006-09-09,2006.0,['Documentary'],Tony Kaye,"['Noam Chomsky', 'Bill Baird', 'Flip Benham']",0,25,25,inf,8.0,10,0.475748,152.0,en
9282,11:14,2003-05-16,2003.0,"['Crime', 'Drama', 'Thriller']",Greg Marcks,"['Henry Thomas', 'Blake Heron', 'Barbara Hershey']",6000000,0,-6000000,-100.0,6.8,206,15.048067,86.0,en
38940,Men of War,1994-09-04,1994.0,"['Action', 'Thriller']",Perry Lang,"['Dolph Lundgren', 'Charlotte Lewis', 'BD Wong']",0,0,0,,5.4,29,1.734764,103.0,en
35689,Don McKay,2009-04-24,2009.0,"['Crime', 'Mystery', 'Thriller']",Jake Goldberger,"['Thomas Haden Church', 'Elisabeth Shue', 'Melissa Leo']",0,0,0,,5.4,21,1.496454,87.0,en
97614,Deadfall,2012-11-08,2012.0,"['Crime', 'Drama', 'Thriller']",Stefan Ruzowitzky,"['Eric Bana', 'Olivia Wilde', 'Charlie Hunnam']",12000000,66351,-11933649,-99.447075,5.6,224,10.19041,95.0,en
37206,A Shine of Rainbows,2009-10-01,2009.0,"['Drama', 'Family']",Vic Sarin,"['Connie Nielsen', 'Aidan Quinn', 'John Bell']",6000000,0,-6000000,-100.0,6.3,14,12.099486,101.0,en
58626,The Hit List,2011-04-02,2011.0,"['Action', 'Thriller']",William Kaufman,"['Cuba Gooding Jr.', 'Cole Hauser', 'Jonathan LaPaglia']",6000000,0,-6000000,-100.0,5.2,73,4.957014,90.0,en
183894,Emma,2009-10-11,2009.0,"['Romance', 'Comedy', 'Drama']",Jim O'Hanlon,"['Romola Garai', 'Michael Gambon', 'Jonny Lee Miller']",0,0,0,,7.6,38,2.135689,240.0,en
837,Videodrome,1983-02-04,1983.0,"['Horror', 'Mystery', 'Science Fiction']",David Cronenberg,"['James Woods', 'Sonja Smits', 'Deborah Harry']",5952000,2120439,-3831561,-64.37434475806452,7.1,454,18.119265,87.0,en
1555,The Spanish Apartment,2002-05-17,2002.0,"['Drama', 'Comedy', 'Romance']",Cédric Klapisch,"['Romain Duris', 'Audrey Tautou', 'Kelly Reilly']",5300000,3897799,-1402201,-26.456622641509437,7.0,266,13.034602,122.0,fr
244783,Song One,2014-01-20,2014.0,['Drama'],Kate Barker-Froyland,"['Anne Hathaway', 'Johnny Flynn', 'Mary Steenburgen']",6000000,32251,-5967749,-99.46248333333332,5.5,87,6.349218,86.0,en
16564,Winter in Wartime,2008-11-17,2008.0,"['Drama', 'History', 'War']",Martin Koolhoven,"['Martijn Lakemeier', 'Melody Klaver', 'Yorick van Wageningen']",4000000,530048,-3469952,-86.7488,6.8,66,5.013575,103.0,nl
168027,Freaky Deaky,2012-04-22,2012.0,['Comedy'],Charles Matthau,"['Christian Slater', 'Michael Jai White', 'Crispin Glover']",0,0,0,,4.9,18,4.448353,90.0,en
3482,The Train,1964-09-21,1964.0,"['Action', 'Drama', 'Thriller', 'War']",John Frankenheimer,"['Burt Lancaster', 'Paul Scofield', 'Jeanne Moreau']",5800000,6800000,1000000,17.24137931034483,7.2,72,4.49029,133.0,en
135595,Trade Of Innocents,2012-09-27,2012.0,"['Drama', 'Thriller']",Christopher Bessette,"['Dermot Mulroney', 'Mira Sorvino', 'John Billingsley']",0,0,0,,5.5,12,2.204138,91.0,en
8982,The Protector,2005-08-11,2005.0,"['Action', 'Crime', 'Drama', 'Thriller']",Prachya Pinkaew,"['Tony Jaa', 'Petchtai Wongkamlao', 'Bongkoj Khongmalai']",6000000,27165581,21165581,352.7596833333333,6.8,167,11.81832,108.0,th
89861,Stiff Upper Lips,1998-06-12,1998.0,['Comedy'],Gary Sinyor,"['Georgina Cates', 'Peter Ustinov', 'Prunella Scales']",0,0,0,,10.0,1,0.356495,99.0,en
455,Bend It Like Beckham,2002-04-11,2002.0,"['Comedy', 'Drama', 'Romance']",Gurinder Chadha,"['Parminder Nagra', 'Keira Knightley', 'Jonathan Rhys Meyers']",3500159,76578641,73078482,2087.861779993423,6.2,578,22.054546,112.0,en
57022,Sunshine State,2002-06-21,2002.0,['Drama'],John Sayles,"['Alan King', 'Angela Bassett', 'Timothy Hutton']",0,0,0,,6.0,10,4.245123,141.0,en
14351,Crossover,2006-09-01,2006.0,"['Action', 'Adventure', 'Drama']",Preston A. Whitmore II,"['Anthony Mackie', 'Marcello Thedford', 'Allen Payne']",5800000,7000000,1200000,20.689655172413794,4.2,10,3.201886,95.0,en
147767,Khiladi 786,2012-12-07,2012.0,"['Action', 'Comedy']",Ashish R. Mohan,"['Akshay Kumar', 'Asin Thottumkal', 'Himesh Reshammiya']",0,126,126,inf,4.7,11,0.114342,139.0,en
10664,[REC]²,2009-09-15,2009.0,"['Thriller', 'Horror']",Jaume Balagueró,"['Manuela Velasco', 'Ferran Terraza', 'Claudia Silva']",5600000,18469680,12869680,229.81571428571428,6.4,489,22.341462,85.0,es
55567,Standing Ovation,2010-07-16,2010.0,"['Comedy', 'Music', 'Family']",Stewart Raffill,"['Kayla Jackson', 'Kayla Raparelli', 'Sal Dupree']",0,531826,531826,inf,3.9,6,0.305922,105.0,en
9277,The Sting,1973-12-25,1973.0,"['Comedy', 'Crime', 'Drama']",George Roy Hill,"['Paul Newman', 'Robert Redford', 'Robert Shaw']",5500000,159616327,154116327,2802.115036363636,7.9,622,28.500913,129.0,en
9443,Chariots of Fire,1981-05-15,1981.0,"['Drama', 'History']",Hugh Hudson,"['Ben Cross', 'Ian Charleson', 'Cheryl Campbell']",5500000,58972904,53472904,972.2346181818182,6.8,207,10.439971,123.0,en
16186,Diary of a Mad Black Woman,2005-02-25,2005.0,"['Comedy', 'Drama', 'Romance']",Darren Grant,"['Kimberly Elise', 'Steve Harris', 'Tyler Perry']",0,0,0,,6.4,71,3.784535,116.0,en
7863,Shine,1996-01-21,1996.0,['Drama'],Scott Hicks,"['Geoffrey Rush', 'Noah Taylor', 'Armin Mueller-Stahl']",0,0,0,,7.3,131,10.396305,105.0,en
138697,Don Jon,2013-07-26,2013.0,"['Romance', 'Comedy', 'Drama']",Joseph Gordon-Levitt,"['Joseph Gordon-Levitt', 'Scarlett Johansson', 'Julianne Moore']",6000000,0,-6000000,-100.0,5.9,1671,33.296684,90.0,en
11901,High Plains Drifter,1973-04-19,1973.0,['Western'],Clint Eastwood,"['Clint Eastwood', 'Verna Bloom', 'Marianna Hill']",5500000,15700000,10200000,185.45454545454544,7.4,278,19.127239,105.0,en
1548,Ghost World,2001-07-20,2001.0,"['Comedy', 'Drama']",Terry Zwigoff,"['Thora Birch', 'Scarlett Johansson', 'Steve Buscemi']",7000000,0,-7000000,-100.0,7.1,426,14.072941,111.0,en
11889,Iris,2001-12-14,2001.0,"['Drama', 'Romance']",Richard Eyre,"['Judi Dench', 'Jim Broadbent', 'Kate Winslet']",0,0,0,,6.2,47,2.714043,91.0,en
33155,Galaxina,1980-06-06,1980.0,"['Comedy', 'Science Fiction']",William Sachs,"['Dorothy Stratten', 'Stephen Macht', 'Avery Schreiber']",5500000,4865000,-635000,-11.545454545454545,3.3,16,2.141143,95.0,en
5528,The Chorus,2004-03-17,2004.0,['Drama'],Christophe Barratier,"['Gérard Jugnot', 'François Berléand', 'Kad Merad']",0,0,0,,7.5,526,20.982455,96.0,fr
321,Mambo Italiano,2003-06-06,2003.0,"['Comedy', 'Romance']",Émile Gaudreault,"['Luke Kirby', 'Ginette Reno', 'Paul Sorvino']",4361898,3031801,-1330097,-30.493537446313507,5.6,28,2.080741,92.0,en
4997,Wonderland,2003-10-23,2003.0,"['Crime', 'Drama', 'Mystery', 'Thriller']",James Cox,"['Val Kilmer', 'Dylan McDermott', 'Kate Bosworth']",5000000,2466444,-2533556,-50.67112,6.2,73,7.79068,104.0,en
925,Do the Right Thing,1989-06-30,1989.0,['Drama'],Spike Lee,"['Danny Aiello', 'Ossie Davis', 'Ruby Dee']",6500000,37295445,30795445,473.77607692307697,7.6,292,15.580335,120.0,en
27451,Harvard Man,2001-01-01,2001.0,['Drama'],James Toback,"['Sarah Michelle Gellar', 'Adrian Grenier', 'Joey Lauren Adams']",0,0,0,,4.8,15,5.336243,99.0,en
73532,Le Havre,2011-05-17,2011.0,"['Drama', 'Comedy']",Aki Kaurismäki,"['André Wilms', 'Kati Outinen', 'Blondin Miguel']",3850000,0,-3850000,-100.0,6.8,97,10.787322,93.0,fr
979,Irreversible,2002-05-22,2002.0,"['Drama', 'Thriller', 'Crime', 'Mystery']",Gaspar Noé,"['Monica Bellucci', 'Vincent Cassel', 'Albert Dupontel']",0,792,792,inf,7.1,538,32.476098,97.0,fr
193722,R100,2013-10-05,2013.0,"['Comedy', 'Drama']",Hitoshi Matsumoto,"['Nao Omori', 'Mao Daichi', 'Shinobu Terajima']",5500000,0,-5500000,-100.0,5.4,31,3.21392,100.0,ja
7913,Rang De Basanti,2006-01-26,2006.0,['Drama'],Rakeysh Omprakash Mehra,"['Aamir Khan', 'Soha Ali Khan', 'Alice Patten']",2200000,11502151,9302151,422.8250454545455,7.2,97,5.206967,157.0,hi
253253,Animals,2014-05-15,2014.0,['Drama'],Collin Schiffli,"['David Dastmalchian', 'Kim Shaw', 'John Heard']",0,0,0,,6.2,9,1.5846,90.0,en
51995,Salvation Boulevard,2011-07-15,2011.0,"['Comedy', 'Thriller', 'Action', 'Drama']",George Ratliff,"['Jennifer Connelly', 'Marisa Tomei', 'Pierce Brosnan']",8000000,0,-8000000,-100.0,5.6,28,3.653305,96.0,en
13173,The Ten,2007-08-03,2007.0,['Comedy'],David Wain,"['Paul Rudd', 'Adam Brody', 'Jon Hamm']",0,0,0,,4.9,57,3.865122,96.0,en
22908,A Room for Romeo Brass,1999-08-23,1999.0,"['Drama', 'Comedy', 'Foreign']",Shane Meadows,"['Paddy Considine', 'Andrew Shim', 'Frank Harper']",0,0,0,,7.3,18,1.391958,90.0,en
70670,Headhunters,2011-08-04,2011.0,"['Thriller', 'Crime']",Morten Tyldum,"['Aksel Hennie', 'Nikolaj Coster-Waldau', 'Synnøve Macody Lund']",0,15699707,15699707,inf,7.1,399,20.821846,100.0,en
84204,Grabbers,2012-08-10,2012.0,"['Science Fiction', 'Comedy', 'Thriller', 'Horror']",Jon Wright,"['Richard Coyle', 'Ruth Bradley', 'Russell Tovey']",0,0,0,,6.0,140,9.451228,94.0,en
25248,Saint Ralph,2004-09-11,2004.0,"['Comedy', 'Drama']",Michael McGowan,"['Adam Butcher', 'Campbell Scott', 'Michael Kanev']",0,0,0,,7.3,24,1.688495,95.0,en
230266,Miss Julie,2014-09-07,2014.0,['Drama'],Liv Ullmann,"['Jessica Chastain', 'Colin Farrell', 'Samantha Morton']",5500000,5000000,-500000,-9.090909090909092,5.9,45,5.033065,120.0,en
16633,Somewhere in Time,1980-10-02,1980.0,"['Science Fiction', 'Drama', 'Fantasy', 'Romance']",Jeannot Szwarc,"['Christopher Reeve', 'Jane Seymour', 'Christopher Plummer']",5100000,0,-5100000,-100.0,7.2,102,5.934016,103.0,en
63006,Dum Maaro Dum,2011-04-22,2011.0,"['Drama', 'Action', 'Crime', 'Foreign']",Rohan Sippy,"['Abhishek Bachchan', 'Bipasha Basu', 'Deepika Padukone']",0,0,0,,5.4,7,0.075817,130.0,hi
91586,Insidious: Chapter 2,2013-09-12,2013.0,"['Horror', 'Thriller']",James Wan,"['Patrick Wilson', 'Rose Byrne', 'Ty Simpkins']",5000000,0,-5000000,-100.0,6.5,1211,48.375848,106.0,en
215,Saw II,2005-10-28,2005.0,['Horror'],Darren Lynn Bousman,"['Tobin Bell', 'Shawnee Smith', 'Donnie Wahlberg']",4000000,152925093,148925093,3723.127325,6.3,1251,42.187986,92.0,en
333371,10 Cloverfield Lane,2016-03-10,2016.0,"['Thriller', 'Science Fiction', 'Drama']",Dan Trachtenberg,"['Mary Elizabeth Winstead', 'John Goodman', 'John Gallagher Jr.']",15000000,108286421,93286421,621.9094733333334,6.8,2468,53.698683,103.0,en
9012,Jackass: The Movie,2002-10-21,2002.0,"['Documentary', 'Comedy']",Jeff Tremaine,"['Johnny Knoxville', 'Bam Margera', 'Steve-O']",5000000,64282312,59282312,1185.64624,6.1,345,14.752587,87.0,en
345911,Lights Out,2016-07-21,2016.0,"['Horror', 'Thriller']",David F. Sandberg,"['Teresa Palmer', 'Maria Bello', 'Gabriel Bateman']",4900000,44107032,39207032,800.1435102040816,6.3,1129,48.170508,81.0,en
72571,Paranormal Activity 3,2011-10-19,2011.0,['Horror'],Henry Joost,"['Katie Featherston', 'Sprague Grayden', 'Lauren Bittner']",5000000,205703818,200703818,4014.07636,5.9,669,29.15813,83.0,en
242512,Ouija,2014-10-24,2014.0,['Horror'],Stiles White,"['Olivia Cooke', 'Ana Coto', 'Daren Kagasoff']",5000000,103590271,98590271,1971.8054200000001,4.9,983,56.30466,89.0,en
10072,A Nightmare on Elm Street 3: Dream Warriors,1987-02-27,1987.0,"['Horror', 'Thriller']",Chuck Russell,"['Robert Englund', 'Patricia Arquette', 'Heather Langenkamp']",5000000,44793222,39793222,795.86444,6.5,354,17.304055,96.0,en
211954,Instructions Not Included,2013-07-20,2013.0,"['Comedy', 'Drama']",Eugenio Derbez,"['Loreto Peralta', 'Eugenio Derbez', 'Jessica Lindsey']",5500000,99067206,93567206,1701.2219272727273,7.5,205,9.59729,115.0,es
82990,Paranormal Activity 4,2012-10-17,2012.0,['Horror'],Henry Joost,"['Katie Featherston', 'Kathryn Newton', 'Matt Shively']",5000000,142817992,137817992,2756.35984,5.2,563,20.326337,95.0,en
29912,The Robe,1953-09-16,1953.0,['Drama'],Henry Koster,"['Richard Burton', 'Jean Simmons', 'Victor Mature']",4100000,36000000,31900000,778.0487804878048,6.4,42,4.028875,135.0,en
11843,The Return of the Pink Panther,1975-05-21,1975.0,['Comedy'],Blake Edwards,"['Peter Sellers', 'Christopher Plummer', 'Herbert Lom']",5000000,41833347,36833347,736.6669400000001,6.7,137,6.470766,113.0,en
11284,Freddy's Dead: The Final Nightmare,1991-09-05,1991.0,"['Horror', 'Thriller', 'Comedy']",Rachel Talalay,"['Robert Englund', 'Lisa Zane', 'Shon Greenblatt']",11000000,34872033,23872033,217.0184818181818,5.1,272,16.856231,89.0,en
504,Monster,2003-11-16,2003.0,"['Crime', 'Drama']",Patty Jenkins,"['Charlize Theron', 'Christina Ricci', 'Bruce Dern']",8000000,60378584,52378584,654.7323,7.0,485,19.683187,110.0,en
173,"20,000 Leagues Under the Sea",1954-12-23,1954.0,"['Adventure', 'Drama', 'Science Fiction']",Richard Fleischer,"['Kirk Douglas', 'James Mason', 'Paul Lukas']",5000000,28200000,23200000,463.99999999999994,6.8,157,9.358197,127.0,en
227348,Paranormal Activity: The Marked Ones,2014-01-01,2014.0,"['Horror', 'Thriller']",Christopher B. Landon,"['Andrew Jacobs', 'Richard Cabral', 'Carlos Pratts']",5000000,86362372,81362372,1627.24744,5.2,449,19.984477,84.0,en
1955,The Elephant Man,1980-10-02,1980.0,"['Drama', 'History']",David Lynch,"['Anthony Hopkins', 'John Hurt', 'Anne Bancroft']",5000000,26010864,21010864,420.21727999999996,7.9,719,30.271066,124.0,en
152532,Dallas Buyers Club,2013-09-07,2013.0,"['Drama', 'History']",Jean-Marc Vallée,"['Matthew McConaughey', 'Jennifer Garner', 'Jared Leto']",5000000,55198285,50198285,1003.9657,7.9,2886,59.454473,117.0,en
243940,The Lazarus Effect,2015-01-29,2015.0,"['Thriller', 'Horror']",David Gelb,"['Olivia Wilde', 'Mark Duplass', 'Donald Glover']",3300000,64110728,60810728,1842.7493333333334,5.1,505,20.304235,83.0,en
77,Memento,2000-10-11,2000.0,"['Mystery', 'Thriller']",Christopher Nolan,"['Guy Pearce', 'Carrie-Anne Moss', 'Joe Pantoliano']",9000000,39723096,30723096,341.3677333333333,8.1,4028,60.715151,113.0,en
157547,Oculus,2013-09-08,2013.0,['Horror'],Mike Flanagan,"['Karen Gillan', 'Brenton Thwaites', 'Katee Sackhoff']",5000000,44030246,39030246,780.60492,6.3,1050,35.871248,104.0,en
2295,Clerks II,2006-05-25,2006.0,['Comedy'],Kevin Smith,"[""Brian O'Halloran"", 'Jeff Anderson', 'Jason Mewes']",5000000,26888376,21888376,437.76752,6.9,398,18.077963,97.0,en
71,Billy Elliot,2000-05-18,2000.0,"['Drama', 'Comedy', 'Music']",Stephen Daldry,"['Jamie Bell', 'Julie Walters', 'Jean Heywood']",5000000,110000000,105000000,2100.0,7.4,750,20.428237,110.0,en
147773,The Way Way Back,2013-06-06,2013.0,"['Comedy', 'Drama']",Nat Faxon,"['Liam James', 'Steve Carell', 'Toni Collette']",4600000,23198652,18598652,404.31852173913046,7.1,688,32.14444,103.0,en
16096,House Party 2,1991-10-23,1991.0,['Comedy'],Doug McHenry,"['Martin Lawrence', 'Christopher Martin', 'Christopher Reid']",0,0,0,,4.7,21,3.673566,94.0,en
24266,The Man from Snowy River,1982-03-02,1982.0,"['Family', 'Drama', 'Action', 'Western', 'Romance']",George T. Miller,"['Tom Burlinson', 'Terence Donovan', 'Kirk Douglas']",3500000,20659423,17159423,490.2692285714286,6.8,37,3.656491,104.0,en
16508,Doug's 1st Movie,1999-03-26,1999.0,"['Animation', 'Family', 'Comedy']",Maurice Joyce,"['Thomas McHugh', 'Fred Newman', 'Chris Phillips']",0,0,0,,5.4,22,1.88484,77.0,en
2895,The Apostle,1997-10-09,1997.0,['Drama'],Robert Duvall,"['Robert Duvall', 'Billy Bob Thornton', 'June Carter Cash']",5000000,0,-5000000,-100.0,6.1,38,4.227807,134.0,en
15660,Mommie Dearest,1981-09-18,1981.0,['Drama'],Frank Perry,"['Faye Dunaway', 'Diana Scarwid', 'Steve Forrest']",0,0,0,,6.5,54,3.102862,129.0,en
59968,Our Idiot Brother,2011-08-26,2011.0,"['Comedy', 'Drama']",Jesse Peretz,"['Paul Rudd', 'Elizabeth Banks', 'Zooey Deschanel']",10000000,17273593,7273593,72.73593000000001,5.9,365,15.688439,90.0,en
323677,Race,2016-02-19,2016.0,"['Action', 'Drama']",Stephen Hopkins,"['Stephan James', 'Jason Sudeikis', 'Carice van Houten']",5000000,24804129,19804129,396.08258,7.1,478,22.9951,134.0,en
19848,The Players Club,1998-04-08,1998.0,['Drama'],Ice Cube,"['LisaRaye McCoy', 'Dick Anthony Williams', 'Judyann Elder']",0,0,0,,6.4,14,5.769822,104.0,en
256274,"As Above, So Below",2014-08-14,2014.0,"['Horror', 'Thriller']",John Erick Dowdle,"['Perdita Weeks', 'Ben Feldman', 'Edwin Hodge']",5000000,40100000,35100000,702.0,6.1,766,26.510558,93.0,en
235271,Addicted,2014-10-10,2014.0,"['Drama', 'Thriller']",Bille Woodruff,"['Boris Kodjoe', 'Brandon Gonzales', 'Cameron Mills']",0,0,0,,5.4,63,7.544515,105.0,en
45153,Eve's Bayou,1997-09-07,1997.0,['Drama'],Kasi Lemmons,"['Jurnee Smollett', 'Meagan Good', 'Lynn Whitfield']",0,0,0,,6.1,27,1.126941,109.0,en
284293,Still Alice,2014-12-05,2014.0,['Drama'],Richard Glatzer,"['Julianne Moore', 'Alec Baldwin', 'Kristen Stewart']",5000000,43884652,38884652,777.69304,7.5,1104,35.307577,99.0,en
24973,The Egyptian,1954-08-25,1954.0,"['History', 'Drama']",Michael Curtiz,"['Jean Simmons', 'Victor Mature', 'Gene Tierney']",5000000,15000000,10000000,200.0,6.0,11,4.079111,139.0,en
21610,Nighthawks,1981-03-17,1981.0,"['Action', 'Crime', 'Thriller']",Bruce Malmuth,"['Sylvester Stallone', 'Rutger Hauer', 'Billy Dee Williams']",5000000,19905359,14905359,298.10718,6.4,86,7.058868,99.0,en
10283,Friday the 13th Part VIII: Jason Takes Manhattan,1989-07-28,1989.0,"['Horror', 'Thriller']",Rob Hedden,"['Kane Hodder', 'Jensen Daggett', 'Scott Reeves']",5000000,14000000,9000000,180.0,4.8,191,12.904615,100.0,en
8346,My Big Fat Greek Wedding,2002-02-22,2002.0,"['Comedy', 'Drama', 'Romance']",Joel Zwick,"['Nia Vardalos', 'John Corbett', 'Lainie Kazan']",5000000,368744044,363744044,7274.880880000001,6.2,671,18.115566,95.0,en
122081,Spring Breakers,2013-01-24,2013.0,"['Drama', 'Crime']",Harmony Korine,"['James Franco', 'Selena Gomez', 'Vanessa Hudgens']",5000000,31724284,26724284,534.48568,5.0,1551,62.554173,94.0,en
10987,Halloween: The Curse of Michael Myers,1995-09-29,1995.0,"['Horror', 'Thriller']",Joe Chappelle,"['Donald Pleasence', 'Paul Rudd', 'Marianne Hagan']",5000000,15116634,10116634,202.33268,5.0,170,9.483717,88.0,en
1391,Y Tu Mamá También,2001-06-08,2001.0,"['Drama', 'Romance']",Alfonso Cuarón,"['Gael García Bernal', 'Diego Luna', 'Maribel Verdú']",5000000,33616692,28616692,572.33384,7.3,315,16.890285,106.0,es
747,Shaun of the Dead,2004-04-09,2004.0,"['Horror', 'Comedy']",Edgar Wright,"['Simon Pegg', 'Nick Frost', 'Kate Ashfield']",4000000,30039392,26039392,650.9848,7.5,2420,49.12486,99.0,en
14745,The Haunting of Molly Hartley,2008-10-31,2008.0,"['Drama', 'Horror']",Mickey Liddell,"['Haley Bennett', 'Jake Weber', 'Chace Crawford']",0,0,0,,4.3,48,8.309894,82.0,en
26748,Lone Star,1996-06-21,1996.0,"['Drama', 'Mystery', 'Romance']",John Sayles,"['Chris Cooper', 'Matthew McConaughey', 'Elizabeth Peña']",5000000,13269963,8269963,165.39926,6.9,77,5.960149,135.0,en
11357,Halloween 4: The Return of Michael Myers,1988-10-21,1988.0,"['Horror', 'Thriller']",Dwight H. Little,"['Donald Pleasence', 'Ellie Cornell', 'Danielle Harris']",5000000,17768757,12768757,255.37514,5.9,209,9.302349,88.0,en
24913,April Fool's Day,1986-03-27,1986.0,"['Horror', 'Mystery']",Fred Walton,"['Deborah Foreman', 'Thomas F. Wilson', 'Lloyd Berry']",5000000,0,-5000000,-100.0,5.8,73,8.190888,89.0,en
13776,Diner,1982-04-02,1982.0,"['Comedy', 'Drama']",Barry Levinson,"['Steve Guttenberg', 'Daniel Stern', 'Mickey Rourke']",0,0,0,,6.9,83,5.87193,110.0,en
14854,Lone Wolf McQuade,1983-04-14,1983.0,"['Action', 'Crime', 'Drama', 'Romance', 'Thriller', 'Western']",Steve Carver,"['Chuck Norris', 'David Carradine', 'Barbara Carrera']",5000000,12232628,7232628,144.65256,5.5,67,8.452666,107.0,en
50357,Apollo 18,2011-07-20,2011.0,"['Horror', 'Thriller', 'Science Fiction']",Gonzalo López-Gallego,"['Ryan Robbins', 'Warren Christie', 'Lloyd Owen']",5000000,25562924,20562924,411.25847999999996,5.0,356,17.028252,86.0,en
13090,Sunshine Cleaning,2008-01-18,2008.0,"['Comedy', 'Drama']",Christine Jeffs,"['Amy Adams', 'Emily Blunt', 'Alan Arkin']",5000000,16174377,11174377,223.48754,6.5,255,19.336367,102.0,en
192141,No Escape,2015-08-26,2015.0,"['Action', 'Thriller']",John Erick Dowdle,"['Owen Wilson', 'Lake Bell', 'Pierce Brosnan']",5000000,54418872,49418872,988.37744,6.7,777,38.006982,103.0,en
16441,The Beastmaster,1982-08-20,1982.0,"['Action', 'Fantasy']",Don Coscarelli,"['Marc Singer', 'Tanya Roberts', 'Rip Torn']",0,14056528,14056528,inf,6.0,97,6.377523,118.0,en
29996,Solomon and Sheba,1959-12-25,1959.0,"['Drama', 'History', 'Romance', 'War']",King Vidor,"['Yul Brynner', 'Gina Lollobrigida', 'George Sanders']",5000000,12200000,7200000,144.0,5.4,8,0.835617,139.0,en
351819,Fifty Shades of Black,2016-01-28,2016.0,"['Romance', 'Comedy']",Michael Tiddes,"['Marlon Wayans', 'Kali Hawk', 'Fred Willard']",20000000,21164799,1164799,5.823995,4.3,331,14.947588,92.0,en
14834,Not Easily Broken,2009-01-09,2009.0,"['Drama', 'Romance']",Bill Duke,"['Morris Chestnut', 'Taraji P. Henson', 'Maeve Quinlan']",0,0,0,,6.3,9,5.1299,99.0,en
22649,A Farewell to Arms,1932-12-08,1932.0,"['Drama', 'Romance', 'War']",Frank Borzage,"['Helen Hayes', 'Gary Cooper', 'Adolphe Menjou']",4,25,21,525.0,6.2,28,1.199451,89.0,en
378200,The Perfect Match,2016-03-11,2016.0,"['Comedy', 'Romance']",Bille Woodruff,"['Terrence Jenkins', 'Paula Patton', 'Kali Hawk']",0,0,0,,5.2,42,3.810827,96.0,en
20455,Digimon: The Movie,2000-03-17,2000.0,"['Fantasy', 'Animation', 'Science Fiction', 'Family']",Mamoru Hosoda,"['Lara Jill Miller', 'Joshua Seth', 'Bob Papenbrook']",5500000,0,-5500000,-100.0,6.2,72,3.7387,82.0,en
13193,Saved!,2004-01-21,2004.0,"['Comedy', 'Drama']",Brian Dannelly,"['Jena Malone', 'Mandy Moore', 'Macaulay Culkin']",0,0,0,,6.3,147,9.85123,92.0,en
11042,The Barbarian Invasions,2003-05-21,2003.0,"['Comedy', 'Crime', 'Drama']",Denys Arcand,"['Rémy Girard', 'Stéphane Rousseau', 'Marie-Josée Croze']",8000000,3432342,-4567658,-57.095724999999995,6.7,77,3.03091,99.0,fr
10786,Robin and Marian,1976-03-11,1976.0,"['Action', 'Adventure', 'Drama', 'Romance']",Richard Lester,"['Sean Connery', 'Audrey Hepburn', 'Robert Shaw']",0,0,0,,6.6,50,3.199904,106.0,en
12484,The Forsaken,2001-04-27,2001.0,"['Action', 'Adventure', 'Horror', 'Thriller']",J.S. Cardone,"['Kerr Smith', 'Brendan Fehr', 'Izabella Miko']",5000000,0,-5000000,-100.0,4.9,47,2.739307,90.0,en
17339,Force 10 from Navarone,1978-11-01,1978.0,"['Action', 'Adventure', 'War', 'Thriller']",Guy Hamilton,"['Harrison Ford', 'Robert Shaw', 'Barbara Bach']",5000000,7230000,2230000,44.6,6.4,91,5.348446,118.0,en
11959,UHF,1989-07-21,1989.0,['Comedy'],Jay Levey,"['""Weird Al"" Yankovic', 'Victoria Jackson', 'Michael Richards']",5000000,0,-5000000,-100.0,6.7,89,4.070044,97.0,en
9900,Grandma's Boy,2006-01-06,2006.0,['Comedy'],Nicholaus Goossen,"['Linda Cardellini', 'Allen Covert', 'Peter Dante']",0,6538177,6538177,inf,6.6,220,9.974681,94.0,en
14662,Slums of Beverly Hills,1998-08-14,1998.0,"['Comedy', 'Drama']",Tamara Jenkins,"['Natasha Lyonne', 'Alan Arkin', 'Marisa Tomei']",5000000,0,-5000000,-100.0,6.5,44,6.308298,91.0,en
335,Once Upon a Time in the West,1968-12-21,1968.0,['Western'],Sergio Leone,"['Henry Fonda', 'Claudia Cardinale', 'Jason Robards']",5000000,5321508,321508,6.43016,8.1,1128,49.333137,175.0,it
15745,Made,2001-07-13,2001.0,"['Action', 'Comedy', 'Thriller']",Jon Favreau,"['Vince Vaughn', 'Jon Favreau', 'Sean Combs']",5000000,5476060,476060,9.5212,6.3,55,4.149628,94.0,en
17431,Moon,2009-06-12,2009.0,"['Science Fiction', 'Drama']",Duncan Jones,"['Sam Rockwell', 'Kevin Spacey', 'Dominique McElligott']",5000000,9760104,4760104,95.20208,7.6,1794,46.114184,97.0,en
21014,Keeping Up with the Steins,2006-05-12,2006.0,['Comedy'],Scott Marshall,"['Daryl Sabara', 'Jami Gertz', 'Jeremy Piven']",0,0,0,,5.2,18,3.562563,90.0,en
78394,Sea Rex 3D: Journey to a Prehistoric World,2010-05-14,2010.0,['Documentary'],Ronan Chapalain,"['Guillaume Denaiffe', 'Norbert Ferrer', 'Chloe Hollings']",5000000,4074023,-925977,-18.51954,5.9,11,4.498368,41.0,en
10217,The Sweet Hereafter,1997-05-14,1997.0,['Drama'],Atom Egoyan,"['Ian Holm', 'Caerthan Banks', 'Sarah Polley']",5000000,3263585,-1736415,-34.728300000000004,6.8,103,7.673124,112.0,en
46332,Of Gods and Men,2010-05-18,2010.0,"['Drama', 'History']",Xavier Beauvois,"['Lambert Wilson', 'Michael Lonsdale', 'Olivier Rabourdin']",4000000,41424067,37424067,935.601675,6.5,91,4.992475,120.0,fr
13996,Bottle Shock,2008-08-06,2008.0,"['Comedy', 'Drama']",Randall Miller,"['Alan Rickman', 'Chris Pine', 'Bill Pullman']",5000000,4040588,-959412,-19.18824,6.6,60,6.174435,110.0,en
3028,Jekyll and Hyde ... Together Again,1982-11-10,1982.0,"['Comedy', 'Horror', 'Science Fiction']",Jerry Belson,"['Mark Blankfield', 'Bess Armstrong', 'Krista Errickson']",0,0,0,,4.6,5,0.805312,87.0,en
1024,Heavenly Creatures,1994-09-02,1994.0,"['Drama', 'Fantasy']",Peter Jackson,"['Melanie Lynskey', 'Kate Winslet', 'Sarah Peirse']",5000000,3049135,-1950865,-39.0173,7.0,294,8.753409,99.0,en
343795,90 Minutes in Heaven,2015-09-11,2015.0,['Drama'],Michael Polish,"['Kate Bosworth', 'Hayden Christensen', 'Hudson Meek']",5000000,4842699,-157301,-3.14602,5.4,40,3.943706,121.0,en
45658,Everything Must Go,2010-10-15,2010.0,"['Comedy', 'Drama', 'Romance']",Dan Rush,"['Rebecca Hall', 'Will Ferrell', 'Glenn Howerton']",5000000,2614773,-2385227,-47.70454,6.0,208,9.169411,97.0,en
16148,Zero Effect,1998-01-30,1998.0,"['Comedy', 'Crime', 'Mystery', 'Thriller']",Jake Kasdan,"['Bill Pullman', 'Ben Stiller', ""Ryan O'Neal""]",5000000,1980338,-3019662,-60.393240000000006,6.0,55,2.732031,116.0,en
4553,The Machinist,2004-02-09,2004.0,"['Thriller', 'Drama']",Brad Anderson,"['Christian Bale', 'Jennifer Jason Leigh', 'Aitana Sánchez-Gijón']",5000000,8203235,3203235,64.0647,7.3,1247,35.252056,101.0,en
36351,Light Sleeper,1992-08-21,1992.0,"['Drama', 'Crime']",Paul Schrader,"['Willem Dafoe', 'Susan Sarandon', 'Dana Delany']",5000000,0,-5000000,-100.0,5.7,15,6.063868,103.0,en
245916,Kill the Messenger,2014-10-09,2014.0,"['Thriller', 'Crime', 'Drama', 'Mystery']",Michael Cuesta,"['Jeremy Renner', 'Mary Elizabeth Winstead', 'Michael Sheen']",5000000,2450846,-2549154,-50.98308,6.6,355,21.343093,112.0,en
27585,Rabbit Hole,2010-12-16,2010.0,['Drama'],John Cameron Mitchell,"['Nicole Kidman', 'Aaron Eckhart', 'Dianne Wiest']",5000000,5129058,129058,2.58116,6.9,165,10.095184,91.0,en
1415,Party Monster,2003-09-05,2003.0,"['Comedy', 'Drama', 'Crime']",Fenton Bailey,"['Seth Green', 'Macaulay Culkin', 'Chloë Sevigny']",5000000,742898,-4257102,-85.14204,5.9,58,4.129165,98.0,en
313922,Green Room,2016-04-15,2016.0,"['Horror', 'Crime', 'Thriller']",Jeremy Saulnier,"['Anton Yelchin', 'Imogen Poots', 'Alia Shawkat']",5000000,3220371,-1779629,-35.59258,6.7,683,30.001024,95.0,en
14474,The Oh in Ohio,2006-03-30,2006.0,"['Comedy', 'Drama', 'Romance']",Billy Kent,"['Parker Posey', 'Danny DeVito', 'Paul Rudd']",5000000,0,-5000000,-100.0,5.8,27,6.759235,88.0,en
199933,Atlas Shrugged Part III: Who is John Galt?,2014-09-12,2014.0,"['Drama', 'Science Fiction', 'Mystery']",James Manera,"['Eric Allan Kramer', 'Rob Morrow', 'Stephen Tobolowsky']",5000000,846704,-4153296,-83.06592,3.9,15,1.731035,99.0,en
13685,Bottle Rocket,1996-02-21,1996.0,"['Comedy', 'Crime', 'Drama']",Wes Anderson,"['Luke Wilson', 'Owen Wilson', 'Lumi Cavazos']",7000000,560069,-6439931,-91.99901428571428,6.8,281,11.700578,91.0,en
8744,Albino Alligator,1996-09-09,1996.0,"['Crime', 'Drama', 'Thriller']",Kevin Spacey,"['Matt Dillon', 'Faye Dunaway', 'Gary Sinise']",6000000,0,-6000000,-100.0,5.6,45,2.388683,97.0,en
38428,"Gandhi, My Father",2007-08-03,2007.0,"['Drama', 'Foreign', 'History']",Feroz Abbas Khan,"['Darshan Jariwala', 'Akshaye Khanna', 'Bhumika Chawla']",0,0,0,,6.0,2,0.080704,136.0,hi
8847,Standard Operating Procedure,2008-02-12,2008.0,['Documentary'],Errol Morris,"['Javal Davis', 'Ken Davis', 'Tony Diaz']",0,0,0,,6.6,14,0.888986,117.0,en
39269,Out of the Blue,1980-05-01,1980.0,['Drama'],Dennis Hopper,"['Dennis Hopper', 'Raymond Burr', 'Sharon Farrell']",0,0,0,,6.5,17,0.679351,94.0,en
46838,Tucker and Dale vs Evil,2010-01-22,2010.0,"['Comedy', 'Horror']",Eli Craig,"['Alan Tudyk', 'Tyler Labine', 'Katrina Bowden']",5000000,5476793,476793,9.53586,7.3,847,19.940245,89.0,en
51384,"Lovely, Still",2008-01-01,2008.0,"['Drama', 'Romance']",Nicholas Fackler,"['Martin Landau', 'Ellen Burstyn', 'Adam Scott']",0,0,0,,6.2,13,1.286991,92.0,en
56930,Tycoon,1947-12-27,1947.0,"['Action', 'Drama', 'Romance']",Richard Wallace,"['John Wayne', 'Laraine Day', 'Cedric Hardwicke']",0,0,0,,6.6,4,0.042442,128.0,en
41730,Desert Blue,1999-06-06,1999.0,"['Comedy', 'Drama']",Morgan J. Freeman,"['Casey Affleck', 'Kate Hudson', 'Brendan Sexton III']",0,0,0,,5.5,9,1.116206,90.0,en
18442,Decoys,2004-02-27,2004.0,"['Horror', 'Science Fiction', 'Thriller']",Matthew Hastings,"['Kim Poirier', 'Stefanie von Pfetten', 'Elias Toufexis']",5000000,0,-5000000,-100.0,4.7,33,3.05434,95.0,en
298312,The Visit,2015-09-10,2015.0,"['Horror', 'Thriller']",M. Night Shyamalan,"['Olivia DeJonge', 'Ed Oxenbould', 'Kathryn Hahn']",5000000,98450062,93450062,1869.00124,6.0,1360,38.94708,94.0,en
11600,Redacted,2007-01-01,2007.0,"['Drama', 'War']",Brian De Palma,"['Izzy Diaz', 'Rob Devaney', 'Ty Jones']",5000000,782102,-4217898,-84.35795999999999,6.2,37,3.792015,90.0,en
71547,Fascination,2004-10-13,2004.0,"['Romance', 'Thriller']",Klaus Menzel,"['Jacqueline Bisset', 'Adam Garcia', 'James Naughton']",0,0,0,,3.8,4,0.219799,95.0,de
57876,Area 51,2015-05-15,2015.0,"['Horror', 'Thriller', 'Science Fiction']",Oren Peli,"['Reid Warner', 'Darrin Bragg', 'Ben Rovner']",5000000,0,-5000000,-100.0,4.2,151,7.794,91.0,en
77495,Sleep Tight,2011-10-14,2011.0,['Thriller'],Jaume Balagueró,"['Luis Tosar', 'Marta Etura ', 'Alberto San Juan']",5000000,0,-5000000,-100.0,7.0,202,9.136965,107.0,es
13849,The Cottage,2008-02-07,2008.0,"['Horror', 'Comedy', 'Crime', 'Thriller']",Paul Andrew Williams,"['Andy Serkis', 'Reece Shearsmith', 'Jennifer Ellison']",0,0,0,,6.3,80,8.39685,92.0,en
14849,Dead Like Me: Life After Death,2009-02-17,2009.0,"['Drama', 'Fantasy', 'Comedy']",Stephen Herek,"['Ellen Muth', 'Jasmine Guy', 'Callum Blue']",0,0,0,,5.8,65,7.864905,87.0,en
12486,Farce of the Penguins,2006-12-01,2006.0,"['Comedy', 'Documentary']",Bob Saget,"['Samuel L. Jackson', 'Jim Belushi', 'Whoopi Goldberg']",0,0,0,,3.2,13,1.963219,80.0,en
19615,Flying By,2009-01-01,2009.0,['Drama'],,"['Billy Ray Cyrus', 'Heather Locklear', 'Ahnaise Christmas']",0,0,0,,7.0,2,1.546169,95.0,en
244403,Rudderless,2014-10-17,2014.0,"['Music', 'Drama', 'Comedy']",William H. Macy,"['Billy Crudup', 'Anton Yelchin', 'Felicity Huffman']",5000000,0,-5000000,-100.0,7.4,105,10.619574,105.0,en
292481,Henry & Me,2014-08-18,2014.0,"['Family', 'Animation']",Barrett Esposito,"['Richard Gere', 'Luis Guzmán', 'Chazz Palminteri']",5000000,0,-5000000,-100.0,3.0,3,0.999655,67.0,en
340816,Christmas Eve,2015-12-04,2015.0,"['Romance', 'Comedy']",Mitch Davis,"['Patrick Stewart', 'Cheryl Hines', 'Gary Cole']",0,0,0,,6.1,24,1.985243,95.0,en
78814,We Have Your Husband,2011-11-12,2011.0,"['TV Movie', 'Crime', 'Drama', 'Thriller']",Eric Bross,"['Teri Polo', 'Esai Morales', 'Nicholas Gonzalez']",0,0,0,,5.0,3,0.102003,89.0,en
297596,Dying of the Light,2014-12-04,2014.0,"['Thriller', 'Drama']",Paul Schrader,"['Nicolas Cage', 'Anton Yelchin', 'Alexander Karim']",15000000,0,-15000000,-100.0,4.5,118,10.48009,94.0,en
299552,Born Of War,2013-12-05,2013.0,"['Action', 'Thriller', 'War']",Vicky Jewson,"['James Frain', ""Sofia Black-D'Elia"", 'Lydia Leonard']",0,0,0,,4.1,7,1.136568,109.0,en
11935,Capricorn One,1977-12-10,1977.0,"['Drama', 'Action', 'Thriller', 'Science Fiction']",Peter Hyams,"['Elliott Gould', 'James Brolin', 'Brenda Vaccaro']",5000000,0,-5000000,-100.0,6.4,131,11.095219,123.0,en
113406,Should've Been Romeo,2012-04-28,2012.0,"['Comedy', 'Drama']",Marcia Bennett,"['Paul Ben-Victor', 'Ed Asner', 'Jordenn Thompson']",0,0,0,,0.0,0,0.40703,0.0,en
447027,Running Forever,2015-10-27,2015.0,['Family'],,[],0,0,0,,0.0,0,0.028756,88.0,en
290825,Yoga Hosers,2016-07-08,2016.0,"['Comedy', 'Fantasy', 'Horror', 'Thriller']",Kevin Smith,"['Lily-Rose Depp', 'Harley Quinn Smith', 'Justin Long']",5000000,0,-5000000,-100.0,4.7,102,8.618793,88.0,en
361159,Navy Seals vs. Zombies,2015-10-08,2015.0,"['Horror', 'Action']",Stanton Barrett,"['Ed Quinn', 'Michael Dudikoff', 'Rick Fox']",0,0,0,,3.5,36,2.394613,97.0,en
12555,I Served the King of England,2006-12-19,2006.0,"['Comedy', 'Drama']",Jiří Menzel,"['Ivan Barnev', 'Oldřich Kaiser', 'Julia Jentsch']",0,0,0,,7.0,22,2.387463,120.0,cs
31175,Soul Kitchen,2009-09-09,2009.0,"['Drama', 'Comedy']",Fatih Akin,"['Adam Bousdoukos', 'Birol Ünel', 'Moritz Bleibtreu']",5000000,17872796,12872796,257.45592,7.1,116,5.461487,99.0,de
12498,Sling Blade,1996-08-30,1996.0,['Drama'],Billy Bob Thornton,"['Billy Bob Thornton', 'Dwight Yoakam', 'J. T. Walsh']",1000000,24475416,23475416,2347.5416,7.4,231,14.805264,135.0,en
77949,The Awakening,2011-08-17,2011.0,"['Horror', 'Thriller']",Nick Murphy ,"['Rebecca Hall', 'Dominic West', 'Imelda Staunton']",4798235,209696,-4588539,-95.62972634729229,6.3,458,25.30216,107.0,en
1690,Hostel,2005-01-06,2005.0,['Horror'],Eli Roth,"['Jay Hernandez', 'Derek Richardson', 'Eythor Gudjonsson']",4800000,80578934,75778934,1578.7277916666667,5.7,887,38.83192,94.0,en
8435,A Cock and Bull Story,2005-07-17,2005.0,"['Comedy', 'Drama']",Michael Winterbottom,"['Steve Coogan', 'Rob Brydon', 'Keeley Hawes']",0,0,0,,6.2,43,3.500741,94.0,en
64720,Take Shelter,2011-11-25,2011.0,"['Thriller', 'Drama']",Jeff Nichols,"['Michael Shannon', 'Jessica Chastain', 'Katy Mixon']",5000000,3099314,-1900686,-38.01372,7.1,471,19.807295,120.0,en
49365,Lady in White,1988-04-22,1988.0,"['Horror', 'Thriller']",Frank LaLoggia,"['Lukas Haas', 'Len Cariou', 'Alex Rocco']",0,0,0,,6.3,25,1.435742,112.0,en
11404,Driving Lessons,2006-04-30,2006.0,"['Drama', 'Comedy']",Jeremy Brock,"['Laura Linney', 'Rupert Grint', 'Julie Walters']",0,0,0,,6.3,47,7.667888,98.0,en
300706,Let's Kill Ward's Wife,2014-12-23,2014.0,['Comedy'],Scott Foley,"['Patrick Wilson', 'Scott Foley', 'Amy Acker']",5000000,0,-5000000,-100.0,5.5,76,8.496364,81.0,en
16337,The Texas Chainsaw Massacre 2,1986-08-22,1986.0,['Horror'],Tobe Hooper,"['Dennis Hopper', 'Caroline Williams', 'Jim Siedow']",4700000,8025872,3325872,70.7632340425532,5.9,139,9.617777,101.0,en
11577,Pat Garrett & Billy the Kid,1973-05-23,1973.0,['Western'],Sam Peckinpah,"['James Coburn', 'Kris Kristofferson', 'Richard Jaeckel']",4638783,11000000,6361217,137.13116134123973,7.2,65,4.495256,106.0,en
77987,Only God Forgives,2013-05-30,2013.0,"['Drama', 'Thriller', 'Crime']",Nicolas Winding Refn,"['Ryan Gosling', 'Kristin Scott Thomas', 'Gordon Brown']",4800000,10337387,5537387,115.36222916666668,5.6,862,35.754865,90.0,en
40185,Camping Sauvage,2005-10-13,2005.0,"['Drama', 'Romance']",Christophe Ali,"['Denis Lavant', 'Isild Le Besco', 'Pascal Bongard']",0,0,0,,4.8,4,0.20323,80.0,fr
68202,Without Men,2011-06-29,2011.0,"['Comedy', 'Romance']",Gabriela Tagliavini,"['Eva Longoria', 'Christian Slater', 'Oscar Nunez']",4,0,-4,-100.0,4.6,8,0.28076,83.0,en
8981,Dear Frankie,2004-05-18,2004.0,"['Drama', 'Family']",Shona Auerbach,"['Gerard Butler', 'Emily Mortimer', 'Jack McElhone']",0,0,0,,7.0,46,3.11319,105.0,en
10914,All Hat,2007-09-11,2007.0,"['Action', 'Comedy', 'Drama', 'Western']",Leonard Farlinger,"['Rachael Leigh Cook', 'Luke Kirby', 'Keith Carradine']",0,0,0,,1.0,1,0.137535,89.0,en
50848,The Names of Love,2010-11-24,2010.0,"['Drama', 'Comedy', 'Romance']",Michel Leclerc,"['Jacques Gamblin', 'Sara Forestier', 'Zinedine Soualem']",4600000,0,-4600000,-100.0,7.3,93,6.368933,100.0,fr
166624,Treading Water,2013-09-13,2013.0,"['Drama', 'Comedy']",Analeine Cal y Mayor,"['Douglas Smith', 'Zoë Kravitz', 'Ariadna Gil']",4700000,0,-4700000,-100.0,5.6,6,0.217538,92.0,en
10822,Savage Grace,2007-05-18,2007.0,['Drama'],Tom Kalin,"['Julianne Moore', 'Stephen Dillane', 'Eddie Redmayne']",4600000,0,-4600000,-100.0,5.7,60,3.531877,97.0,en
10844,Out of the Blue,2006-10-12,2006.0,['Drama'],Robert Sarkies,"['Karl Urban', 'Tandi Wright', 'Simon Ferry']",0,0,0,,5.9,18,0.706355,103.0,en
9336,Police Academy,1984-03-22,1984.0,"['Comedy', 'Crime']",Hugh Wilson,"['Steve Guttenberg', 'Kim Cattrall', 'G. W. Bailey']",4500000,146198896,141698896,3148.8643555555554,6.5,602,15.002502,96.0,en
5689,The Blue Lagoon,1980-07-05,1980.0,"['Romance', 'Adventure', 'Drama']",Randal Kleiser,"['Brooke Shields', 'Christopher Atkins', 'Leo McKern']",4500000,58853106,54353106,1207.8468,5.8,408,22.585384,104.0,en
712,Four Weddings and a Funeral,1994-03-09,1994.0,"['Comedy', 'Drama', 'Romance']",Mike Newell,"['Hugh Grant', 'Andie MacDowell', 'James Fleet']",6000000,254700832,248700832,4145.013866666667,6.6,632,29.834065,117.0,en
13342,Fast Times at Ridgemont High,1982-08-13,1982.0,['Comedy'],Amy Heckerling,"['Sean Penn', 'Jennifer Jason Leigh', 'Judge Reinhold']",4500000,27092880,22592880,502.064,7.0,322,20.403344,90.0,en
10339,Moby Dick,1956-06-27,1956.0,"['Adventure', 'Drama']",John Huston,"['Gregory Peck', 'Richard Basehart', 'Leo Genn']",4500000,10400000,5900000,131.11111111111111,6.9,89,5.224593,116.0,en
1429,25th Hour,2002-12-16,2002.0,"['Crime', 'Drama']",Spike Lee,"['Edward Norton', 'Philip Seymour Hoffman', 'Barry Pepper']",15000000,13060843,-1939157,-12.927713333333331,7.2,629,30.196039,135.0,en
9303,Bound,1996-09-13,1996.0,"['Crime', 'Drama', 'Romance', 'Thriller']",Lilly Wachowski,"['Jennifer Tilly', 'Gina Gershon', 'Joe Pantoliano']",4500000,7011317,2511317,55.80704444444444,6.9,198,15.359952,108.0,en
641,Requiem for a Dream,2000-10-27,2000.0,"['Crime', 'Drama']",Darren Aronofsky,"['Ellen Burstyn', 'Jared Leto', 'Jennifer Connelly']",4500000,7390108,2890108,64.22462222222222,7.9,2443,11.573034,102.0,en
27686,State Fair,1945-08-29,1945.0,"['Music', 'Romance']",Walter Lang,"['Jeanne Crain', 'Dana Andrews', 'Dick Haymes']",0,0,0,,6.2,19,1.847822,96.0,en
65749,Tango,1998-02-12,1998.0,"['Drama', 'Foreign', 'Romance']",Carlos Saura,"['Miguel Ángel Solá', 'Cecilia Narova', 'Mía Maestro']",0,0,0,,6.8,6,0.425551,115.0,es
6106,Salvador,1986-04-23,1986.0,['Drama'],Oliver Stone,"['James Woods', 'Jim Belushi', 'Michael Murphy']",4500000,0,-4500000,-100.0,7.0,71,3.819796,123.0,en
252680,Moms' Night Out,2014-03-25,2014.0,['Comedy'],Jon Erwin,"['Sarah Drew', 'Sean Astin', 'Patricia Heaton']",5000000,10429707,5429707,108.59414000000001,5.5,121,10.274542,98.0,en
141,Donnie Darko,2001-01-18,2001.0,"['Fantasy', 'Drama', 'Mystery']",Richard Kelly,"['Jake Gyllenhaal', 'Jena Malone', 'Patrick Swayze']",6000000,1270522,-4729478,-78.82463333333334,7.7,3452,61.210016,113.0,en
66607,Saving Private Perez,2011-03-18,2011.0,"['Action', 'Comedy', 'Foreign']",Beto Gómez,"['Joaquín Cosio', 'Gerardo Taracena', 'Jaime Camil']",0,0,0,,6.1,18,0.177356,105.0,en
17139,Character,1997-04-17,1997.0,"['Drama', 'Foreign', 'History']",Mike van Diem,"['Jan Decleir', 'Fedja van Huêt', 'Betty Schuurman']",4500000,0,-4500000,-100.0,7.7,25,0.011697,122.0,nl
12079,Spun,2002-06-01,2002.0,"['Comedy', 'Crime', 'Drama']",Jonas Åkerlund,"['Jason Schwartzman', 'Mickey Rourke', 'Brittany Murphy']",2000000,0,-2000000,-100.0,6.6,132,6.249262,101.0,en
39800,Life During Wartime,2009-10-10,2009.0,"['Comedy', 'Drama']",Todd Solondz,"['Ally Sheedy', 'Paul Reubens', 'Shirley Henderson']",4500000,744816,-3755184,-83.44853333333333,6.3,30,3.108881,97.0,en
4550,Sympathy for Lady Vengeance,2005-07-29,2005.0,"['Drama', 'Thriller']",Park Chan-wook,"['Choi Min-sik', 'Lee Young-ae', 'Kwon Yea-young']",0,23803308,23803308,inf,7.4,356,17.074843,115.0,ko
62116,Mozart's Sister,2010-06-09,2010.0,['Drama'],René Féret,"['Marie Féret', 'Marc Barbé', 'Delphine Chuillot']",0,0,0,,6.2,13,0.774442,120.0,fr
9991,Mean Machine,2001-12-26,2001.0,"['Comedy', 'Drama']",Barry Skolnick,"['Vinnie Jones', 'David Kelly', 'David Hemmings']",0,0,0,,6.0,157,8.816995,99.0,en
13807,Exiled,2006-09-06,2006.0,"['Action', 'Crime', 'Thriller']",Johnnie To,"['Anthony Wong', 'Francis Ng', 'Simon Yam']",4500000,0,-4500000,-100.0,7.0,46,8.48639,110.0,cn
68818,Blackthorn,2011-08-31,2011.0,"['Adventure', 'Action', 'Western']",Mateo Gil,"['Sam Shepard', 'Magaly Solier', 'Eduardo Noriega']",0,623528,623528,inf,6.6,73,5.223096,98.0,en
12093,Lilya 4-ever,2002-08-23,2002.0,"['Crime', 'Drama']",Lukas Moodysson,"['Oksana Akinshina', 'Artyom Bogucharsky', 'Lyubov Agapova']",0,0,0,,7.7,139,7.759215,109.0,sv
36419,After.Life,2010-04-09,2010.0,"['Drama', 'Horror', 'Mystery', 'Thriller']",Agnieszka Wojtowicz-Vosloo,"['Liam Neeson', 'Justin Long', 'Christina Ricci']",4500000,3606395,-893605,-19.85788888888889,5.4,251,14.570359,104.0,en
281730,Fugly,2014-06-13,2014.0,"['Comedy', 'Drama', 'Thriller']",Kabir Sadanand,"['Jimmy Shergill', 'Mohit Marwah', 'Kiara Advani']",0,0,0,,5.3,2,0.371337,134.0,en
510,One Flew Over the Cuckoo's Nest,1975-11-18,1975.0,['Drama'],Miloš Forman,"['Jack Nicholson', 'Louise Fletcher', 'Danny DeVito']",3000000,108981275,105981275,3532.709166666667,8.2,2919,127.525581,133.0,en
362105,R.L. Stine's Monsterville: The Cabinet of Souls,2015-09-29,2015.0,"['Comedy', 'Horror']",Peter DeLuise,"['Dove Cameron', 'Katherine McNamara', 'Ryan McCartan']",4400000,0,-4400000,-100.0,6.9,35,3.898737,85.0,en
10970,Silent Movie,1976-06-17,1976.0,['Comedy'],Mel Brooks,"['Mel Brooks', 'Marty Feldman', 'Dom DeLuise']",0,0,0,,6.7,78,7.315935,86.0,en
375290,Airlift,2016-01-22,2016.0,"['Thriller', 'Action', 'Drama', 'History']",Raja Menon,"['Akshay Kumar', 'Nimrat Kaur', 'Feryna Wazheir']",4500000,32000000,27500000,611.1111111111111,7.3,57,2.551559,126.0,hi
17663,Anne of Green Gables,1985-12-01,1985.0,"['Drama', 'Family']",Kevin Sullivan,"['Megan Follows', 'Colleen Dewhurst', 'Richard Farnsworth']",0,0,0,,8.2,68,8.772574,199.0,en
270938,Falcon Rising,2014-09-05,2014.0,"['Adventure', 'Action']",Ernie Barbarash,"['Michael Jai White', 'Neal McDonough', 'Lateef Crowder']",0,0,0,,5.5,71,6.988357,103.0,en
116613,The Sweeney,2012-09-11,2012.0,"['Action', 'Drama', 'Crime']",Nick Love,"['Ray Winstone', 'Ben Drew', 'Hayley Atwell']",3730500,6294161,2563661,68.72164589197158,5.7,109,6.938854,112.0,en
11826,Sexy Beast,2000-09-13,2000.0,"['Crime', 'Drama', 'Thriller']",Jonathan Glazer,"['Ray Winstone', 'Ben Kingsley', 'Ian McShane']",5000000,0,-5000000,-100.0,7.0,217,11.21273,89.0,en
29920,Easy Money,2010-01-15,2010.0,"['Drama', 'Thriller', 'Crime']",Daniel Espinosa,"['Joel Kinnaman', 'Matias Varela', 'Dragomir Mrsic']",0,0,0,,6.5,63,7.217328,124.0,sv
1088,Whale Rider,2003-01-30,2003.0,"['Drama', 'Family']",Niki Caro,"['Keisha Castle-Hughes', 'Rawiri Paratene', 'Vicky Haughton']",8000000,41400000,33400000,417.5,7.1,111,12.439495,101.0,en
26379,Paa,2009-12-04,2009.0,"['Drama', 'Family', 'Foreign']",,"['Amitabh Bachchan', 'Abhishek Bachchan', 'Vidya Balan']",3250000,0,-3250000,-100.0,6.6,19,2.126139,133.0,en
34069,Cargo,2009-09-24,2009.0,"['Thriller', 'Mystery', 'Science Fiction']",Ivan Engler,"['Martin Rapold', 'Anna-Katharina Schwabroh', 'Regula Grauwiller']",0,0,0,,5.9,140,10.142218,120.0,de
10947,High School Musical,2006-01-20,2006.0,"['Comedy', 'Drama', 'Family', 'Music', 'TV Movie']",Kenny Ortega,"['Zac Efron', 'Vanessa Hudgens', 'Ashley Tisdale']",4200000,0,-4200000,-100.0,6.1,1000,16.536374,98.0,en
47452,Love and Death on Long Island,1997-01-01,1997.0,"['Drama', 'Romance', 'Foreign']",Richard Kwietniowski,"['John Hurt', 'Jason Priestley', 'Sheila Hancock']",0,0,0,,6.9,11,0.933891,93.0,en
3040,Night Watch,2004-06-27,2004.0,"['Fantasy', 'Action', 'Thriller']",Timur Bekmambetov,"['Konstantin Khabenskiy', 'Vladimir Menshov', 'Galina Tyunina']",4200000,32000000,27800000,661.9047619047618,6.3,210,12.540624,114.0,ru
11386,The Crying Game,1992-09-02,1992.0,"['Romance', 'Crime', 'Drama', 'Thriller']",Neil Jordan,"['Stephen Rea', 'Jaye Davidson', 'Miranda Richardson']",3705538,62548947,58843409,1587.9855772630049,6.9,176,8.839651,112.0,en
10246,Porky's,1981-11-13,1981.0,['Comedy'],Bob Clark,"['Dan Monahan', 'Mark Herrier', 'Wyatt Knight']",4000000,125728258,121728258,3043.20645,6.1,183,12.891276,94.0,en
29426,Survival of the Dead,2010-05-06,2010.0,"['Horror', 'Science Fiction']",George A. Romero,"['Alan van Sprang', 'Kenneth Welsh', 'Kathleen Munroe']",4000000,0,-4000000,-100.0,4.6,116,10.789912,90.0,en
10331,Night of the Living Dead,1968-10-01,1968.0,['Horror'],George A. Romero,"['Duane Jones', ""Judith O'Dea"", 'Karl Hardman']",114000,30000000,29886000,26215.789473684206,7.5,580,25.666029,96.0,en
153,Lost in Translation,2003-08-31,2003.0,['Drama'],Sofia Coppola,"['Bill Murray', 'Scarlett Johansson', 'Anna Faris']",4000000,119723856,115723856,2893.0964,7.3,1895,45.66662,102.0,en
703,Annie Hall,1977-04-19,1977.0,"['Comedy', 'Drama', 'Romance']",Woody Allen,"['Woody Allen', 'Diane Keaton', 'Tony Roberts']",4000000,38251425,34251425,856.285625,7.8,1010,35.892034,93.0,en
27191,The Greatest Show on Earth,1952-01-10,1952.0,"['Action', 'Drama', 'Romance']",Cecil B. DeMille,"['Betty Hutton', 'Cornel Wilde', 'Charlton Heston']",4000000,36000000,32000000,800.0,6.6,50,8.988455,152.0,en
1365,Monster's Ball,2001-11-11,2001.0,"['Drama', 'Romance']",Marc Forster,"['Halle Berry', 'Billy Bob Thornton', 'Heath Ledger']",4000000,44909486,40909486,1022.73715,6.5,250,14.042041,111.0,en
287424,Maggie,2015-05-08,2015.0,['Horror'],Henry Hobson,"['Arnold Schwarzenegger', 'Abigail Breslin', 'Joely Richardson']",4000000,187112,-3812888,-95.3222,5.2,593,40.016306,95.0,en
451,Leaving Las Vegas,1995-10-27,1995.0,"['Drama', 'Romance']",Mike Figgis,"['Nicolas Cage', 'Elisabeth Shue', 'Julian Sands']",3600000,49800000,46200000,1283.3333333333335,7.1,360,22.030517,112.0,en
165864,Hansel and Gretel Get Baked,2013-02-19,2013.0,"['Horror', 'Comedy']",Duane Journey,"['Molly C. Quinn', 'Michael Welch', 'Lara Flynn Boyle']",4500000,0,-4500000,-100.0,4.8,67,2.503612,86.0,en
987,The Front Page,1974-12-01,1974.0,"['Romance', 'Drama', 'Comedy']",Billy Wilder,"['Jack Lemmon', 'Walter Matthau', 'Susan Sarandon']",4000000,0,-4000000,-100.0,6.9,68,4.117968,105.0,en
241251,The Boy Next Door,2015-01-23,2015.0,['Thriller'],Rob Cohen,"['Jennifer Lopez', 'Ryan Guzman', 'Ian Nelson']",4000000,52425855,48425855,1210.646375,4.1,1022,24.161735,91.0,en
40494,Trapeze,1956-05-30,1956.0,['Drama'],Carol Reed,"['Burt Lancaster', 'Tony Curtis', 'Gina Lollobrigida']",4000000,14400000,10400000,260.0,6.4,22,1.379354,105.0,en
39781,The Kids Are All Right,2010-07-09,2010.0,"['Comedy', 'Drama']",Lisa Cholodenko,"['Julianne Moore', 'Annette Bening', 'Mark Ruffalo']",3500000,34705850,31205850,891.5957142857144,6.5,506,15.338211,106.0,en
8337,They Live,1988-11-23,1988.0,"['Action', 'Horror', 'Science Fiction', 'Thriller']",John Carpenter,"['Roddy Piper', 'Keith David', 'Meg Foster']",4000000,13008928,9008928,225.2232,7.1,550,29.852608,94.0,en
5925,The Great Escape,1963-06-20,1963.0,"['Adventure', 'Drama', 'History', 'Thriller', 'War']",John Sturges,"['Steve McQueen', 'James Garner', 'Richard Attenborough']",4000000,11744471,7744471,193.611775,7.8,717,35.061467,172.0,en
8357,What the #$*! Do We (K)now!?,2004-04-23,2004.0,['Documentary'],William Arntz,"['Marlee Matlin', 'Elaine Hendrix', 'Robert Blanche']",0,10000000,10000000,inf,5.8,34,7.288352,109.0,en
146203,The Last Exorcism Part II,2013-02-28,2013.0,"['Horror', 'Thriller']",Ed Gass-Donnelly,"['Ashley Bell', 'Julia Garner', 'Andrew Sensenig']",5000000,15179302,10179302,203.58603999999997,4.4,203,10.605752,88.0,en
85350,Boyhood,2014-06-05,2014.0,['Drama'],Richard Linklater,"['Ellar Coltrane', 'Patricia Arquette', 'Ethan Hawke']",4000000,44349000,40349000,1008.7249999999999,7.5,1971,43.40352,164.0,en
512,Scoop,2006-07-27,2006.0,"['Comedy', 'Mystery']",Woody Allen,"['Scarlett Johansson', 'Hugh Jackman', 'Woody Allen']",4000000,31584901,27584901,689.622525,6.4,420,17.229537,96.0,en
13408,The Wash,2001-11-16,2001.0,"['Action', 'Comedy']",DJ Pooh,"['Dr. Dre', 'Snoop Dogg', 'DJ Pooh']",7000000,10229331,3229331,46.1333,5.3,26,2.453459,93.0,en
47816,3 Strikes,2000-03-01,2000.0,"['Action', 'Comedy', 'Romance']",DJ Pooh,"['Brian Hooks', ""N'Bushe Wright"", 'Faizon Love']",6000000,9000000,3000000,50.0,5.9,15,1.433692,82.0,en
10744,The Cooler,2003-01-17,2003.0,"['Drama', 'Romance']",Wayne Kramer,"['William H. Macy', 'Alec Baldwin', 'Maria Bello']",32000000,0,-32000000,-100.0,6.7,89,9.976428,101.0,en
11536,The Misfits,1961-01-01,1961.0,"['Drama', 'Action', 'Romance']",John Huston,"['Clark Gable', 'Marilyn Monroe', 'Montgomery Clift']",4000000,8200000,4200000,105.0,6.8,72,2.930058,124.0,en
9782,The Night Listener,2006-02-12,2006.0,"['Drama', 'Thriller']",Patrick Stettner,"['Toni Collette', 'Robin Williams', 'Joe Morton']",0,0,0,,5.5,57,7.173059,91.0,en
18713,The Jerky Boys,1995-02-03,1995.0,"['Comedy', 'Crime']",James Melkonian,"['John G. Brennan', 'Kamal Ahmed', 'Alan Arkin']",0,0,0,,4.8,10,1.735462,82.0,en
6537,The Orphanage,2007-08-27,2007.0,"['Horror', 'Drama', 'Thriller']",Juan Antonio Bayona,"['Belén Rueda', 'Fernando Cayo', 'Roger Príncep']",0,44000000,44000000,inf,7.1,633,29.071955,105.0,es
184345,A Haunted House 2,2014-04-17,2014.0,"['Comedy', 'Horror']",Michael Tiddes,"['Marlon Wayans', 'Jaime Pressly', 'Essence Atkins']",0,0,0,,5.4,346,18.428909,87.0,en
1809,The Rules of Attraction,2002-10-11,2002.0,"['Comedy', 'Drama', 'Romance']",Roger Avary,"['James Van Der Beek', 'Shannyn Sossamon', 'Ian Somerhalder']",4000000,0,-4000000,-100.0,6.3,168,11.387335,110.0,en
2370,Topaz,1969-12-18,1969.0,"['Action', 'Drama', 'Mystery', 'Thriller']",Alfred Hitchcock,"['Frederick Stafford', 'Dany Robin', 'Claude Jade']",4000000,6000000,2000000,50.0,6.1,77,5.975604,143.0,en
9809,Let's Go to Prison,2006-11-17,2006.0,"['Comedy', 'Crime']",Bob Odenkirk,"['Dax Shepard', 'Will Arnett', 'Chi McBride']",4000000,4630045,630045,15.751124999999998,5.5,69,4.59841,84.0,en
5,Four Rooms,1995-12-09,1995.0,"['Crime', 'Comedy']",Allison Anders,"['Tim Roth', 'Antonio Banderas', 'Jennifer Beals']",4000000,4300000,300000,7.5,6.5,530,22.87623,98.0,en
11013,Secretary,2002-01-11,2002.0,"['Comedy', 'Drama', 'Romance']",Steven Shainberg,"['James Spader', 'Maggie Gyllenhaal', 'Jeremy Davies']",4000000,9304609,5304609,132.615225,6.7,376,19.107285,104.0,en
19153,The Real Cancun,2003-04-23,2003.0,['Documentary'],Rick de Oliveira,['Laura Ramsey'],0,0,0,,3.3,8,0.456485,96.0,en
10132,Talk Radio,1988-12-21,1988.0,['Drama'],Oliver Stone,"['Eric Bogosian', 'Ellen Greene', 'Leslie Hope']",4000000,3468572,-531428,-13.2857,6.7,46,4.541908,110.0,en
16448,Waiting for Guffman,1996-01-31,1996.0,"['Music', 'Comedy']",Christopher Guest,"['Christopher Guest', 'Eugene Levy', 'Fred Willard']",0,0,0,,7.3,63,4.348416,84.0,en
15122,Love Stinks,1999-09-10,1999.0,"['Comedy', 'Romance']",Jeff Franklin,"['French Stewart', 'Bridgette Wilson', 'Bill Bellamy']",0,0,0,,5.4,11,3.347885,94.0,en
8141,You Kill Me,2007-02-09,2007.0,"['Comedy', 'Crime', 'Thriller', 'Romance']",John Dahl,"['Ben Kingsley', 'Téa Leoni', 'Luke Wilson']",4000000,2426851,-1573149,-39.328725,6.2,80,6.091951,90.0,en
1546,Thumbsucker,2005-01-23,2005.0,"['Comedy', 'Drama']",Mike Mills,"['Lou Taylor Pucci', 'Tilda Swinton', ""Vincent D'Onofrio""]",0,1919197,1919197,inf,6.1,67,4.757625,96.0,en
48572,Red State,2011-08-19,2011.0,"['Horror', 'Action', 'Thriller']",Kevin Smith,"['Michael Parks', 'John Goodman', 'Melissa Leo']",4000000,1104682,-2895318,-72.38295000000001,5.9,316,12.062371,88.0,en
14517,Mirrormask,2005-01-25,2005.0,['Fantasy'],Dave McKean,"['Stephanie Leonidas', 'Jason Barry', 'Rob Brydon']",4000000,866999,-3133001,-78.32502500000001,6.6,102,7.758188,101.0,en
89708,Samsara,2011-09-16,2011.0,"['Drama', 'Documentary']",Ron Fricke,"['Marcos Luna', 'Putu Dinda Pratika', 'Puti Sri Candra Dewi']",4000000,0,-4000000,-100.0,8.0,167,12.781973,102.0,en
27551,The Barbarians,1987-03-01,1987.0,"['Fantasy', 'Adventure']",Ruggero Deodato,"['Peter Paul', 'David Paul', 'Richard Lynch']",0,0,0,,5.1,8,1.631993,87.0,en
64678,The Art of Getting By,2011-06-17,2011.0,"['Drama', 'Romance']",Gavin Wiesen,"['Freddie Highmore', 'Emma Roberts', 'Michael Angarano']",0,1406224,1406224,inf,6.5,415,12.690224,83.0,en
309503,Zipper,2015-08-28,2015.0,"['Thriller', 'Drama']",Mora Stephens,"['Patrick Wilson', 'Lena Headey', 'Richard Dreyfuss']",0,0,0,,5.5,58,8.516229,103.0,en
14293,Poolhall Junkies,2002-06-07,2002.0,"['Comedy', 'Drama', 'Thriller']",Mars Callahan,"['Ricky Schroder', 'Chazz Palminteri', 'Rod Steiger']",0,0,0,,6.5,25,5.90259,99.0,en
15059,The Loss of Sexual Innocence,1999-04-29,1999.0,['Drama'],Mike Figgis,"['Julian Sands', 'Saffron Burrows', 'Justin Chadwick']",4000000,0,-4000000,-100.0,5.2,9,2.866934,106.0,en
103328,Holy Motors,2012-07-02,2012.0,"['Drama', 'Fantasy']",Leos Carax,"['Eva Mendes', 'Kylie Minogue', 'Michel Piccoli']",0,641100,641100,inf,6.9,228,9.140936,115.0,en
157847,Joe,2014-04-11,2014.0,['Drama'],David Gordon Green,"['Nicolas Cage', 'Tye Sheridan', 'Ronnie Gene Blevins']",4000000,2365467,-1634533,-40.863325,6.5,338,22.987897,118.0,en
25719,Shooting Fish,1997-08-22,1997.0,"['Crime', 'Comedy', 'Romance']",Stefan Schwartz,"['Dan Futterman', 'Stuart Townsend', 'Kate Beckinsale']",3000000,302204,-2697796,-89.92653333333334,7.0,23,1.204941,109.0,en
48309,Prison,1988-03-04,1988.0,"['Crime', 'Drama', 'Horror', 'Thriller']",Renny Harlin,"['Viggo Mortensen', 'Chelsea Field', 'Lane Smith']",1300000,354704,-945296,-72.71507692307692,6.7,27,7.605291,102.0,en
27723,Psycho Beach Party,2000-08-06,2000.0,['Comedy'],Robert Lee King,"['Lauren Ambrose', 'Nicholas Brendon', 'Amy Adams']",1500000,0,-1500000,-100.0,6.0,26,2.855963,95.0,en
20468,The Big Tease,1999-01-01,1999.0,"['Comedy', 'Foreign']",Kevin Allen,"['Craig Ferguson', 'David Rasche', 'Mary McCormack']",0,0,0,,5.8,6,0.502396,87.0,en
242575,"Guten Tag, Ramón",2013-10-18,2013.0,['Drama'],Jorge Ramírez Suárez,"['Adriana Barraza', 'Rüdiger Evers', 'Hector Kotsifakis']",4000000,0,-4000000,-100.0,8.1,18,1.771584,119.0,en
44945,Trust,2010-09-10,2010.0,"['Crime', 'Drama', 'Thriller']",David Schwimmer,"['Clive Owen', 'Catherine Keener', 'Liana Liberato']",9500000,120000,-9380000,-98.73684210526315,6.6,307,21.230737,104.0,en
29122,An Everlasting Piece,2000-12-22,2000.0,"['Comedy', 'Crime']",Barry Levinson,"['Barry McEvoy', ""Brían F. O'Byrne"", 'Anna Friel']",0,0,0,,6.0,1,0.068246,103.0,en
125123,Among Giants,1998-06-24,1998.0,"['Comedy', 'Romance']",Sam Miller,"['Pete Postlethwaite', 'Rachel Griffiths', 'Andy Serkis']",0,0,0,,4.5,2,0.541652,93.0,en
111190,Adore,2013-04-03,2013.0,['Drama'],Anne Fontaine,"['Naomi Watts', 'Robin Wright', 'Xavier Samuel']",16000000,318982,-15681018,-98.0063625,6.1,291,18.790221,100.0,en
133575,The Velocity of Gary,1999-07-16,1999.0,"['Drama', 'Romance']",Dan Ireland,"[""Vincent D'Onofrio"", 'Salma Hayek', 'Thomas Jane']",4000000,0,-4000000,-100.0,4.2,5,0.409089,100.0,en
54580,Mondays in the Sun,2002-09-27,2002.0,['Drama'],Fernando León de Aranoa,"['Javier Bardem', 'Luis Tosar', 'Nieve de Medina']",4000000,146402,-3853598,-96.33995,7.1,36,3.663108,113.0,es
52015,Stake Land,2010-09-30,2010.0,"['Drama', 'Horror', 'Action', 'Thriller', 'Science Fiction']",Jim Mickle,"['Danielle Harris', 'Kelly McGillis', 'Nick Damici']",650000,33245,-616755,-94.88538461538461,6.2,285,12.496261,98.0,en
34941,The Last Time I Committed Suicide,1997-06-20,1997.0,['Drama'],Stephen T. Kay,"['Thomas Jane', 'Keanu Reeves', 'Claire Forlani']",0,0,0,,6.7,7,0.596889,92.0,en
227975,Futuro Beach,2014-05-01,2014.0,['Drama'],Karim Aïnouz,"['Wagner Moura', 'Clemens Schick', 'Jesuíta Barbosa']",0,0,0,,6.4,31,2.611364,106.0,pt
60422,Another Happy Day,2011-11-18,2011.0,"['Comedy', 'Drama']",Sam Levinson,"['Ellen Barkin', 'Ezra Miller', 'Kate Bosworth']",4000000,355688,-3644312,-91.10780000000001,6.2,37,3.238466,119.0,en
81390,A Lonely Place to Die,2011-04-09,2011.0,"['Adventure', 'Action', 'Thriller', 'Crime']",Julian Gilbey,"['Melissa George', 'Ed Speleers', 'Eamonn Walker']",4000000,25345000,21345000,533.625,6.2,157,8.30723,99.0,en
10981,Nothing,2003-09-09,2003.0,"['Comedy', 'Fantasy', 'Science Fiction']",Vincenzo Natali,"['David Hewlett', 'Andrew Miller', 'Gordon Pinsent']",0,0,0,,5.8,38,3.408955,90.0,en
225235,The Geographer Drank His Globe Away,2013-07-26,2013.0,['Drama'],Aleksandr Veledinskiy,"['Konstantin Khabenskiy', 'Elena Lyadova', 'Aleksandr Robak']",0,4037782,4037782,inf,7.3,23,1.876621,120.0,ru
14902,1776,1972-11-09,1972.0,"['Drama', 'Comedy', 'History', 'Music']",Peter H. Hunt,"['William Daniels', 'Howard Da Silva', 'Ken Howard']",0,0,0,,7.1,20,1.807571,142.0,en
121676,Inescapable,2012-09-14,2012.0,"['Thriller', 'Romance']",Ruba Nadda,"['Alexander Siddig', 'Joshua Jackson', 'Marisa Tomei']",0,0,0,,5.2,13,6.783053,93.0,en
22301,Hell's Angels,1930-11-15,1930.0,"['Action', 'Drama', 'History']",James Whale,"['Ben Lyon', 'James Hall', 'Jean Harlow']",3950000,8000000,4050000,102.53164556962024,6.1,19,8.484123,127.0,en
20065,Purple Violets,2007-04-30,2007.0,"['Comedy', 'Drama', 'Romance']",Edward Burns,"['Selma Blair', 'Patrick Wilson', 'Edward Burns']",4000000,0,-4000000,-100.0,5.7,9,0.936232,103.0,en
257087,The Veil,2016-04-21,2016.0,['Horror'],Phil Joanou,"['Jessica Alba', 'Thomas Jane', 'Lily Rabe']",4000000,0,-4000000,-100.0,4.5,118,12.822534,93.0,en
46420,The Loved Ones,2009-09-13,2009.0,['Horror'],Sean Byrne,"['Xavier Samuel', 'Jessica McNamee', 'Robin McLeavy']",0,0,0,,6.6,207,4.989985,84.0,en
114635,The Helpers,2012-10-27,2012.0,['Horror'],Chris Stokes,"['Kristen Quintrall', 'Denyce Lawton', 'JoJo Wright']",4000000,0,-4000000,-100.0,4.1,8,1.390659,78.0,en
158150,How to Fall in Love,2012-07-21,2012.0,"['Comedy', 'Romance', 'TV Movie']",Mark Griffiths,"[""Brooke D'Orsay"", 'Eric Mabius', 'Jody Thompson']",4000000,0,-4000000,-100.0,5.2,20,1.923514,0.0,en
251979,The Perfect Wave,2014-02-28,2014.0,"['Romance', 'Adventure', 'Drama']",Bruce MacDonald,"['Scott Eastwood', 'Cheryl Ladd', 'Patrick Lyster']",0,0,0,,4.4,21,4.118612,113.0,en
874,A Man for All Seasons,1966-12-12,1966.0,"['Drama', 'History']",Fred Zinnemann,"['Paul Scofield', 'Wendy Hiller', 'Leo McKern']",3900000,28350000,24450000,626.9230769230769,7.5,89,9.541688,120.0,en
10774,Network,1976-11-01,1976.0,['Drama'],Sidney Lumet,"['Faye Dunaway', 'William Holden', 'Peter Finch']",3800000,23689877,19889877,523.4178157894737,7.7,381,17.234745,121.0,en
770,Gone with the Wind,1939-12-15,1939.0,"['Drama', 'Romance', 'War']",Victor Fleming,"['Vivien Leigh', 'Clark Gable', 'Olivia de Havilland']",4000000,400176459,396176459,9904.411475,7.7,970,48.98255,238.0,en
266102,Desert Dancer,2014-07-03,2014.0,['Drama'],Richard Raymond,"['Freida Pinto', 'Reece Ritchie', 'Tom Cullen']",0,0,0,,6.5,18,1.972668,98.0,en
29715,Major Dundee,1965-04-07,1965.0,"['War', 'Western']",Sam Peckinpah,"['Charlton Heston', 'Richard Harris', 'Jim Hutton']",3800000,14873,-3785127,-99.60860526315788,6.2,38,3.490215,123.0,en
25209,Annie Get Your Gun,1950-05-17,1950.0,"['Action', 'Comedy', 'Music', 'Romance', 'Western']",George Sidney,"['Betty Hutton', 'Howard Keel', 'Louis Calhern']",3768785,8000000,4231215,112.27000213596689,7.3,22,1.726175,107.0,en
37495,Four Lions,2010-05-07,2010.0,"['Comedy', 'Crime', 'Drama']",Chris Morris,"['Riz Ahmed', 'Nigel Lindsay', 'Kayvan Novak']",967686,4270000,3302314,341.2588380941752,7.0,423,20.544999,101.0,en
29262,The House of Sand,2005-05-13,2005.0,['Drama'],Andrucha Waddington,"['Fernanda Montenegro', 'Ruy Guerra', 'Fernanda Torres']",0,0,0,,6.7,9,0.389471,115.0,pt
34769,Defendor,2009-09-12,2009.0,"['Drama', 'Action', 'Comedy', 'Crime']",Peter Stebbings,"['Woody Harrelson', 'Kat Dennings', 'Elias Koteas']",3500000,44462,-3455538,-98.72965714285714,6.5,195,8.45342,101.0,en
35032,The Pirate,1948-06-11,1948.0,"['Music', 'Romance']",Vincente Minnelli,"['Judy Garland', 'Gene Kelly', 'Walter Slezak']",3700000,2956000,-744000,-20.10810810810811,6.6,17,0.90522,102.0,en
5178,The Good Heart,2009-09-11,2009.0,"['Drama', 'Comedy', 'Romance']",Dagur Kári,"['Brian Cox', 'Paul Dano', 'Stephanie Szostak']",3800000,0,-3800000,-100.0,6.0,21,2.201678,95.0,en
8618,The History Boys,2006-10-02,2006.0,"['Comedy', 'Drama']",Nicholas Hytner,"['Samuel Anderson', 'Dominic Cooper', 'James Corden']",4000000,13401952,9401952,235.0488,6.6,66,3.771652,109.0,en
3116,Midnight Cowboy,1969-05-25,1969.0,['Drama'],John Schlesinger,"['Dustin Hoffman', 'Jon Voight', 'Sylvia Miles']",3600000,44785053,41185053,1144.02925,7.4,299,21.119209,113.0,en
9427,The Full Monty,1997-08-13,1997.0,['Comedy'],Peter Cattaneo,"['Robert Carlyle', 'Mark Addy', 'William Snape']",3500000,257850122,254350122,7267.146342857142,6.8,363,17.002623,91.0,en
813,Airplane!,1980-07-02,1980.0,['Comedy'],Jerry Zucker,"['Robert Hays', 'Julie Hagerty', 'Kareem Abdul-Jabbar']",3500000,83453539,79953539,2284.386828571429,7.1,1074,46.116885,88.0,en
352978,Chain of Command,2015-08-30,2015.0,"['Thriller', 'Adventure', 'Action']",Kevin Carraway,"['Michael Jai White', 'Steve Austin', 'Max Ryan']",5000000,0,-5000000,-100.0,5.3,11,1.398981,88.0,en
10634,Friday,1995-04-26,1995.0,['Comedy'],F. Gary Gray,"['Ice Cube', 'Chris Tucker', 'Nia Long']",3500000,28215918,24715918,706.1690857142856,7.0,503,25.5748,91.0,en
9516,Menace II Society,1993-05-26,1993.0,"['Drama', 'Action', 'Crime']",Albert Hughes,"['Tyrin Turner', 'Larenz Tate', 'Glenn Plummer']",3500000,27900000,24400000,697.1428571428571,7.2,173,3.418871,97.0,en
16288,Creepshow 2,1987-05-01,1987.0,['Horror'],Michael Gornick,"['George Kennedy', 'Dorothy Lamour', 'Lois Chiles']",3500000,14000000,10500000,300.0,5.9,129,10.729884,92.0,en
23330,The Ballad of Cable Hogue,1970-05-13,1970.0,"['Action', 'Comedy', 'Western']",Sam Peckinpah,"['Jason Robards', 'Stella Stevens', 'David Warner']",3716946,5000000,1283054,34.51903794136369,6.9,47,2.676535,121.0,en
18900,In Cold Blood,1967-12-14,1967.0,"['Crime', 'Drama']",Richard Brooks,"['Robert Blake', 'Scott Wilson', 'John Forsythe']",3500000,13007551,9507551,271.6443142857143,7.4,82,7.821438,134.0,en
27029,The Nun's Story,1959-06-18,1959.0,['Drama'],Fred Zinnemann,"['Audrey Hepburn', 'Peter Finch', 'Peggy Ashcroft']",3500000,12800000,9300000,265.7142857142857,7.4,46,3.281509,149.0,en
26268,Harper,1966-02-23,1966.0,"['Action', 'Drama', 'Thriller', 'Crime', 'Mystery']",Jack Smight,"['Paul Newman', 'Lauren Bacall', 'Julie Harris']",3500000,12000000,8500000,242.85714285714283,6.2,35,2.938973,121.0,en
573,Frenzy,1972-05-25,1972.0,"['Crime', 'Drama', 'Mystery', 'Thriller']",Alfred Hitchcock,"['Jon Finch', 'Alec McCowen', 'Barry Foster']",3500000,12600000,9100000,260.0,7.1,158,10.219942,116.0,en
310131,The Witch,2016-02-19,2016.0,"['Mystery', 'Horror']",Robert Eggers,"['Anya Taylor-Joy', 'Ralph Ineson', 'Kate Dickie']",3500000,40423945,36923945,1054.969857142857,6.3,1434,50.319662,92.0,en
40505,I Got the Hook Up,1998-05-27,1998.0,"['Action', 'Comedy']",Michael Martin,"['Master P', 'Anthony Johnson', 'Ice Cube']",0,0,0,,5.4,8,0.593068,93.0,en
11363,She's the One,1996-08-26,1996.0,"['Comedy', 'Romance']",Edward Burns,"['Edward Burns', 'Michael McGlone', 'Cameron Diaz']",3500000,9482579,5982579,170.93082857142855,5.7,70,8.406025,96.0,en
3033,Gods and Monsters,1998-01-21,1998.0,['Drama'],Bill Condon,"['Ian McKellen', 'Brendan Fraser', 'Lynn Redgrave']",10000000,6451628,-3548372,-35.483720000000005,6.8,81,5.588652,105.0,en
25376,The Secret in Their Eyes,2009-08-13,2009.0,"['Crime', 'Drama', 'Mystery', 'Romance']",Juan José Campanella,"['Ricardo Darín', 'Soledad Villamil', 'Pablo Rago']",2000000,33965843,31965843,1598.29215,7.8,626,25.894065,129.0,es
22007,Train,2008-10-16,2008.0,"['Horror', 'Thriller']",Gideon Raff,"['Thora Birch', 'Gideon Emery', 'Gloria Votsis']",0,0,0,,4.8,36,3.280081,94.0,en
765,Evil Dead II,1987-03-13,1987.0,"['Horror', 'Comedy', 'Fantasy']",Sam Raimi,"['Bruce Campbell', 'Sarah Berry', 'Dan Hicks']",3600000,5923044,2323044,64.529,7.6,742,35.674774,84.0,en
10615,Pootie Tang,2001-06-29,2001.0,"['Action', 'Comedy']",Louis C.K.,"['Jennifer Coolidge', 'Lance Crouther', 'J.B. Smoove']",0,0,0,,5.4,43,3.115754,81.0,en
205321,Sharknado,2013-07-11,2013.0,"['TV Movie', 'Horror']",Anthony C. Ferrante,"['Ian Ziering', 'Tara Reid', 'Cassandra Scerbo']",1000000,0,-1000000,-100.0,3.8,476,20.466433,86.0,en
89540,The Other Conquest,1999-04-01,1999.0,"['Drama', 'Foreign']",Salvador Carrasco,"['Damián Delgado', 'José Carlos Rodríguez', 'Elpidia Carrillo']",0,0,0,,5.4,4,0.015597,105.0,es
46146,Troll Hunter,2010-10-29,2010.0,"['Fantasy', 'Horror']",André Øvredal,"['Otto Jespersen', 'Hans Morten Hansen', 'Tomas Alf Larsen']",3500000,4159678,659678,18.847942857142858,6.7,583,12.982319,103.0,nb
38007,Ira & Abby,2006-01-01,2006.0,"['Comedy', 'Romance']",Robert Cary,"['Chris Messina', 'Jennifer Westfeldt', 'David Margulies']",0,0,0,,5.8,9,0.595136,104.0,en
14256,Winter Passing,2006-02-07,2006.0,"['Comedy', 'Drama']",Adam Rapp,"['Zooey Deschanel', 'Will Ferrell', 'Ed Harris']",3500000,113783,-3386217,-96.74905714285714,6.7,28,3.643608,98.0,en
540,D.E.B.S.,2004-01-21,2004.0,['Action'],Angela Robinson,"['Sara Foster', 'Meagan Good', 'Jordana Brewster']",3500000,0,-3500000,-100.0,5.6,90,6.396936,91.0,en
370464,The Masked Saint,2016-01-08,2016.0,"['Crime', 'Action']",Warren P. Sonoda,"['Brett Granstaff', 'Lara Jean Chorostecki', 'T.J. McGibbon']",0,0,0,,2.9,7,0.909067,111.0,en
20055,The Betrayed,2008-09-27,2008.0,"['Crime', 'Drama', 'Mystery', 'Thriller']",Amanda Gusack,"['Melissa George', 'Oded Fehr', 'Christian Campbell']",3500000,0,-3500000,-100.0,5.2,10,1.348114,98.0,en
224569,Taxman,1999-09-16,1999.0,"['Action', 'Crime', 'Comedy', 'Thriller']",Avi Nesher,"['Joe Pantoliano', 'Wade Dominguez', 'Elizabeth Berkley']",0,0,0,,2.0,1,0.964802,104.0,en
395766,The Secret,2016-04-29,2016.0,['Drama'],Nick Murphy ,"['James Nesbitt', ""Genevieve O'Reilly"", 'Jason Watkins']",0,0,0,,0.0,0,0.042346,200.0,en
39303,2:13,2009-04-25,2009.0,"['Horror', 'Thriller', 'Mystery']",Charles Adelman,"['Mark Thompson', 'Mark Pellegrino', 'Teri Polo']",3500000,0,-3500000,-100.0,4.6,10,1.271621,96.0,en
142061,"Batman: The Dark Knight Returns, Part 2",2013-01-18,2013.0,"['Action', 'Animation']",Jay Oliva,"['Peter Weller', 'Ariel Winter', 'David Selby']",3500000,0,-3500000,-100.0,7.9,419,25.891466,78.0,en
370662,Time to Choose,2015-09-04,2015.0,['Documentary'],Charles Ferguson,"['Oscar Isaac', 'Jane Goodall', 'Jerry Brown']",3500000,0,-3500000,-100.0,0.0,0,1.618138,100.0,en
252360,In the Name of the King III,2013-12-27,2013.0,"['Action', 'Adventure', 'Drama', 'Fantasy']",Uwe Boll,"['Dominic Purcell', 'Ralitsa Paskaleva', 'Bashar Rahal']",3500000,0,-3500000,-100.0,3.3,19,4.304341,85.0,en
256740,Wicked Blood,2014-03-04,2014.0,"['Action', 'Drama', 'Thriller']",Mark Young,"['Abigail Breslin', 'James Purefoy', 'Sean Bean']",3500000,0,-3500000,-100.0,5.3,37,3.158056,92.0,en
299145,Stranded,2015-06-05,2015.0,['Drama'],"Daniel Petrie, Jr.","['Scott Eastwood', 'Rita Wilson', 'Jeff Fahey']",0,0,0,,5.0,11,3.230779,86.0,en
241766,Lords of London,2014-01-06,2014.0,"['Crime', 'Mystery', 'Thriller']",Antonio Simoncini,"['Glen Murphy', 'Ray Winstone', 'Giovanni Capalbo']",3440000,0,-3440000,-100.0,3.6,6,1.913302,90.0,en
12535,High Anxiety,1977-12-25,1977.0,"['Comedy', 'Music']",Mel Brooks,"['Mel Brooks', 'Madeline Kahn', 'Cloris Leachman']",3400000,31063038,27663038,813.6187647058824,6.5,84,5.690619,94.0,en
1667,March of the Penguins,2005-01-26,2005.0,"['Documentary', 'Family']",Luc Jacquet,"['Morgan Freeman', 'Charles Berling', 'Romane Bohringer']",8000000,127392239,119392239,1492.4029875,6.9,358,17.537154,80.0,fr
50839,Margin Call,2011-09-28,2011.0,"['Thriller', 'Drama']",J.C. Chandor,"['Kevin Spacey', 'Paul Bettany', 'Jeremy Irons']",3500000,19504039,16004039,457.2582571428572,6.7,524,26.259389,107.0,en
86549,August,2011-06-09,2011.0,['Drama'],Eldar Rapaport,"['Murray Bartlett', 'Daniel Dugan', 'Adrian Gonzalez']",0,0,0,,6.2,15,1.419431,100.0,en
13973,Choke,2008-09-26,2008.0,"['Comedy', 'Drama']",Clark Gregg,"['Sam Rockwell', 'Anjelica Huston', 'Kelly Macdonald']",3000000,3830137,830137,27.671233333333333,6.0,127,11.637458,92.0,en
244786,Whiplash,2014-10-10,2014.0,['Drama'],Damien Chazelle,"['Miles Teller', 'J.K. Simmons', 'Melissa Benoist']",3300000,13092000,9792000,296.72727272727275,8.3,4254,192.528841,105.0,en
598,City of God,2002-02-05,2002.0,"['Drama', 'Crime']",Fernando Meirelles,"['Alexandre Rodrigues', 'Leandro Firmino', 'Phellipe Haagensen']",3300000,30641770,27341770,828.5384848484849,8.1,1814,44.356711,130.0,pt
11129,Human Traffic,1999-06-04,1999.0,"['Comedy', 'Drama']",Justin Kerrigan,"['John Simm', 'Danny Dyer', 'Lorraine Pilkington']",600000,4000000,3400000,566.6666666666667,6.8,97,4.859873,99.0,en
75861,To Write Love on Her Arms,2015-03-13,2015.0,"['Drama', 'Music']",Nathan Frankowski,"['Kat Dennings', 'Chad Michael Murray', 'Rupert Friend']",3400000,0,-3400000,-100.0,6.8,47,6.723057,118.0,en
13551,The Dead Girl,2006-11-07,2006.0,"['Mystery', 'Drama', 'Crime', 'Thriller']",Karen Moncrieff,"['Brittany Murphy', 'Toni Collette', 'Rose Byrne']",0,0,0,,6.4,66,3.069605,85.0,en
103663,The Hunt,2012-08-28,2012.0,['Drama'],Thomas Vinterberg,"['Mads Mikkelsen', 'Alexandra Rapaport', 'Thomas Bo Larsen']",3800000,16800000,13000000,342.10526315789474,7.9,927,21.826888,115.0,da
850,A Christmas Story,1983-11-18,1983.0,"['Comedy', 'Family']",Bob Clark,"['Melinda Dillon', 'Darren McGavin', 'Peter Billingsley']",0,19294144,19294144,inf,7.4,344,15.128316,94.0,en
12586,Bella,2006-09-09,2006.0,"['Drama', 'Romance']",Alejandro Monteverde,"['Tammy Blanchard', 'Angélica Aragón', 'Ali Landry']",0,0,0,,6.7,37,1.814802,91.0,en
11564,Class of 1984,1982-08-20,1982.0,"['Action', 'Drama', 'Horror', 'Crime', 'Thriller']",Mark L. Lester,"['Perry King', 'Merrie Lynn Ross', 'Tim Van Patten']",4300000,0,-4300000,-100.0,6.2,66,5.643023,98.0,en
301748,The Opposite Sex,2014-11-08,2014.0,['Comedy'],Jonathan Silverman,"['Mena Suvari', 'Eric Roberts', 'Kristin Chenoweth']",3300000,45000,-3255000,-98.63636363636363,4.1,9,2.964785,96.0,en
108346,Dreaming of Joseph Lees,1999-10-29,1999.0,"['Romance', 'Drama']",Eric Styles,"['Rupert Graves', 'Samantha Morton', 'Nicholas Woodeson']",2000000,7,-1999993,-99.99965,8.0,1,0.11615,92.0,en
8841,The Class,2008-09-24,2008.0,['Drama'],Laurent Cantet,"['François Bégaudeau', 'Franck Keïta', 'Esmeralda Ouertani']",0,28814580,28814580,inf,6.8,174,13.437038,128.0,fr
805,Rosemary's Baby,1968-06-12,1968.0,"['Horror', 'Drama', 'Mystery']",Roman Polanski,"['Mia Farrow', 'John Cassavetes', 'Ruth Gordon']",3200000,33395426,30195426,943.6070625,7.5,863,26.180367,136.0,en
11697,The Man Who Shot Liberty Valance,1962-04-22,1962.0,['Western'],John Ford,"['John Wayne', 'James Stewart', 'Vera Miles']",3200000,8000000,4800000,150.0,7.4,265,11.735287,123.0,en
22051,Adam,2009-07-29,2009.0,"['Drama', 'Romance']",Max Mayer,"['Hugh Dancy', 'Rose Byrne', 'Peter Gallagher']",0,2277396,2277396,inf,6.9,150,8.308442,99.0,en
436,Maria Full of Grace,2004-01-18,2004.0,"['Drama', 'Thriller', 'Crime']",Joshua Marston,"['Catalina Sandino Moreno', 'Guilied Lopez', 'Yenny Paola Vega']",0,0,0,,6.9,101,3.027892,101.0,es
55347,Beginners,2010-09-11,2010.0,"['Drama', 'Romance', 'Comedy']",Mike Mills,"['Ewan McGregor', 'Christopher Plummer', 'Mélanie Laurent']",3200000,5332926,2132926,66.6539375,6.8,347,11.933449,105.0,en
10070,Feast,2005-10-14,2005.0,"['Action', 'Comedy', 'Horror']",John Gulager,"['Balthazar Getty', 'Henry Rollins', 'Navi Rawat']",0,658573,658573,inf,6.1,160,8.825113,95.0,en
8469,Animal House,1978-07-27,1978.0,['Comedy'],John Landis,"['John Belushi', 'Tim Matheson', 'John Vernon']",2700000,141000000,138300000,5122.222222222222,7.0,418,17.332585,109.0,en
658,Goldfinger,1964-09-17,1964.0,"['Adventure', 'Action', 'Thriller']",Guy Hamilton,"['Sean Connery', 'Honor Blackman', 'Gert Fröbe']",2500000,124881062,122381062,4895.24248,7.2,987,47.812466,110.0,en
125490,Antiviral,2012-09-19,2012.0,"['Science Fiction', 'Horror']",Brandon Cronenberg,"['Caleb Landry Jones', 'Sarah Gadon', 'Malcolm McDowell']",2400000,0,-2400000,-100.0,5.7,112,11.753553,110.0,en
1585,It's a Wonderful Life,1946-12-20,1946.0,"['Drama', 'Family', 'Fantasy']",Frank Capra,"['James Stewart', 'Donna Reed', 'Lionel Barrymore']",3180000,9644124,6464124,203.27433962264152,8.0,1076,42.868495,130.0,en
627,Trainspotting,1996-02-23,1996.0,"['Drama', 'Crime']",Danny Boyle,"['Ewan McGregor', 'Ewen Bremner', 'Jonny Lee Miller']",4000000,16491080,12491080,312.277,7.8,2655,63.513324,93.0,en
23618,The Original Kings of Comedy,2000-08-18,2000.0,['Comedy'],Spike Lee,"['Steve Harvey', 'D. L. Hughley', 'Cedric the Entertainer']",0,0,0,,6.3,15,1.918959,115.0,en
41436,Paranormal Activity 2,2010-10-20,2010.0,"['Horror', 'Thriller']",Tod Williams,"['Katie Featherston', 'David Bierend', 'Brian Boland']",3000000,177512032,174512032,5817.067733333333,5.7,722,22.789649,91.0,en
10162,Waking Ned,1998-09-15,1998.0,"['Comedy', 'Romance']",Kirk Jones,"['Ian Bannen', 'David Kelly', 'Fionnula Flanagan']",0,0,0,,7.4,54,5.735912,91.0,en
1430,Bowling for Columbine,2002-10-09,2002.0,['Documentary'],Michael Moore,"['Michael Moore', 'George H. W. Bush', 'George W. Bush']",4000000,35564473,31564473,789.111825,7.3,453,11.414843,120.0,en
259943,Coming Home,2014-05-16,2014.0,['Drama'],Zhang Yimou,"['Gong Li', 'Chen Dao-Ming', 'Guo Tao']",0,0,0,,6.9,49,6.017273,111.0,zh
10014,A Nightmare on Elm Street Part 2: Freddy's Revenge,1985-10-31,1985.0,['Horror'],Jack Sholder,"['Robert Englund', 'Mark Patton', 'Kim Myers']",3000000,29999213,26999213,899.9737666666666,5.7,361,21.607228,87.0,en
11257,A Room with a View,1985-12-13,1985.0,"['Drama', 'Romance']",James Ivory,"['Maggie Smith', 'Helena Bonham Carter', 'Denholm Elliott']",3000000,20966644,17966644,598.8881333333334,6.9,156,7.961559,117.0,en
158015,The Purge,2013-05-31,2013.0,"['Science Fiction', 'Horror', 'Thriller']",James DeMonaco,"['Lena Headey', 'Ethan Hawke', 'Max Burkholder']",3000000,89328627,86328627,2877.6209000000003,6.0,2428,54.403033,86.0,en
82507,Sinister,2012-03-29,2012.0,"['Horror', 'Thriller', 'Mystery']",Scott Derrickson,"['Ethan Hawke', 'Juliet Rylance', ""Vincent D'Onofrio""]",3000000,77712439,74712439,2490.4146333333333,6.7,1573,41.045084,110.0,en
20337,Martin Lawrence Live: Runteldat,2002-08-01,2002.0,['Comedy'],Martin Lawrence,['Martin Lawrence'],3000000,19184015,16184015,539.4671666666667,5.0,1,0.295226,113.0,en
261,Cat on a Hot Tin Roof,1958-02-17,1958.0,"['Drama', 'Romance']",Richard Brooks,"['Elizabeth Taylor', 'Paul Newman', 'Burl Ives']",3000000,17570324,14570324,485.67746666666665,7.6,165,16.553594,108.0,en
1685,Beneath the Planet of the Apes,1970-05-01,1970.0,"['Adventure', 'Science Fiction', 'Mystery']",Ted Post,"['James Franciscus', 'Kim Hunter', 'Maurice Evans']",3000000,18999718,15999718,533.3239333333333,6.2,361,24.393296,95.0,en
20737,Air Bud,1997-08-01,1997.0,"['Comedy', 'Family', 'Drama']",Charles Martin Smith,"['Kevin Zegers', 'Wendy Makkena', 'Michael Jeter']",3000000,23144499,20144499,671.4833,5.3,106,11.241802,98.0,en
10991,Pokémon: Spell of the Unknown,2000-07-08,2000.0,"['Adventure', 'Fantasy', 'Animation', 'Action', 'Family']",Michael Haigney,"['Veronica Taylor', 'Rachael Lillis', 'Eric Stuart']",16000000,68411275,52411275,327.57046875000003,5.9,137,9.18885,93.0,ja
10225,Friday the 13th Part VI: Jason Lives,1986-08-01,1986.0,"['Horror', 'Mystery', 'Thriller']",Tom McLoughlin,"['Thom Mathews', 'Jennifer Cooke', 'David Kagen']",3000000,19472057,16472057,549.0685666666667,5.7,216,11.158167,86.0,en
826,The Bridge on the River Kwai,1957-10-02,1957.0,"['Drama', 'History', 'War']",David Lean,"['William Holden', 'Alec Guinness', 'Jack Hawkins']",3000000,33300000,30300000,1010.0,7.7,542,23.109959,161.0,en
34086,Spaced Invaders,1990-04-27,1990.0,"['Comedy', 'Family', 'Science Fiction']",Patrick Read Johnson,"['Ariana Richards', 'Douglas Barr', 'Royal Dano']",3000000,15369573,12369573,412.31910000000005,4.7,25,1.586598,100.0,en
5854,Family Plot,1976-04-09,1976.0,"['Comedy', 'Crime', 'Thriller']",Alfred Hitchcock,"['Barbara Harris', 'Bruce Dern', 'Karen Black']",2000000,7900000,5900000,295.0,6.7,86,3.832858,121.0,en
284,The Apartment,1960-06-15,1960.0,"['Comedy', 'Drama', 'Romance']",Billy Wilder,"['Jack Lemmon', 'Shirley MacLaine', 'Fred MacMurray']",3000000,25000000,22000000,733.3333333333333,8.1,483,22.889294,125.0,en
10285,Jason Goes to Hell: The Final Friday,1993-08-13,1993.0,"['Fantasy', 'Horror', 'Thriller']",Adam Marcus,"['Kane Hodder', 'John D. LeMay', 'Kari Keegan']",3000000,15938065,12938065,431.2688333333333,4.2,193,10.341982,87.0,en
5780,Torn Curtain,1966-07-13,1966.0,"['Mystery', 'Thriller']",Alfred Hitchcock,"['Paul Newman', 'Julie Andrews', 'Lila Kedrova']",3000000,13000000,10000000,333.33333333333337,6.4,120,7.924982,128.0,en
292,Dave Chappelle's Block Party,2005-09-12,2005.0,"['Comedy', 'Documentary', 'Music']",Michel Gondry,"['Dave Chappelle', 'Erykah Badu', 'Common']",3000000,11718595,8718595,290.6198333333333,6.4,28,1.697846,100.0,en
223485,Slow West,2015-04-16,2015.0,"['Romance', 'Thriller', 'Western']",John Maclean,"['Michael Fassbender', 'Kodi Smit-McPhee', 'Ben Mendelsohn']",0,229094,229094,inf,6.6,367,14.936661,84.0,en
29463,Krush Groove,1985-10-25,1985.0,"['Drama', 'Music', 'Romance']",Michael Schultz,"['Blair Underwood', 'Joseph Simmons', 'Darryl McDaniels']",3000000,0,-3000000,-100.0,7.0,11,0.720091,97.0,en
18065,Next Day Air,2009-02-06,2009.0,"['Action', 'Comedy', 'Crime']",Benny Boom,"['Donald Faison', 'Mike Epps', 'Wood Harris']",0,0,0,,5.3,36,2.747402,84.0,en
22013,Elmer Gantry,1960-06-19,1960.0,['Drama'],Richard Brooks,"['Burt Lancaster', 'Jean Simmons', 'Arthur Kennedy']",3000000,10400000,7400000,246.66666666666669,7.3,41,6.734965,146.0,en
821,Judgment at Nuremberg,1961-12-01,1961.0,"['Drama', 'History']",Stanley Kramer,"['Spencer Tracy', 'Burt Lancaster', 'Richard Widmark']",3000000,10000000,7000000,233.33333333333334,7.6,155,13.338539,186.0,en
53862,Trippin',1999-05-12,1999.0,"['Comedy', 'Romance']",David Raynr,"['Deon Richmond', 'Donald Faison', 'Guy Torry']",0,9016377,9016377,inf,4.5,4,0.185373,94.0,en
3089,Red River,1948-08-26,1948.0,['Western'],Howard Hawks,"['John Wayne', 'Montgomery Clift', 'Joanne Dru']",3000000,9012000,6012000,200.4,7.3,82,5.344815,133.0,en
30139,Phat Girlz,2006-01-01,2006.0,"['Comedy', 'Romance']",Nnegest Likké,"[""Mo'Nique"", 'Jimmy Jean-Louis', 'Godfrey']",0,0,0,,3.7,10,0.982624,99.0,en
132344,Before Midnight,2013-04-05,2013.0,"['Romance', 'Drama']",Richard Linklater,"['Ethan Hawke', 'Julie Delpy', 'Seamus Davey-Fitzpatrick']",3000000,11176469,8176469,272.5489666666667,7.4,568,23.299907,108.0,en
15582,Teen Wolf Too,1987-11-20,1987.0,"['Comedy', 'Fantasy', 'Family']",Christopher Leitch,"['Jason Bateman', 'Kim Darby', 'John Astin']",0,0,0,,3.8,46,4.103764,95.0,en
15158,Phantasm II,1988-07-08,1988.0,"['Action', 'Horror', 'Science Fiction', 'Thriller']",Don Coscarelli,"['James Le Gros', 'Reggie Bannister', 'Angus Scrimm']",3000000,7282851,4282851,142.7617,6.3,94,5.003615,97.0,en
44634,Woman Thou Art Loosed,2004-09-30,2004.0,['Drama'],Michael Schultz,"['Kimberly Elise', 'Loretta Devine', 'Debbi Morgan']",3000000,6804016,3804016,126.80053333333335,5.0,3,0.019984,94.0,en
30309,Real Women Have Curves,2002-01-01,2002.0,"['Comedy', 'Drama']",Patricia Cardoso,"['America Ferrera', 'Lupe Ontiveros', 'Ingrid Oliu']",0,0,0,,5.8,19,1.026243,86.0,en
7509,Water,2005-09-08,2005.0,"['Drama', 'Foreign', 'Romance']",Deepa Mehta,"['Lisa Ray', 'Sarala', 'John Abraham']",0,10422387,10422387,inf,6.8,34,2.787375,115.0,en
10557,East Is East,1999-05-14,1999.0,['Comedy'],Damien O'Donnell,"['Om Puri', 'Linda Bassett', 'Ian Aspinall']",3800000,28200000,24400000,642.1052631578948,6.5,59,3.667372,97.0,en
23531,Whipped,2000-09-01,2000.0,"['Comedy', 'Romance']",Peter M. Cohen,"['Amanda Peet', 'Brian Van Holt', 'Jonathan Abrahams']",3000000,0,-3000000,-100.0,3.1,11,2.144354,82.0,en
28005,Kama Sutra - A Tale of Love,1996-09-11,1996.0,"['Drama', 'History', 'Romance']",Mira Nair,"['Indira Varma', 'Sarita Choudhury', 'Ramon Tikaram']",3000000,4109095,1109095,36.969833333333334,5.7,35,3.937939,117.0,en
40247,Please Give,2010-01-22,2010.0,"['Comedy', 'Drama']",Nicole Holofcener,"['Rebecca Hall', 'Catherine Keener', 'Amanda Peet']",3000000,0,-3000000,-100.0,6.0,57,5.325156,90.0,en
252,Willy Wonka & the Chocolate Factory,1971-06-29,1971.0,"['Family', 'Fantasy']",Mel Stuart,"['Gene Wilder', 'Jack Albertson', 'Peter Ostrum']",3000000,4000000,1000000,33.33333333333333,7.4,798,23.981601,100.0,en
24126,Warlock: The Armageddon,1993-05-01,1993.0,"['Fantasy', 'Horror', 'Science Fiction']",Anthony Hickox,"['Julian Sands', 'Chris Young', 'Paula Marshall']",0,0,0,,5.2,38,3.107149,98.0,en
13982,8 Heads in a Duffel Bag,1997-04-18,1997.0,"['Comedy', 'Crime']",Tom Schulman,"['Joe Pesci', 'Kristy Swanson', 'George Hamilton']",0,0,0,,5.4,39,5.016607,95.0,en
16642,Days of Heaven,1978-09-13,1978.0,"['Drama', 'Romance']",Terrence Malick,"['Richard Gere', 'Brooke Adams', 'Linda Manz']",0,0,0,,7.6,234,13.857194,94.0,en
17734,Thirteen Conversations About One Thing,2001-09-02,2001.0,['Drama'],Jill Sprecher,"['John Turturro', 'Clea DuVall', 'Matthew McConaughey']",0,0,0,,6.4,25,6.997495,104.0,en
18892,Jawbreaker,1999-01-30,1999.0,['Comedy'],Darren Stein,"['Rose McGowan', 'Julie Benz', 'Rebecca Gayheart']",3000000,3076820,76820,2.5606666666666666,5.9,90,4.337685,87.0,en
549,Basquiat,1996-08-09,1996.0,"['Drama', 'History']",Julian Schnabel,"['Jeffrey Wright', 'David Bowie', 'Dennis Hopper']",2962051,3011195,49144,1.6591206565990928,6.6,94,3.636634,108.0,en
121986,Frances Ha,2013-05-17,2013.0,"['Comedy', 'Drama']",Noah Baumbach,"['Greta Gerwig', 'Mickey Sumner', 'Adam Driver']",0,4069826,4069826,inf,7.2,345,15.492257,86.0,en
868,Tsotsi,2005-08-18,2005.0,"['Crime', 'Drama']",Gavin Hood,"['Presley Chweneyagae', 'Jerry Mofokeng', 'Terry Pheto']",3000000,9879971,6879971,229.33236666666667,6.9,94,2.504169,94.0,af
10683,Happiness,1998-10-16,1998.0,"['Comedy', 'Drama']",Todd Solondz,"['Jane Adams', 'Jon Lovitz', 'Philip Seymour Hoffman']",3000000,2807390,-192610,-6.420333333333334,7.4,194,10.757539,139.0,en
17995,DysFunktional Family,2003-04-04,2003.0,"['Comedy', 'Documentary']",George Gallo,"['Eddie Griffin', 'Joe Howard', 'Matthew Brent']",0,0,0,,6.1,4,1.580027,89.0,en
246403,Tusk,2014-09-19,2014.0,"['Comedy', 'Horror']",Kevin Smith,"['Michael Parks', 'Justin Long', 'Haley Joel Osment']",2800000,1826705,-973295,-34.76053571428571,5.1,366,15.754614,102.0,en
670,Oldboy,2003-01-01,2003.0,"['Drama', 'Thriller', 'Mystery', 'Action']",Park Chan-wook,"['Choi Min-sik', 'Yoo Ji-tae', 'Kang Hye-jung']",3000000,14980005,11980005,399.3335,8.0,1945,56.76349,120.0,ko
35691,Letters to God,2010-04-09,2010.0,"['Action', 'Drama', 'Family', 'Thriller']",David Nixon,"['Robyn Lively', 'Jeffrey Johnson', 'Bailee Madison']",0,0,0,,6.5,37,3.644872,110.0,en
49010,Hobo with a Shotgun,2011-05-06,2011.0,"['Action', 'Comedy', 'Thriller']",Jason Eisener,"['Rutger Hauer', 'Gregory Smith', 'Robb Wells']",3000000,748453,-2251547,-75.05156666666667,5.7,211,16.900433,86.0,en
317930,Compadres,2016-03-31,2016.0,"['Action', 'Comedy']",Enrique Begné,"['Omar Chaparro', 'Joey Morgan', 'Aislinn Derbez']",3000000,0,-3000000,-100.0,5.2,17,1.569246,101.0,es
11229,Freeway,1996-08-23,1996.0,"['Comedy', 'Drama', 'Thriller']",Matthew Bright,"['Kiefer Sutherland', 'Reese Witherspoon', 'Wolfgang Bodison']",3000000,0,-3000000,-100.0,6.5,95,4.682881,110.0,en
22488,Love's Abiding Joy,2006-10-06,2006.0,"['TV Movie', 'Action', 'Drama', 'Family']",Michael Landon Jr.,"['Erin Cottrell', 'Logan Bartholomew', 'William Morgan Sheppard']",0,0,0,,5.8,12,1.128559,87.0,en
24469,Fish Tank,2009-05-14,2009.0,['Drama'],Andrea Arnold,"['Katie Jarvis', 'Michael Fassbender', 'Kierston Wareing']",3000000,2357852,-642148,-21.404933333333336,6.9,250,12.68672,123.0,en
82533,Damsels in Distress,2012-04-06,2012.0,"['Comedy', 'Romance']",Whit Stillman,"['Greta Gerwig', 'Carrie MacLemore', 'Megalyn Echikunwoke']",0,0,0,,5.6,67,3.750338,99.0,en
50942,Creature,1998-05-17,1998.0,"['Horror', 'Science Fiction', 'Thriller']",Stuart Gillard,"['Craig T. Nelson', 'Kim Cattrall', 'Colm Feore']",0,0,0,,4.0,21,2.857848,176.0,en
84174,Bachelorette,2012-08-06,2012.0,"['Comedy', 'Romance']",Leslye Headland,"['Kirsten Dunst', 'Isla Fisher', 'Lizzy Caplan']",3000000,11947954,8947954,298.2651333333334,5.3,444,20.95282,87.0,en
34099,Brave New Girl,2004-04-25,2004.0,"['Drama', 'Music', 'Family']",Bobby Roth,"['Virginia Madsen', 'Lindsey Haun', 'Barbara Mamabolo']",0,0,0,,3.7,3,0.18094,120.0,en
79940,Tim and Eric's Billion Dollar Movie,2012-03-02,2012.0,['Comedy'],Tim Heidecker,"['Eric Wareheim', 'Tim Heidecker', 'John C. Reilly']",0,0,0,,5.2,34,1.75311,94.0,en
342,Summer Storm,2004-09-02,2004.0,"['Comedy', 'Drama']",Marco Kreuzpaintner,"['Robert Stadlober', 'Kostja Ullmann', 'Alicja Bachleda-Curuś']",2700000,0,-2700000,-100.0,6.7,59,3.120747,98.0,de
281230,Fort McCoy,2014-01-01,2014.0,"['War', 'Drama', 'History']",Michael Worth,"['Eric Stoltz', 'Kate Connor', 'Lyndsy Fonseca']",0,0,0,,6.3,2,0.384496,0.0,en
38033,Chain Letter,2010-10-01,2010.0,"['Horror', 'Thriller']",Deon Taylor,"['Nikki Reed', 'Keith David', 'Brad Dourif']",0,0,0,,3.9,37,2.504156,96.0,en
100975,Just Looking,1999-10-21,1999.0,"['Drama', 'Comedy']",Jason Alexander,"['Gretchen Mol', 'Patti LuPone', 'Peter Onorati']",3000000,0,-3000000,-100.0,5.8,5,0.431332,97.0,en
38541,The Divide,2011-03-13,2011.0,['Science Fiction'],Xavier Gens,"['Lauren German', 'Michael Biehn', 'Milo Ventimiglia']",3000000,22000,-2978000,-99.26666666666667,5.7,197,11.882563,112.0,en
39563,The Eclipse,2009-04-24,2009.0,"['Drama', 'Horror', 'Romance']",Conor McPherson,"['Ciarán Hinds', 'Aidan Quinn', 'Iben Hjejle']",0,0,0,,6.1,15,9.342465,88.0,en
234212,Demonic,2015-02-12,2015.0,"['Thriller', 'Horror']",Will Canon,"['Maria Bello', 'Frank Grillo', 'Cody Horn']",3000000,3387000,387000,12.9,4.9,148,12.564554,83.0,en
27404,My Big Fat Independent Movie,2005-03-04,2005.0,['Comedy'],Philip Zlotorynski,"['Paget Brewster', 'Neil Barton', 'Eric Hoffman']",0,0,0,,3.0,5,0.68822,80.0,en
170480,The Deported,2010-06-15,2010.0,"['Comedy', 'Family']",Lance Kawas,"['Nicholas Turturro', 'Talia Shire', 'Paul Rodríguez']",0,0,0,,0.0,0,0.194848,90.0,en
71866,Tanner Hall,2009-09-14,2009.0,['Drama'],Francesca Gregorini,"['Rooney Mara', 'Georgia King', 'Brie Larson']",0,0,0,,5.4,32,2.015525,96.0,en
192210,Open Road,2013-04-12,2013.0,"['Action', 'Drama', 'Thriller']",Márcio Garcia,"['Camilla Belle', 'Andy García', 'Colin Egglesfield']",3000000,0,-3000000,-100.0,5.2,18,2.680629,85.0,en
180296,They Came Together,2014-06-27,2014.0,['Comedy'],David Wain,"['Paul Rudd', 'Amy Poehler', 'Bill Hader']",0,0,0,,5.3,171,12.036888,84.0,en
157058,30 Nights of Paranormal Activity With the Devil Inside the Girl With the Dragon Tattoo,2013-01-14,2013.0,['Comedy'],Craig Moss,"['Kathryn Fiore', 'Flip Schultz', 'Olivia Alexander']",0,0,0,,2.9,28,1.737032,80.0,en
70006,Never Back Down 2: The Beatdown,2011-09-13,2011.0,"['Drama', 'Action']",Michael Jai White,"['Stacey Asaro', 'Gralen Bryant Banks', 'Rus Blackwell']",3000000,0,-3000000,-100.0,5.8,136,9.249229,90.0,en
26039,Point Blank,1967-08-30,1967.0,"['Action', 'Crime', 'Drama', 'Thriller']",John Boorman,"['Lee Marvin', 'Angie Dickinson', 'Keenan Wynn']",2500000,3200000,700000,28.000000000000004,7.1,95,5.164423,92.0,en
79587,Four Single Fathers,2009-01-15,2009.0,"['Drama', 'Comedy']",Paolo Monico,"['Alessandro Gassman', 'Francesco Quinn', 'Joe Urla']",3,0,-3,-100.0,0.0,0,0.008263,100.0,en
176077,Enter the Dangerous Mind,2013-03-11,2013.0,['Thriller'],Youssef Delara,"['Jake Hoffman', 'Nikki Reed', 'Thomas Dekker']",0,0,0,,4.8,14,1.998826,88.0,en
260947,Something Wicked,2014-04-04,2014.0,"['Mystery', 'Thriller']",Darin Scott,"['Shantel VanSanten', 'John Robinson', 'James Patrick Stuart']",3000000,0,-3000000,-100.0,4.6,16,1.968679,95.0,en
342502,AWOL-72,2015-08-07,2015.0,['Thriller'],Christian Sesma,"['Luke Goss', 'RZA', 'Bokeem Woodbine']",3000000,0,-3000000,-100.0,2.8,10,1.141463,79.0,en
191229,Iguana,1988-04-01,1988.0,[],Monte Hellman,"['Everett McGill', 'Fabio Testi', 'Michael Madsen']",0,0,0,,6.0,1,0.214704,88.0,en
43213,Chicago Overcoat,2009-10-10,2009.0,"['Action', 'Crime', 'Thriller']",Brian Caunter,"['Frank Vincent', 'Kathrine Narducci', 'Mike Starr']",3200000,0,-3200000,-100.0,6.1,5,1.034844,95.0,en
44594,Barry Munday,2010-03-13,2010.0,"['Comedy', 'Drama', 'Romance']",Chris D'Arienzo,"['Patrick Wilson', 'Malcolm McDowell', 'Judy Greer']",0,0,0,,6.3,22,1.975941,95.0,en
666,Central Station,1998-01-16,1998.0,['Drama'],Walter Salles,"['Fernanda Montenegro', 'Marília Pêra', 'Vinícius de Oliveira']",2900000,5596708,2696708,92.98993103448275,7.6,126,5.928937,113.0,pt
248,Pocketful of Miracles,1961-12-18,1961.0,"['Comedy', 'Drama']",Frank Capra,"['Glenn Ford', 'Bette Davis', 'Hope Lange']",2900000,5000000,2100000,72.41379310344827,7.3,25,3.370225,136.0,en
325173,Close Range,2015-12-11,2015.0,"['Crime', 'Action']",Isaac Florentine,"['Scott Adkins', 'Nick Chinlund', 'Caitlin Keats']",0,0,0,,4.9,54,5.485217,80.0,en
55831,Boynton Beach Club,2005-08-05,2005.0,"['Comedy', 'Drama', 'Romance']",,"['Brenda Vaccaro', 'Dyan Cannon', 'Joseph Bologna']",0,0,0,,6.8,3,0.18887,105.0,en
351043,Amnesiac,2015-08-14,2015.0,"['Thriller', 'Mystery', 'Drama', 'Horror']",Michael Polish,"['Kate Bosworth', 'Wes Bentley', 'Shashawnee Hall']",3000000,0,-3000000,-100.0,4.1,52,3.077885,90.0,en
43942,Freakonomics,2010-10-01,2010.0,['Documentary'],Heidi Ewing,"['Zoe Sloane', 'Jade Viggiano', 'Amancaya Aguilar']",3000000,103735,-2896265,-96.54216666666666,6.6,36,1.781462,93.0,en
10226,High Tension,2003-06-18,2003.0,"['Horror', 'Thriller', 'Mystery']",Alexandre Aja,"['Cécile de France', 'Maïwenn', 'Philippe Nahon']",0,0,0,,6.6,271,4.952983,91.0,fr
66942,Griff the Invisible,2011-08-19,2011.0,"['Romance', 'Comedy', 'Drama']",Leon Ford,"['Ryan Kwanten', 'Maeve Dermody', 'Marshall Napier']",2902660,0,-2902660,-100.0,6.1,34,1.35088,93.0,en
356483,Unnatural,2015-10-16,2015.0,"['Thriller', 'Action', 'Horror']",Hank Braxtan,"['James Remar', 'Sherilyn Fenn', 'Ron Carlson']",0,0,0,,4.3,12,0.687656,89.0,en
10476,Hustle & Flow,2005-07-22,2005.0,['Drama'],Craig Brewer,"['Terrence Howard', 'Anthony Anderson', 'Taryn Manning']",8000000,23563727,15563727,194.5465875,6.9,99,6.39503,116.0,en
239,Some Like It Hot,1959-03-18,1959.0,"['Comedy', 'Romance']",Billy Wilder,"['Marilyn Monroe', 'Tony Curtis', 'Jack Lemmon']",2883848,25000000,22116152,766.8972844615944,8.0,808,39.30982,122.0,en
10281,Friday the 13th Part VII: The New Blood,1988-05-13,1988.0,"['Horror', 'Thriller']",John Carl Buechler,"['Kane Hodder', 'Lar Park Lincoln', 'Susan Jennifer Sullivan']",2800000,19170001,16370001,584.6428928571428,5.3,192,9.070842,88.0,en
630,The Wizard of Oz,1939-08-15,1939.0,"['Adventure', 'Family', 'Fantasy']",Victor Fleming,"['Judy Garland', 'Frank Morgan', 'Ray Bolger']",2777000,33754967,30977967,1115.519157364062,7.4,1642,67.417542,102.0,en
3034,Young Frankenstein,1974-12-15,1974.0,"['Comedy', 'Science Fiction']",Mel Brooks,"['Gene Wilder', 'Peter Boyle', 'Marty Feldman']",2800000,86273333,83473333,2981.1904642857144,7.7,854,36.444894,106.0,en
13025,Diary of the Dead,2007-09-08,2007.0,"['Horror', 'Action', 'Science Fiction']",George A. Romero,"['Michelle Morgan', 'Joshua Close', 'Shawn Roberts']",2000000,5364858,3364858,168.2429,5.4,190,15.351412,95.0,en
21461,Lage Raho Munna Bhai,2006-01-01,2006.0,"['Comedy', 'Drama', 'Romance']",Rajkumar Hirani,"['Sanjay Dutt', 'Arshad Warsi', 'Dilip Prabhavalkar']",0,0,0,,7.6,44,2.436019,144.0,en
55306,Ulee's Gold,1997-06-13,1997.0,['Drama'],Victor Nunez,"['Peter Fonda', 'Patricia Richardson', 'Christine Dunford']",0,0,0,,6.5,19,0.93392,112.0,en
17264,The Black Stallion,1979-10-17,1979.0,"['Adventure', 'Family']",Carroll Ballard,"['Kelly Reno', 'Mickey Rooney', 'Teri Garr']",2700000,37799643,35099643,1299.986777777778,7.0,59,11.35972,118.0,en
346081,Sardaarji,2015-06-26,2015.0,[],Rohit Jugraj,[],0,0,0,,9.5,2,0.296981,0.0,en
16016,Journey to Saturn,2008-09-26,2008.0,"['Action', 'Adventure', 'Animation', 'Comedy', 'Science Fiction']",Kresten Vestbjerg Andersen,"['Casper Christensen', 'Frank Hvam', 'Ali Kazim']",0,0,0,,4.9,10,1.776624,90.0,en
15875,Donovan's Reef,1963-06-12,1963.0,"['Adventure', 'Comedy', 'Romance']",John Ford,"['John Wayne', 'Elizabeth Allen', 'Lee Marvin']",2686000,6600000,3914000,145.71854058078927,6.0,30,1.897263,109.0,en
5900,The Dress,1996-03-21,1996.0,"['Comedy', 'Drama']",Alex van Warmerdam,"['Henri Garcin', 'Ingeborg Elzevier', 'Khaldoun Elmecky']",0,0,0,,7.0,3,0.144031,103.0,nl
43306,A Guy Named Joe,1944-03-01,1944.0,"['Drama', 'Romance', 'War']",Victor Fleming,"['Spencer Tracy', 'Irene Dunne', 'Van Johnson']",2627000,5363000,2736000,104.14921964217739,6.0,8,0.531444,120.0,en
11072,Blazing Saddles,1974-02-07,1974.0,"['Western', 'Comedy']",Mel Brooks,"['Cleavon Little', 'Gene Wilder', 'Harvey Korman']",2600000,119500000,116900000,4496.153846153846,7.2,609,22.793929,93.0,en
9730,Friday the 13th: The Final Chapter,1984-04-13,1984.0,"['Horror', 'Thriller']",Joseph Zito,"['Kimberly Beck', 'Erich Anderson', 'Corey Feldman']",2600000,32980880,30380880,1168.4953846153846,5.9,237,14.013414,91.0,en
209274,Ida,2013-10-25,2013.0,['Drama'],Paweł Pawlikowski,"['Agata Trzebuchowska', 'Agata Kulesza', 'Joanna Kulig']",2159280,10700000,8540720,395.53554888666594,7.1,260,13.265432,80.0,pl
26371,Maurice,1987-09-18,1987.0,"['Drama', 'Romance']",James Ivory,"['James Wilby', 'Hugh Grant', 'Rupert Graves']",0,0,0,,7.1,61,11.552247,134.0,en
14137,Beer League,2006-09-15,2006.0,['Comedy'],Frank Sebastiano,"['Artie Lange', 'Ralph Macchio', 'Anthony DeSando']",0,0,0,,5.3,22,1.73892,86.0,en
291,Riding Giants,2004-07-09,2004.0,['Documentary'],Stacy Peralta,"['Jeff Clark', 'Darrick Doerner', 'Laird Hamilton']",2600000,3166000,566000,21.76923076923077,7.6,23,0.895946,105.0,en
14139,Timecrimes,2007-09-20,2007.0,"['Science Fiction', 'Thriller']",Nacho Vigalondo,"['Karra Elejalde', 'Candela Fernández', 'Bárbara Goenaga']",2600000,553198,-2046802,-78.72315384615385,7.0,308,19.02965,92.0,es
33106,Silver Medalist,2009-01-20,2009.0,"['Action', 'Adventure', 'Comedy', 'Drama', 'Foreign']",Ning Hao,"['Huang Bo', 'Kong Jiu', 'Shaohua Ma']",0,0,0,,7.4,13,0.406645,99.0,zh
8875,Timber Falls,2007-12-07,2007.0,"['Horror', 'Thriller']",Tony Giglio,"['Josh Randall', 'Nick Searcy', 'Beth Broderick']",2600000,0,-2600000,-100.0,5.2,38,3.687574,97.0,en
872,Singin' in the Rain,1952-04-10,1952.0,"['Comedy', 'Music', 'Romance']",Stanley Donen,"['Gene Kelly', ""Donald O'Connor"", 'Debbie Reynolds']",2540800,7200000,4659200,183.37531486146094,7.8,727,36.556954,103.0,en
72914,"Fat, Sick & Nearly Dead",2010-04-16,2010.0,['Documentary'],Joe Cross,"['Joe Cross', 'Phil Riverstone', 'Amy Badberg']",0,0,0,,7.1,47,0.545825,97.0,en
139038,A Haunted House,2013-01-11,2013.0,"['Comedy', 'Horror']",Michael Tiddes,"['Marlon Wayans', 'Essence Atkins', 'Nick Swardson']",2500000,60141683,57641683,2305.66732,5.4,516,18.661541,86.0,en
126509,2016: Obama's America,2012-07-13,2012.0,['Documentary'],John Sullivan,[],2500000,33400000,30900000,1236.0,4.6,19,0.973582,87.0,en
9591,That Thing You Do!,1996-10-04,1996.0,"['Comedy', 'Drama']",Tom Hanks,"['Tom Everett Scott', 'Johnathon Schaech', 'Tom Hanks']",0,34585416,34585416,inf,6.8,225,14.885388,108.0,en
10676,Halloween III: Season of the Witch,1982-10-22,1982.0,"['Horror', 'Mystery', 'Science Fiction']",Tommy Lee Wallace,"['Tom Atkins', 'Stacey Nelkin', ""Dan O'Herlihy""]",2500000,14400000,11900000,476.0,5.0,229,12.030456,98.0,en
1687,Escape from the Planet of the Apes,1971-05-20,1971.0,"['Action', 'Science Fiction']",Don Taylor,"['Roddy McDowall', 'Kim Hunter', 'Bradford Dillman']",2500000,12348905,9848905,393.9562,6.3,264,18.30961,98.0,en
24748,Hud,1963-05-29,1963.0,"['Action', 'Drama', 'Western']",Martin Ritt,"['Paul Newman', 'Melvyn Douglas', 'Patricia Neal']",2500000,10000000,7500000,300.0,7.5,66,6.82919,112.0,en
181330,Kevin Hart: Let Me Explain,2013-07-03,2013.0,"['Comedy', 'Documentary']",Leslie Small,"['Kevin Hart', 'David Terrell', 'David Jason Perez']",0,32230907,32230907,inf,7.1,95,9.799357,74.0,en
468,My Own Private Idaho,1991-10-17,1991.0,"['Drama', 'Romance']",Gus Van Sant,"['River Phoenix', 'Keanu Reeves', 'James Russo']",2500000,0,-2500000,-100.0,7.1,212,10.363642,104.0,en
401,Garden State,2004-07-28,2004.0,"['Comedy', 'Drama', 'Romance']",Zach Braff,"['Zach Braff', 'Natalie Portman', 'Ian Holm']",2500000,26781723,24281723,971.26892,7.1,618,30.583959,102.0,en
76,Before Sunrise,1995-01-27,1995.0,"['Drama', 'Romance']",Richard Linklater,"['Ethan Hawke', 'Julie Delpy', 'Andrea Eckert']",2500000,5535405,3035405,121.4162,7.7,959,23.672571,105.0,en
50538,Evil Words,2003-10-03,2003.0,"['Horror', 'Mystery', 'Thriller']",Éric Tessier,"['Patrick Huard', 'Michel Côté', 'Catherine Florent']",0,0,0,,6.9,8,0.205034,100.0,fr
25636,Jesus' Son,1999-09-05,1999.0,"['Comedy', 'Drama', 'Romance']",Alison Maclean,"['Billy Crudup', 'Denis Leary', 'Jack Black']",0,0,0,,6.7,22,5.581743,107.0,en
19316,Saving Face,2004-09-12,2004.0,"['Comedy', 'Romance']",Alice Wu,"['Michelle Krusiec', 'Joan Chen', 'Lynn Chen']",0,0,0,,6.8,32,2.487255,91.0,en
21074,Brick Lane,2007-11-16,2007.0,['Drama'],Sarah Gavron,"['Tannishtha Chatterjee', 'Satish Kaushik', 'Christopher Simpson']",0,0,0,,5.2,15,0.262135,102.0,en
84329,Robot & Frank,2012-08-16,2012.0,"['Science Fiction', 'Comedy', 'Drama', 'Crime']",Jake Schreier,"['Frank Langella', 'Liv Tyler', 'James Marsden']",2500000,3325038,825038,33.00152,6.8,450,23.419061,85.0,en
20,My Life Without Me,2003-03-07,2003.0,"['Drama', 'Romance']",Isabel Coixet,"['Sarah Polley', 'Amanda Plummer', 'Scott Speedman']",0,9726954,9726954,inf,7.2,77,7.958831,106.0,en
157386,The Spectacular Now,2013-08-02,2013.0,"['Comedy', 'Drama', 'Romance']",James Ponsoldt,"['Miles Teller', 'Shailene Woodley', 'Brie Larson']",2500000,6854611,4354611,174.18444,6.8,1048,25.722747,95.0,en
13007,Religulous,2008-10-01,2008.0,"['Comedy', 'Documentary']",Larry Charles,"['Bill Maher', 'Jose Luis De Jesus Miranda', 'Andrew Newberg']",0,0,0,,7.2,197,9.774126,101.0,en
13518,Fuel,2008-11-14,2008.0,"['Documentary', 'Drama']",Joshua Tickell,"['Joshua Tickell', 'Barbara Boxer', 'Richard Branson']",0,0,0,,7.0,3,0.197469,90.0,en
116584,Valley of the Heart's Delight,2006-04-24,2006.0,['Drama'],Tim Boxell,"['Pete Postlethwaite', 'Gabriel Mann', 'Emily Harrison']",0,0,0,,7.0,1,0.142255,100.0,en
46849,Eye of the Dolphin,2007-08-24,2007.0,['Drama'],Michael D. Sellers,"['Carly Schroeder', 'Adrian Dunbar', 'George Harris']",2500000,71904,-2428096,-97.12384,7.1,7,0.301884,100.0,en
40428,8: The Mormon Proposition,2010-01-01,2010.0,['Documentary'],Reed Cowan,"['Rocky Mayor Anderson', 'Matt Aune', 'Tyler Barrick']",0,0,0,,5.5,6,0.424957,80.0,en
17334,The Other End of the Line,2008-10-29,2008.0,"['Comedy', 'Romance']",James Dodson,"['Jesse Metcalfe', 'Austin Basis', 'Larry Miller']",14000000,0,-14000000,-100.0,6.1,50,3.393648,106.0,en
1698,Anatomy,2000-02-03,2000.0,"['Horror', 'Thriller']",Stefan Ruzowitzky,"['Franka Potente', 'Benno Fürmann', 'Anna Loos']",0,0,0,,6.1,61,5.025938,103.0,de
20764,Sleep Dealer,2008-12-10,2008.0,"['Drama', 'Science Fiction', 'Thriller']",Alex Rivera,"['Leonor Varela', 'Jacob Vargas', 'Luis Fernando Peña']",2500000,107559,-2392441,-95.69763999999999,6.0,40,4.624691,90.0,en
45132,Super,2010-09-09,2010.0,"['Comedy', 'Action', 'Drama']",James Gunn,"['Rainn Wilson', 'Ellen Page', 'Liv Tyler']",2500000,324138,-2175862,-87.03448,6.6,441,12.204569,96.0,en
76706,Christmas Mail,2010-12-01,2010.0,"['Comedy', 'Family']",John Murlowski,"['Ashley Scott', 'A.J. Buckley', 'Rolanda Watts']",0,0,0,,5.0,15,0.630226,89.0,en
254472,Stung,2015-07-03,2015.0,"['Comedy', 'Horror']",Benni Diez,"[""Matt O'Leary"", 'Jessica Cook', 'Lance Henriksen']",2500000,0,-2500000,-100.0,4.9,63,4.270489,87.0,de
332285,Antibirth,2016-09-02,2016.0,['Horror'],Danny Perez,"['Natasha Lyonne', 'Chloë Sevigny', 'Meg Tilly']",35000000,0,-35000000,-100.0,4.8,40,3.674294,94.0,en
49471,Get on the Bus,1996-10-16,1996.0,['Drama'],Spike Lee,"['Ossie Davis', 'Charles S. Dutton', 'Andre Braugher']",2400000,5731103,3331103,138.79595833333335,7.0,11,4.623059,120.0,en
13569,Thr3e,2006-12-01,2006.0,"['Drama', 'Horror', 'Thriller']",Robby Henson,"['Marc Blucas', 'Justine Waddell', 'Bill Moseley']",0,0,0,,4.8,21,1.946715,101.0,en
7512,Idiocracy,2006-09-01,2006.0,"['Adventure', 'Comedy', 'Science Fiction']",Mike Judge,"['Luke Wilson', 'Maya Rudolph', 'Dax Shepard']",30000000,495303,-29504697,-98.34899,6.3,664,27.940093,84.0,en
356216,The Rise of the Krays,2015-08-29,2015.0,['Crime'],Zackary Adler,"['Kevin Leslie', 'Simon Cotton', 'Phil Dunster']",2500000,0,-2500000,-100.0,4.5,19,1.759506,110.0,en
11798,This Is England,2006-09-12,2006.0,"['Drama', 'Crime']",Shane Meadows,"['Thomas Turgoose', 'Stephen Graham', 'Jo Hartley']",2380000,8176544,5796544,243.55226890756302,7.4,363,8.395624,101.0,en
146631,U.F.O.,2012-12-14,2012.0,"['Action', 'Adventure', 'Science Fiction']",Dominic Burns,"['Bianca Bree', 'Sean Brosnan', 'Simon Phillips']",2500000,0,-2500000,-100.0,3.1,47,8.248149,101.0,en
43546,Bathing Beauty,1944-07-01,1944.0,"['Comedy', 'Music']",George Sidney,"['Red Skelton', 'Esther Williams', 'Basil Rathbone']",2361000,6892000,4531000,191.91020753917832,7.0,4,0.628051,101.0,en
61038,Go for It!,2011-05-13,2011.0,"['Drama', 'Family']",Carmen Marron,"['Aimee Garcia', 'Al Bandiero', 'Jossara Jinaro']",2450000,0,-2450000,-100.0,4.6,5,0.500753,105.0,en
78373,"Dancer, Texas Pop. 81",1998-05-01,1998.0,"['Comedy', 'Drama', 'Family']",Tim McCanlies,"['Breckin Meyer', 'Peter Facinelli', 'Eddie Mills']",0,565592,565592,inf,10.0,1,0.376662,97.0,en
17820,Show Boat,1951-07-13,1951.0,"['Music', 'Romance']",George Sidney,"['Howard Keel', 'Kathryn Grayson', 'Ava Gardner']",2300000,11000000,8700000,378.2608695652174,6.9,18,1.606314,107.0,en
74457,Redemption Road,2011-08-26,2011.0,['Drama'],Mario Van Peebles,"['Michael Clarke Duncan', 'Morgan Simpson', 'Kiele Sanchez']",0,0,0,,4.7,6,0.197264,91.0,en
283384,The Calling,2014-08-05,2014.0,['Thriller'],Jason Stone,"['Susan Sarandon', 'Gil Bellows', 'Ellen Burstyn']",0,0,0,,5.6,88,5.759493,108.0,en
19933,The Brave Little Toaster,1987-07-09,1987.0,"['Fantasy', 'Adventure', 'Animation', 'Comedy', 'Family', 'Music']",Jerry Rees,"['Jon Lovitz', 'Timothy Stack', 'Phil Hartman']",2000000,0,-2000000,-100.0,6.7,93,6.86302,90.0,en
756,Fantasia,1940-11-13,1940.0,"['Animation', 'Family', 'Music']",David Hand,"['Deems Taylor', 'Walt Disney', 'Julietta Novis']",2280000,83320000,81040000,3554.385964912281,7.2,808,32.875469,124.0,en
433715,8 Days,2014-06-15,2014.0,"['Thriller', 'Drama']",Jaco Booyens,"['Nicole Smolen', 'Kim Baldwin', 'Ariana Stephens']",0,0,0,,0.0,0,0.015295,90.0,en
9728,Friday the 13th Part III,1982-08-13,1982.0,"['Horror', 'Thriller']",Steve Miner,"['Dana Kimmell', 'Paul Kratka', 'Tracie Savage']",4000000,36690067,32690067,817.251675,5.7,254,14.206525,95.0,en
9731,Friday the 13th: A New Beginning,1985-03-22,1985.0,"['Horror', 'Thriller']",Danny Steinmann,"['Melanie Kinnaman', 'John Shepherd', 'Shavar Ross']",2200000,21930418,19730418,896.8371818181819,5.1,196,12.639469,92.0,en
9916,The Last Sin Eater,2007-02-09,2007.0,['Drama'],Michael Landon Jr.,"['Louise Fletcher', 'Henry Thomas', 'Soren Fulton']",0,0,0,,6.2,11,2.371477,117.0,en
309425,Do You Believe?,2015-03-20,2015.0,"['Fantasy', 'Drama']",Jon Gunn,"['Mira Sorvino', 'Sean Astin', 'Alexa PenaVega']",0,0,0,,6.6,48,2.470443,115.0,en
14156,Impact Point,2008-06-13,2008.0,"['Thriller', 'Romance']",Hayley Cloake,"['Brian Austin Green', 'Melissa Keller', 'Linden Ashby']",0,0,0,,5.7,5,1.532518,90.0,en
43610,The Valley of Decision,1945-06-01,1945.0,['Drama'],Tay Garnett,"['Greer Garson', 'Gregory Peck', 'Donald Crisp']",2160000,9132000,6972000,322.77777777777777,5.8,4,0.1813,119.0,en
360339,Eden,2015-10-22,2015.0,"['Thriller', 'Drama']",Shyam Madiraju,"['Jessica Lowndes', 'Ethan Peck', 'Diego Boneta']",2300000,0,-2300000,-100.0,5.6,19,2.713171,97.0,en
31163,Chicken Tikka Masala,2005-04-22,2005.0,"['Comedy', 'Romance', 'Foreign']",Harmage Singh Kalirai,"['Chris Bisson', 'Saeed Jaffrey', 'Sally Bankes']",0,0,0,,3.5,5,0.258413,90.0,en
297621,There's Always Woodstock,2014-11-14,2014.0,"['Romance', 'Comedy', 'Music']",Rita Merson,"['Allison Miller', 'James Wolk', 'Katey Sagal']",0,0,0,,5.4,12,2.025701,90.0,en
16205,Jack Brooks: Monster Slayer,2007-10-09,2007.0,"['Action', 'Comedy', 'Horror']",Jon Knautz,"['Robert Englund', 'Trevor Matthews', 'Daniel Kash']",0,0,0,,5.7,59,2.659804,85.0,en
887,The Best Years of Our Lives,1946-12-25,1946.0,"['Drama', 'History', 'Romance']",William Wyler,"['Fredric March', 'Myrna Loy', 'Dana Andrews']",2100000,23650000,21550000,1026.1904761904764,7.6,143,8.38717,172.0,en
9517,Bully,2001-06-15,2001.0,"['Crime', 'Drama']",Larry Clark,"['Brad Renfro', 'Bijou Phillips', 'Nick Stahl']",0,480811,480811,inf,6.7,125,6.677093,113.0,en
6007,Elling,2001-03-16,2001.0,"['Comedy', 'Drama']",Petter Næss,"['Per Christian Ellefsen', 'Sven Nordin', 'Jørgen Langhelle']",0,0,0,,7.0,51,2.526356,89.0,en
364083,Mi America,2015-10-16,2015.0,"['Drama', 'Crime']",Robert Fontaine,"['Robert Fontaine', 'Michael Brainard', 'Grant Boyd']",2100000,3330,-2096670,-99.84142857142857,0.0,0,0.039007,126.0,en
8329,[REC],2007-04-10,2007.0,"['Horror', 'Mystery']",Jaume Balagueró,"['Manuela Velasco', 'Ferran Terraza', 'Martha Carbonell']",1500000,30448000,28948000,1929.8666666666666,7.1,934,31.691617,78.0,es
69640,Lies in Plain Sight,2010-10-03,2010.0,"['Drama', 'Mystery', 'Thriller']",Patricia Cardoso,"['Martha Higareda', 'Chad Michael Murray', 'Yul Vazquez']",0,0,0,,4.5,4,0.47909,88.0,en
371085,Sharkskin,2015-01-01,2015.0,[],,[],0,0,0,,0.0,0,0.027801,0.0,en
347548,Containment,2015-07-09,2015.0,"['Thriller', 'Horror', 'Science Fiction']",Neil Mcenery-West,"['Louise Brealey', 'Lee Ross', 'Sheila Reid']",0,0,0,,5.1,36,2.122451,77.0,en
322443,The Timber,2015-02-27,2015.0,"['Adventure', 'Drama', 'Western']",Anthony O'Brien,"['James Ransone', 'Elisa Lasowski', 'Josh Peck']",0,0,0,,4.1,15,0.803761,81.0,de
657,From Russia with Love,1963-10-11,1963.0,"['Action', 'Thriller', 'Adventure']",Terence Young,"['Sean Connery', 'Daniela Bianchi', 'Pedro Armendáriz']",2000000,78898765,76898765,3844.9382499999997,6.9,760,41.298723,115.0,en
28165,The Toxic Avenger Part II,1989-02-24,1989.0,"['Comedy', 'Horror', 'Action']",Lloyd Kaufman,"['Ron Fazio', 'John Altamura', 'Phoebe Legere']",0,0,0,,5.3,39,1.791331,96.0,en
11561,Sleeper,1973-12-17,1973.0,"['Comedy', 'Romance', 'Science Fiction']",Woody Allen,"['Woody Allen', 'Diane Keaton', 'John Beck']",2000000,18344729,16344729,817.2364500000001,7.0,200,10.664202,89.0,en
270303,It Follows,2015-02-04,2015.0,"['Horror', 'Thriller']",David Robert Mitchell,"['Maika Monroe', 'Keir Gilchrist', 'Daniel Zovatto']",2000000,14674076,12674076,633.7038,6.6,1832,100.876794,100.0,en
11624,Everything You Always Wanted to Know About Sex *But Were Afraid to Ask,1972-08-06,1972.0,['Comedy'],Woody Allen,"['Woody Allen', 'John Carradine', 'Lou Jacobi']",2000000,18016290,16016290,800.8145000000001,6.6,215,13.223111,88.0,en
595,To Kill a Mockingbird,1962-12-25,1962.0,"['Crime', 'Drama']",Robert Mulligan,"['Gregory Peck', 'Brock Peters', 'James Anderson']",2000000,13129846,11129846,556.4923,8.0,657,22.139842,129.0,en
8810,Mad Max 2: The Road Warrior,1981-12-24,1981.0,"['Adventure', 'Action', 'Thriller', 'Science Fiction']",George Miller,"['Mel Gibson', 'Bruce Spence', 'Michael Preston']",2000000,24600832,22600832,1130.0416,7.3,957,37.117362,95.0,en
12207,The Legend of Drunken Master,1994-02-03,1994.0,"['Action', 'Comedy']",Liu Chia-Liang,"['Jackie Chan', 'Anita Mui', 'Ti Lung']",0,0,0,,7.2,242,15.046612,102.0,cn
226,Boys Don't Cry,1999-09-02,1999.0,"['Crime', 'Drama']",Kimberly Peirce,"['Hilary Swank', 'Chloë Sevigny', 'Peter Sarsgaard']",2000000,11540607,9540607,477.03035,7.2,353,15.557144,118.0,en
92182,Silent House,2011-01-21,2011.0,"['Horror', 'Mystery']",Chris Kentis,"['Elizabeth Olsen', 'Adam Trese', 'Eric Sheffer Stevens']",2000000,13101672,11101672,555.0836,5.2,125,11.66632,85.0,en
582,The Lives of Others,2006-03-15,2006.0,"['Drama', 'Thriller']",Florian Henckel von Donnersmarck,"['Martina Gedeck', 'Ulrich Mühe', 'Sebastian Koch']",2000000,70000000,68000000,3400.0,7.9,958,34.938177,137.0,de
72213,Courageous,2011-09-30,2011.0,['Drama'],Alex Kendrick,"['Alex Kendrick', 'Ken Bevel', 'Ben Davies']",1000000,34522221,33522221,3352.2221,6.8,77,5.961119,129.0,en
990,The Hustler,1961-09-25,1961.0,['Drama'],Robert Rossen,"['Paul Newman', 'Jackie Gleason', 'Piper Laurie']",2000000,7600000,5600000,280.0,7.6,240,17.639478,134.0,en
55604,Boom Town,1940-08-30,1940.0,"['Adventure', 'Drama', 'Romance']",Jack Conway,"['Clark Gable', 'Spencer Tracy', 'Claudette Colbert']",2000000,9172000,7172000,358.59999999999997,6.5,8,1.867004,119.0,en
9662,The Triplets of Belleville,2003-06-11,2003.0,"['Adventure', 'Animation', 'Comedy', 'Drama']",Sylvain Chomet,"['Béatrice Bonifassi', 'Lina Boudreau', 'Michèle Caucheteux']",8000000,1477676,-6522324,-81.52905,7.3,231,13.944645,80.0,fr
20862,Smoke Signals,1998-01-16,1998.0,"['Drama', 'Comedy']",Chris Eyre,"['Adam Beach', 'Evan Adams', 'Irene Bedard']",0,0,0,,6.6,24,2.304552,89.0,en
2771,American Splendor,2003-08-15,2003.0,"['Comedy', 'Drama']",Shari Springer Berman,"['Paul Giamatti', 'Hope Davis', 'Judah Friedlander']",0,6003587,6003587,inf,7.1,120,7.792851,101.0,en
80,Before Sunset,2004-02-10,2004.0,"['Drama', 'Romance']",Richard Linklater,"['Ethan Hawke', 'Julie Delpy', 'Vernon Dobtcheff']",2700000,15992615,13292615,492.3190740740741,7.6,718,14.799323,80.0,en
55,Amores perros,2000-06-16,2000.0,"['Drama', 'Thriller']",Alejandro González Iñárritu,"['Gael García Bernal', 'Vanessa Bauche', 'Goya Toledo']",2000000,20908467,18908467,945.42335,7.6,521,23.281616,154.0,es
11023,Thirteen,2003-08-20,2003.0,"['Crime', 'Drama']",Catherine Hardwicke,"['Evan Rachel Wood', 'Nikki Reed', 'Vanessa Hudgens']",2000000,4601043,2601043,130.05215,6.7,339,20.331593,100.0,en
33667,Gentleman's Agreement,1947-11-11,1947.0,"['Drama', 'Romance']",Elia Kazan,"['Gregory Peck', 'Dorothy McGuire', 'John Garfield']",2000000,7800000,5800000,290.0,6.8,47,5.381536,118.0,en
39013,Winter's Bone,2010-06-11,2010.0,['Drama'],Debra Granik,"['Jennifer Lawrence', 'John Hawkes', 'Kevin Breznahan']",2000000,13831503,11831503,591.57515,6.8,565,20.834883,100.0,en
11194,Touching the Void,2003-09-05,2003.0,"['Documentary', 'Action', 'Adventure']",Kevin Macdonald,"['Brendan Mackey', 'Nicholas Aaron', 'Richard Hawking']",0,13885802,13885802,inf,7.6,138,14.045887,106.0,en
43839,Alexander's Ragtime Band,1938-05-24,1938.0,"['Drama', 'Music', 'Romance']",Henry King,"['Tyrone Power', 'Alice Faye', 'Don Ameche']",2000000,4000000,2000000,100.0,4.8,6,0.483974,106.0,en
1382,Me and You and Everyone We Know,2005-06-17,2005.0,"['Comedy', 'Drama']",Miranda July,"['Miranda July', 'John Hawkes', 'Brandon Ratcliff']",0,0,0,,7.0,107,9.719094,90.0,en
44639,Inside Job,2010-10-08,2010.0,['Documentary'],Charles Ferguson,"['Matt Damon', 'William Ackman', 'Barack Obama']",2000000,7871522,5871522,293.5761,7.7,286,16.930914,109.0,en
301351,We Are Your Friends,2015-08-26,2015.0,"['Drama', 'Music', 'Romance']",Max Joseph,"['Zac Efron', 'Emily Ratajkowski', 'Wes Bentley']",6000000,11122090,5122090,85.36816666666667,6.3,658,28.819424,96.0,en
4816,Ghost Dog: The Way of the Samurai,1999-09-13,1999.0,"['Crime', 'Drama']",Jim Jarmusch,"['Forest Whitaker', 'Cliff Gorman', 'Tricia Vessey']",0,0,0,,7.2,298,18.223139,116.0,en
7873,Harsh Times,2005-09-11,2005.0,"['Crime', 'Drama', 'Thriller', 'Action']",David Ayer,"['Christian Bale', 'Freddy Rodríguez', 'Eva Longoria']",2000000,5967038,3967038,198.3519,6.3,197,12.999023,120.0,en
331190,Captive,2015-09-17,2015.0,"['Crime', 'Drama', 'Thriller']",Jerry Jameson,"['Kate Mara', 'David Oyelowo', 'Michael Kenneth Williams']",2000000,2801508,801508,40.0754,5.6,92,6.728882,97.0,en
15186,Full Frontal,2002-08-02,2002.0,"['Comedy', 'Drama', 'Romance']",Steven Soderbergh,"['David Duchovny', 'Nicky Katt', 'Catherine Keener']",2000000,2506446,506446,25.3223,4.8,26,1.95686,96.0,en
17994,Witchboard,1986-12-31,1986.0,['Horror'],Kevin Tenney,"['Stephen Nichols', 'Tawny Kitaen', 'Todd Allen']",0,0,0,,5.9,58,7.151154,98.0,en
1378,Shortbus,2006-05-20,2006.0,"['Romance', 'Drama', 'Comedy']",John Cameron Mitchell,"['Sook-Yin Lee', 'Paul Dawson', 'PJ DeBoy']",2000000,5179037,3179037,158.95185,6.3,140,14.846001,101.0,en
8885,Waltz with Bashir,2008-06-25,2008.0,"['Drama', 'Animation', 'War']",Ari Folman,"['Ari Folman', 'Ron Ben-Yishai', 'Dror Harazi']",2000000,11125849,9125849,456.29245000000003,7.8,291,14.08251,90.0,he
48382,"The Book of Mormon Movie, Volume 1: The Journey",2003-09-12,2003.0,[],,"['Kirby Heyborne', 'Michael Flynn']",2000000,1672730,-327270,-16.363500000000002,5.0,2,0.031947,120.0,en
12901,No End in Sight,2007-07-27,2007.0,['Documentary'],Charles Ferguson,"['Campbell Scott', 'Gerald Burke', 'Ali Fadhil']",2000000,1431623,-568377,-28.418850000000003,7.2,23,2.283796,102.0,en
250124,The Diary of a Teenage Girl,2015-08-07,2015.0,"['Drama', 'Romance']",Marielle Heller,"['Bel Powley', 'Kristen Wiig', 'Alexander Skarsgård']",2000000,1477002,-522998,-26.1499,6.8,279,18.224326,98.0,en
14284,In the Shadow of the Moon,2007-01-19,2007.0,['Documentary'],David Sington,"['Buzz Aldrin', 'Michael Collins', 'Alan Bean']",2000000,0,-2000000,-100.0,7.6,31,3.43159,109.0,en
57120,Meek's Cutoff,2010-09-05,2010.0,"['Drama', 'Western']",Kelly Reichardt,"['Michelle Williams', 'Bruce Greenwood', 'Will Patton']",0,876302,876302,inf,6.5,77,4.749885,104.0,en
12228,Inside Deep Throat,2005-02-11,2005.0,"['History', 'Documentary']",Fenton Bailey,"['Dennis Hopper', 'Peter Bart', 'Warren Beatty']",2000000,653621,-1346379,-67.31895,6.8,31,3.980072,92.0,en
22617,Dinner Rush,2000-09-01,2000.0,"['Drama', 'Action', 'Thriller']",Bob Giraldi,"['Danny Aiello', 'John Rothman', 'Frank Bongiorno']",0,0,0,,7.1,19,1.096355,99.0,en
55561,Clockwatchers,1997-01-01,1997.0,"['Comedy', 'Drama']",Jill Sprecher,"['Toni Collette', 'Parker Posey', 'Lisa Kudrow']",0,0,0,,5.6,13,1.196943,96.0,en
42889,The Virginity Hit,2010-09-10,2010.0,['Comedy'],Huck Botko,"['Matt Bennett', 'Zack Pearlman', 'Jacob Davich']",2000000,563706,-1436294,-71.8147,4.6,19,3.125382,120.0,en
10656,Subway,1985-04-10,1985.0,"['Action', 'Thriller']",Luc Besson,"['Isabelle Adjani', 'Christopher Lambert', 'Richard Bohringer']",2000000,390659,-1609341,-80.46705,6.3,86,5.261065,104.0,fr
24363,House of D,2005-04-15,2005.0,"['Comedy', 'Drama']",David Duchovny,"['Robin Williams', 'David Duchovny', 'Anton Yelchin']",0,0,0,,6.1,23,6.337735,97.0,en
13121,Teeth,2007-01-19,2007.0,"['Comedy', 'Horror']",Mitchell Lichtenstein,"['Jess Weixler', 'John Hensley', 'Josh Pais']",0,0,0,,5.2,210,7.359286,94.0,en
24746,Six-String Samurai,1998-09-18,1998.0,"['Action', 'Adventure', 'Science Fiction']",Lance Mungia,"['Jeffrey Falcon', 'Justin McGuire', 'Kim De Angelo']",2000000,124494,-1875506,-93.7753,5.8,36,1.892183,91.0,en
325140,Hum To Mohabbat Karega,2000-05-26,2000.0,[],,[],0,0,0,,0.0,0,0.001186,0.0,en
12109,It's All Gone Pete Tong,2004-09-12,2004.0,"['Drama', 'Comedy', 'Music']",Michael Dowse,"['Paul Kaye', 'Kate Magowan', 'Neil Maskell']",2000000,120620,-1879380,-93.96900000000001,7.1,52,3.911445,90.0,en
27023,Saint John of Las Vegas,2009-06-10,2009.0,['Comedy'],Hue Rhodes,"['Steve Buscemi', 'Romany Malco', 'Tim Blake Nelson']",3800000,111731,-3688269,-97.0597105263158,5.9,18,2.559806,84.0,en
22913,24 7: Twenty Four Seven,1997-08-31,1997.0,"['Comedy', 'Drama', 'Romance']",Shane Meadows,"['Bob Hoskins', 'Danny Nussbaum', 'Bruce Jones']",0,0,0,,6.3,10,0.744406,96.0,en
273899,Stonewall,2015-09-18,2015.0,['Drama'],Roland Emmerich,"['Jeremy Irvine', 'Jonny Beauchamp', 'Jonathan Rhys Meyers']",13500000,187674,-13312326,-98.60982222222222,5.2,32,5.16023,129.0,en
20653,Roadside Romeo,2008-10-24,2008.0,"['Animation', 'Family', 'Foreign']",,"['Saif Ali Khan', 'Kareena Kapoor', 'Javed Jaffrey']",7000000,1100000,-5900000,-84.28571428571429,6.7,3,0.253595,93.0,en
67373,This Thing of Ours,2005-01-01,2005.0,"['Drama', 'Action', 'Thriller']",Danny Provenzano,"['James Caan', 'James Caan', 'Frank Vincent']",0,0,0,,5.0,1,0.046868,100.0,en
171759,The Lost Medallion: The Adventures of Billy Stone,2013-03-01,2013.0,"['Adventure', 'Family']",Bill Muir,"['William Brent', 'Sammi Hanratty', 'James Hong']",0,0,0,,5.6,13,2.952932,97.0,en
206296,The Last Five Years,2014-11-03,2014.0,"['Comedy', 'Drama', 'Music', 'Romance']",Richard LaGravenese,"['Anna Kendrick', 'Jeremy Jordan', 'Natalie Knepp']",0,0,0,,5.5,143,5.563068,94.0,en
35219,The Missing Person,2009-01-16,2009.0,"['Comedy', 'Drama', 'Mystery', 'Thriller']",Noah Buschel,"['Michael Shannon', 'Amy Ryan', 'Frank Wood']",0,0,0,,6.4,9,1.161034,95.0,en
28260,Return of the Living Dead 3,1993-10-01,1993.0,"['Comedy', 'Science Fiction', 'Romance', 'Horror']",Brian Yuzna,"['Melinda Clarke', 'J. Trevor Edmond', 'Kent McCord']",2000000,54207,-1945793,-97.28965000000001,5.9,88,7.502934,97.0,en
7515,London,2005-02-10,2005.0,"['Drama', 'Action', 'Romance']",Hunter Richards,"['Chris Evans', 'Jessica Biel', 'Joy Bryant']",0,0,0,,6.1,96,5.350423,92.0,en
13075,Sherrybaby,2006-09-08,2006.0,['Drama'],Laurie Collyer,"['Maggie Gyllenhaal', 'Michelle Hurst', 'Sandra Rodríguez']",2000000,622806,-1377194,-68.8597,6.3,41,4.261509,96.0,en
335866,Circle,2015-10-02,2015.0,"['Horror', 'Science Fiction']",Aaron Hann,"['Julie Benz', 'Carter Jenkins', 'Cesar Garcia']",0,0,0,,6.0,333,6.752141,87.0,en
13510,Eden Lake,2008-09-12,2008.0,"['Horror', 'Thriller']",James Watkins,"['Kelly Reilly', 'Michael Fassbender', 'Tara Ellis']",0,3983997,3983997,inf,6.7,406,20.362373,91.0,en
215881,Plush,2013-09-13,2013.0,['Thriller'],Catherine Hardwicke,"['Emily Browning', 'Xavier Samuel', 'Cam Gigandet']",0,0,0,,5.4,40,5.099368,98.0,en
18238,Lesbian Vampire Killers,2009-03-16,2009.0,"['Horror', 'Comedy']",Phil Claydon,"['James Corden', 'Mathew Horne', 'Paul McGann']",0,0,0,,5.3,124,6.632891,86.0,en
22600,Gangster's Paradise: Jerusalema,2008-02-11,2008.0,"['Drama', 'Action', 'Crime', 'Foreign']",Ralph Ziman,"['Daniel Buckland', 'Robert Hobbs', 'Rapulana Seiphemo']",0,0,0,,6.8,16,1.717376,120.0,en
12612,Freeze Frame,2004-05-01,2004.0,"['Thriller', 'Drama', 'Crime']",John Simpson,"['Lee Evans', 'Sean McGinley', 'Ian McNeice']",0,0,0,,6.9,18,4.922397,99.0,en
50698,Grave Encounters,2011-09-09,2011.0,"['Thriller', 'Horror']",Colin Minihan,"['Sean Rogerson', 'Juan Riedinger', 'Ashleigh Gryzko']",1000000,0,-1000000,-100.0,6.1,381,13.222268,92.0,en
115210,Stitches,2012-05-19,2012.0,['Horror'],Conor McMahon,"['Ross Noble', 'Tommy Knight', 'Gemma-Leah Devereux']",100000,95000,-5000,-5.0,5.5,92,7.447714,86.0,en
34335,Nine Dead,2010-01-01,2010.0,"['Crime', 'Drama', 'Horror', 'Thriller']",Chris Shadley,"['Melissa Joan Hart', 'John Terry', 'Chip Bent']",2000000,0,-2000000,-100.0,5.2,84,9.68793,98.0,en
459488,"To Be Frank, Sinatra at 100",2015-12-12,2015.0,['Documentary'],Simon Napier-Bell,['Tony Oppedisano'],2,0,-2,-100.0,0.0,0,0.050625,,en
11302,Bananas,1971-04-28,1971.0,['Comedy'],Woody Allen,"['Woody Allen', 'Louise Lasser', 'Carlos Montalbán']",2000000,11833696,9833696,491.6848,6.7,165,5.941852,82.0,en
119458,Supercapitalist,2012-08-10,2012.0,['Thriller'],Simon Yin,"['Linus Roache', 'Derek Ting', 'Richard Ng']",0,0,0,,3.5,2,0.174311,103.0,en
20406,Rockaway,2007-07-07,2007.0,"['Action', 'Adventure', 'Drama']",Jeff Crook,"['Nicholas Gonzalez', 'Mario Cimarro', 'Oleg Taktarov']",0,0,0,,5.8,2,0.361554,76.0,en
3766,The Lady from Shanghai,1947-12-24,1947.0,"['Crime', 'Drama', 'Mystery']",Orson Welles,"['Rita Hayworth', 'Orson Welles', 'Everett Sloane']",2300000,0,-2300000,-100.0,7.2,102,8.055084,87.0,en
18616,No Man's Land: The Rise of Reeker,2008-05-01,2008.0,"['Horror', 'Thriller']",Dave Payne,"['Stephen Martines', 'Valerie Cruz', 'Mircea Monroe']",2000000,0,-2000000,-100.0,4.4,27,4.346271,88.0,en
18808,Highway,2002-01-01,2002.0,"['Action', 'Adventure', 'Drama']",James Cox,"['Jake Gyllenhaal', 'Selma Blair', 'Jared Leto']",14000000,0,-14000000,-100.0,5.6,37,3.419685,97.0,en
95755,Small Apartments,2012-03-10,2012.0,"['Comedy', 'Crime']",Jonas Åkerlund,"['Matt Lucas', 'Juno Temple', 'James Caan']",2000000,0,-2000000,-100.0,5.7,50,5.100741,96.0,en
198062,Coffee Town,2013-07-09,2013.0,['Comedy'],Brad Copeland,"['Glenn Howerton', 'Steve Little', 'Ben Schwartz']",0,0,0,,6.7,45,2.253589,87.0,en
188652,The Ghastly Love of Johnny X,2013-04-26,2013.0,"['Comedy', 'Fantasy', 'Music']",Paul Bunnell,"['Will Keenan', 'Creed Bratton', 'De Anna Joy Brooks']",0,0,0,,6.6,8,0.209475,106.0,en
174311,All Is Bright,2013-09-10,2013.0,"['Comedy', 'Drama']",Phil Morrison,"['Paul Rudd', 'Paul Giamatti', 'Sally Hawkins']",0,0,0,,5.3,36,3.613577,107.0,en
12602,The Torture Chamber of Dr. Sadism,1967-10-05,1967.0,"['Mystery', 'Horror', 'History']",Harald Reinl,"['Lex Barker', 'Christopher Lee', 'Karin Dor']",0,0,0,,6.3,12,1.296784,85.0,de
153795,Straight A's,2013-01-16,2013.0,"['Comedy', 'Drama']",James Cox,"['Anna Paquin', 'Ryan Phillippe', 'Luke Wilson']",7000000,0,-7000000,-100.0,5.2,46,4.50829,88.0,en
17768,A Funny Thing Happened on the Way to the Forum,1966-10-16,1966.0,"['Comedy', 'Music']",Richard Lester,"['Zero Mostel', 'Phil Silvers', 'Buster Keaton']",0,0,0,,6.1,24,8.902102,99.0,en
13516,Slacker Uprising,2007-09-27,2007.0,['Documentary'],Michael Moore,"['Michael Moore', 'Eddie Vedder', 'Robert Ellis Orrall']",0,0,0,,5.9,10,1.619635,102.0,en
98549,The Legend of Hell's Gate: An American Conspiracy,2011-03-03,2011.0,"['Action', 'Adventure', 'History', 'Western']",Tanner Beard,"['Eric Balfour', 'Lou Taylor Pucci', 'Henry Thomas']",0,0,0,,3.9,8,1.002585,108.0,en
312793,The Walking Deceased,2015-03-20,2015.0,"['Science Fiction', 'Comedy']",Scott Dow,"['Tim Ogletree', 'Troy Ogletree', 'Dave Sheridan']",0,0,0,,4.2,35,1.332804,90.0,en
309919,The Curse of Downers Grove,2015-08-21,2015.0,"['Thriller', 'Mystery', 'Horror', 'Drama']",Derick Martini,"['Bella Heathcote', 'Lucas Till', 'Helen Slater']",2000000,0,-2000000,-100.0,4.4,24,2.00163,89.0,en
299553,Shark Lake,2015-10-02,2015.0,['Thriller'],Jerry Dugan,"['Dolph Lundgren', 'James Chalke', 'Sara Malakul Lane']",2000000,0,-2000000,-100.0,4.4,19,1.187764,92.0,en
21309,River's Edge,1986-08-27,1986.0,"['Crime', 'Drama']",Tim Hunter,"['Crispin Glover', 'Keanu Reeves', 'Ione Skye']",19000000,0,-19000000,-100.0,6.7,59,6.463806,99.0,en
32235,Northfork,2003-01-01,2003.0,"['Fantasy', 'Drama', 'Science Fiction']",Michael Polish,"['James Woods', 'Nick Nolte', 'Claire Forlani']",0,0,0,,6.7,24,1.980265,103.0,en
329540,The Marine 4: Moving Target,2015-04-10,2015.0,"['Thriller', 'Action']",William Kaufman,"['Mike Mizanin', 'Melissa Roxburgh', 'Josh Blacker']",1950000,0,-1950000,-100.0,5.8,49,3.696123,90.0,en
26388,Buried,2010-09-24,2010.0,"['Drama', 'Thriller', 'Mystery']",Rodrigo Cortés,"['Ryan Reynolds', 'José Luis García Pérez', 'Robert Paterson']",1987650,19152480,17164830,863.5740698815184,6.6,827,32.841229,94.0,en
49020,Submarine,2011-03-18,2011.0,"['Drama', 'Comedy', 'Romance']",Richard Ayoade,"['Craig Roberts', 'Sally Hawkins', 'Paddy Considine']",0,864659,864659,inf,7.4,443,8.518866,97.0,en
159037,The Square,2013-06-07,2013.0,"['Documentary', 'Drama', 'History']",Jehane Noujaim,"['Khalid Abdalla', 'Dina Abdullah', 'Dina Amer']",0,0,0,,7.8,55,4.892203,88.0,ar
12838,One to Another,2006-07-21,2006.0,['Drama'],Jean-Marc Barr,"['Lizzie Brocheré', 'Arthur Dupont', 'Guillaume Baché']",0,0,0,,5.8,12,4.665026,95.0,fr
157293,ABCD (Any Body Can Dance),2013-02-07,2013.0,"['Drama', 'Music']",Remo D'Souza,"['Prabhu Deva', 'Ganesh Acharya', 'Kay Kay Menon']",0,222000,222000,inf,5.6,10,1.294967,160.0,hi
14048,Man on Wire,2008-07-25,2008.0,"['Thriller', 'Documentary', 'Crime', 'History']",James Marsh,"['Philippe Petit', 'Jean François Heckel', 'Jean-Louis Blondeau']",0,2957978,2957978,inf,7.5,275,14.331992,94.0,en
356987,Abandoned,2015-08-30,2015.0,"['Drama', 'Thriller']",John Laing,"['Dominic Purcell', 'Peter Feeney', 'Owen Black']",0,0,0,,5.8,27,3.068463,82.0,en
295886,Brotherly Love,2015-04-24,2015.0,['Drama'],Jamal Hill,"['Keke Palmer', 'Cory Hardrict', 'Eric D. Hill Jr.']",1900000,0,-1900000,-100.0,6.9,21,1.367751,89.0,en
38358,The Last Exorcism,2010-08-27,2010.0,"['Horror', 'Drama', 'Thriller']",Daniel Stamm,"['Ashley Bell', 'Patrick Fabian', 'Iris Bahr']",1800000,67738090,65938090,3663.227222222222,5.6,328,14.838986,87.0,en
33511,Nowhere Boy,2009-12-25,2009.0,['Drama'],Sam Taylor-Johnson,"['Aaron Taylor-Johnson', 'Anne-Marie Duff', 'Kristin Scott Thomas']",0,0,0,,7.2,244,1.950959,98.0,en
702,A Streetcar Named Desire,1951-09-18,1951.0,['Drama'],Elia Kazan,"['Vivien Leigh', 'Marlon Brando', 'Kim Hunter']",1800000,8000000,6200000,344.44444444444446,7.6,281,14.884756,125.0,en
935,Dr. Strangelove or: How I Learned to Stop Worrying and Love the Bomb,1964-01-29,1964.0,"['Drama', 'Comedy', 'War']",Stanley Kubrick,"['Peter Sellers', 'George C. Scott', 'Sterling Hayden']",1800000,9440272,7640272,424.45955555555554,8.0,1442,41.996783,95.0,en
542,The Crime of Padre Amaro,2002-10-01,2002.0,"['Drama', 'Romance']",Carlos Carrera,"['Gael García Bernal', 'Ana Claudia Talancón', 'Sancho Gracia']",1800000,0,-1800000,-100.0,6.2,36,2.179428,118.0,es
84175,Beasts of the Southern Wild,2012-06-29,2012.0,"['Drama', 'Fantasy']",Benh Zeitlin,"['Quvenzhané Wallis', 'Dwight Henry', 'Levy Easterly']",1800000,21107746,19307746,1072.6525555555556,6.8,403,12.471239,93.0,en
1705,Battle for the Planet of the Apes,1973-06-15,1973.0,"['Action', 'Science Fiction']",J. Lee Thompson,"['Roddy McDowall', 'Natalie Trundy', 'Austin Stoker']",1700000,8844595,7144595,420.27029411764704,5.5,215,13.315383,93.0,en
62677,Songcatcher,2001-03-01,2001.0,"['Drama', 'Music']",Maggie Greenwald,"['Janet McTeer', 'Michael Davis', 'Michael Goodwin']",0,0,0,,5.6,9,3.363321,109.0,en
50875,Higher Ground,2011-08-26,2011.0,"['Drama', 'Thriller']",Vera Farmiga,"['Vera Farmiga', 'Donna Murphy', 'Dagmara Domińczyk']",2000000,841733,-1158267,-57.913349999999994,5.3,14,1.699101,109.0,en
260778,Vaalu,2015-08-14,2015.0,"['Comedy', 'Romance']",Vijay Chandar,"['Silambarasan', 'Hansika Motwani', 'Santhanam']",0,0,0,,6.7,5,0.320387,155.0,ta
58492,The Greatest Movie Ever Sold,2011-04-22,2011.0,"['Comedy', 'Documentary']",Morgan Spurlock,"['Morgan Spurlock', 'Peter Berg', 'Paul Brennan']",0,621951,621951,inf,6.4,88,0.692497,87.0,en
44562,Ed and His Dead Mother,1993-06-04,1993.0,['Comedy'],Jonathan Wacks,"['Eric Christmas', 'Harper Roisman', 'Steve Buscemi']",0,0,0,,5.5,12,0.023436,93.0,en
37232,Travellers and Magicians,2003-09-09,2003.0,"['Adventure', 'Drama', 'Foreign']",Khyentse Norbu,"['Tshewang Dendup', 'Sonam Lhamo', 'Lhakpa Dorji']",0,0,0,,6.8,9,0.749699,108.0,en
4929,Hang 'em High,1968-07-31,1968.0,['Western'],Ted Post,"['Clint Eastwood', 'Inger Stevens', 'Ed Begley']",1800000,6800000,5000000,277.77777777777777,6.7,192,11.756943,114.0,en
36334,Deadline - U.S.A.,1952-03-14,1952.0,"['Crime', 'Drama']",Richard Brooks,"['Humphrey Bogart', 'Ethel Barrymore', 'Kim Hunter']",0,0,0,,6.9,17,0.225627,87.0,en
9783,Sublime,2007-06-15,2007.0,"['Horror', 'Thriller']",Tony Krantz,"['Tom Cavanagh', 'Jeffrey Anderson-Gunter', 'Cas Anvar']",0,0,0,,5.3,33,6.833164,113.0,en
386826,A Beginner's Guide to Snuff,2016-03-04,2016.0,"['Thriller', 'Comedy', 'Horror']",Mitchell Altieri,"['Joey Kern', 'Luke Edwards', 'Bree Williamson']",0,0,0,,0.0,0,0.060127,87.0,en
205126,Independence Daysaster,2013-06-27,2013.0,"['Action', 'Science Fiction']",W.D. Hogan,"['Casey Dubois', 'Iain Belcher', 'Andrea Brooks']",1800000,0,-1800000,-100.0,4.2,22,1.959405,86.0,en
98557,Dysfunctional Friends,2012-02-03,2012.0,"['Comedy', 'Romance']",Corey Grant,"['Stacey Dash', 'Reagan Gomez-Preston', 'Wesley Jonathan']",1800000,0,-1800000,-100.0,5.0,4,0.21544,101.0,en
104,Run Lola Run,1998-08-20,1998.0,"['Action', 'Drama', 'Thriller']",Tom Tykwer,"['Franka Potente', 'Moritz Bleibtreu', 'Herbert Knaup']",1530000,7267585,5737585,375.00555555555553,7.2,664,27.36562,81.0,de
10894,May,2002-01-13,2002.0,"['Drama', 'Horror', 'Thriller', 'Romance']",Lucky McKee,"['Angela Bettis', 'Jeremy Sisto', 'Anna Faris']",500000,150277,-349723,-69.94460000000001,6.3,152,8.650779,93.0,en
246449,Against the Wild,2013-12-29,2013.0,"['Adventure', 'Family']",Richard Boddington,"['Natasha Henstridge', 'CJ Adams', 'Erin Pitt']",1493619,0,-1493619,-100.0,4.9,19,2.492747,90.0,en
32579,Under the Same Moon,2008-03-20,2008.0,['Drama'],Patricia Riggen,"['Kate del Castillo', 'Adrián Alonso Barona', 'Eugenio Derbez']",0,23311391,23311391,inf,7.0,28,2.756435,106.0,es
1688,Conquest of the Planet of the Apes,1972-06-29,1972.0,"['Action', 'Science Fiction']",J. Lee Thompson,"['Roddy McDowall', 'Don Murray', 'Ricardo Montalban']",1700000,9700000,8000000,470.5882352941177,6.1,236,18.828683,88.0,en
1999,In the Bedroom,2001-11-23,2001.0,"['Drama', 'Thriller']",Todd Field,"['Tom Wilkinson', 'Sissy Spacek', 'Nick Stahl']",1700000,0,-1700000,-100.0,6.4,89,6.979638,130.0,en
43947,I Spit on Your Grave,2010-06-17,2010.0,"['Thriller', 'Crime', 'Horror']",Steven R. Monroe,"['Sarah Butler', 'Daniel Franzese', 'Chad Lindberg']",2000000,572809,-1427191,-71.35955,6.3,519,26.281839,108.0,en
24066,"Happy, Texas",1999-12-03,1999.0,"['Comedy', 'Crime']",Mark Illsley,"['Steve Zahn', 'William H. Macy', 'Jeremy Northam']",1700000,1943649,243649,14.33229411764706,5.5,39,2.079125,98.0,en
9709,My Summer of Love,2004-08-20,2004.0,"['Drama', 'Thriller', 'Romance']",Paweł Pawlikowski,"['Natalie Press', 'Emily Blunt', 'Paddy Considine']",0,0,0,,6.0,59,3.939753,86.0,en
191714,The Lunchbox,2013-09-19,2013.0,"['Drama', 'Romance']",Ritesh Batra,"['Irrfan Khan', 'Nimrat Kaur', 'Nawazuddin Siddiqui']",1000000,4235151,3235151,323.5151,7.3,221,14.017809,104.0,hi
25312,Yes,2005-08-05,2005.0,"['Drama', 'Romance']",Sally Potter,"['Joan Allen', 'Simon Abkarian', 'Sam Neill']",0,0,0,,5.9,7,3.677831,100.0,en
34106,You Can't Take It With You,1938-08-23,1938.0,"['Comedy', 'Romance']",Frank Capra,"['Jean Arthur', 'Lionel Barrymore', 'James Stewart']",1644736,7433101,5788365,351.93277218957934,7.2,79,3.426314,126.0,en
11426,From Here to Eternity,1953-08-04,1953.0,"['War', 'Drama', 'Romance']",Fred Zinnemann,"['Burt Lancaster', 'Montgomery Clift', 'Deborah Kerr']",1650000,30500000,28850000,1748.4848484848485,7.2,133,6.915201,118.0,en
13909,She Wore a Yellow Ribbon,1949-10-22,1949.0,['Western'],John Ford,"['John Wayne', 'Joanne Dru', 'John Agar']",1600000,5400000,3800000,237.5,7.1,61,8.535178,103.0,en
206284,Grace Unplugged,2013-10-04,2013.0,"['Drama', 'Music']",Brad J. Silverman,"['AJ Michalka', 'James Denton', 'Kevin Pollak']",0,0,0,,6.0,24,2.160586,102.0,en
27455,Foolish,1999-04-09,1999.0,"['Comedy', 'Drama']",Dave Meyers,"['Eddie Griffin', 'Master P', 'Amie Petersen']",0,6033999,6033999,inf,6.3,3,0.796009,84.0,en
66468,N-Secure,2010-10-15,2010.0,"['Drama', 'Crime', 'Thriller']",David M. Matthews,"['Cordell Moore', 'Essence Atkins', 'Denise Boutte']",0,2592808,2592808,inf,4.3,4,0.13456,0.0,en
7973,Caramel,2007-07-01,2007.0,"['Drama', 'Comedy', 'Romance']",Nadine Labaki,"['Nadine Labaki', 'Yasmine Al Massri', 'Joanna Moukarzel']",0,0,0,,6.8,52,4.554574,96.0,ar
283686,Out of the Dark,2014-08-27,2014.0,"['Thriller', 'Horror']",Lluís Quílez,"['Julia Stiles', 'Scott Speedman', 'Stephen Rea']",0,0,0,,4.6,55,3.215465,92.0,en
15976,The Bubble,2006-06-06,2006.0,"['Drama', 'Romance']",Eytan Fox,"['Ohad Knoller', 'Yousef Sweid', 'Daniella Wircer']",0,0,0,,7.6,20,1.49436,114.0,he
592,The Conversation,1974-04-07,1974.0,"['Crime', 'Drama', 'Mystery']",Francis Ford Coppola,"['Gene Hackman', 'John Cazale', 'Frederic Forrest']",1600000,4420000,2820000,176.25,7.5,372,20.810292,113.0,en
74084,Dil Jo Bhi Kahey...,2006-12-07,2006.0,['Romance'],Romesh Sharma,"['Amitabh Bachchan', 'Revathi', 'Karan Sharma']",0,0,0,,0.0,0,0.122704,0.0,hi
1651,Mississippi Mermaid,1969-06-18,1969.0,"['Crime', 'Drama', 'Romance']",François Truffaut,"['Jean-Paul Belmondo', 'Catherine Deneuve', 'Michel Bouquet']",0,0,0,,6.7,32,3.654018,123.0,fr
25428,I Love Your Work,2003-10-05,2003.0,"['Drama', 'Mystery']",Adam Goldberg,"['Marisa Coughlan', 'Judy Greer', 'Shalom Harlow']",0,0,0,,6.5,2,3.313339,111.0,en
298584,Cabin Fever,2016-02-12,2016.0,['Horror'],Travis Zariwny,"['Matthew Daddario', 'Samuel Davis', 'Dustin Ingram']",0,0,0,,4.4,111,5.379319,99.0,en
10758,Waitress,2007-05-25,2007.0,['Comedy'],Adrienne Shelly,"['Keri Russell', 'Nathan Fillion', 'Andy Griffith']",2000000,22179430,20179430,1008.9715,6.7,129,9.67299,108.0,en
11690,Bloodsport,1988-02-26,1988.0,['Action'],Newt Arnold,"['Jean-Claude Van Damme', 'Bolo Yeung', 'Roy Chiao']",1500000,11806119,10306119,687.0745999999999,6.6,363,17.49699,92.0,en
3083,Mr. Smith Goes to Washington,1939-10-19,1939.0,"['Comedy', 'Drama']",Frank Capra,"['James Stewart', 'Jean Arthur', 'Claude Rains']",1500000,9600000,8100000,540.0,7.9,241,12.2624,129.0,en
9344,Kids,1995-07-28,1995.0,"['Drama', 'Crime']",Larry Clark,"['Leo Fitzpatrick', 'Rosario Dawson', 'Chloë Sevigny']",1500000,7412216,5912216,394.14773333333335,6.8,279,13.291991,91.0,en
10707,The Squid and the Whale,2005-10-05,2005.0,"['Comedy', 'Drama']",Noah Baumbach,"['Jeff Daniels', 'Laura Linney', 'Jesse Eisenberg']",1500000,11098131,9598131,639.8754,6.9,226,13.788054,81.0,en
15647,Kissing Jessica Stein,2001-04-21,2001.0,['Comedy'],Charles Herman-Wurmfeld,"['Jennifer Westfeldt', 'Tovah Feldshuh', 'Esther Wurmfeld']",1000000,10013424,9013424,901.3424,5.9,48,3.990215,97.0,en
308529,Kickboxer: Vengeance,2016-07-14,2016.0,"['Action', 'Drama']",John Stockwell,"['Alain Moussi', 'Dave Bautista', 'Sara Malakul Lane']",17000000,0,-17000000,-100.0,4.5,99,6.526588,90.0,en
4174,Spellbound,1945-12-28,1945.0,"['Drama', 'Mystery', 'Thriller']",Alfred Hitchcock,"['Ingrid Bergman', 'Gregory Peck', 'Michael Chekhov']",1500000,7000000,5500000,366.66666666666663,7.3,160,11.145915,111.0,en
20156,Exotica,1994-09-24,1994.0,"['Drama', 'Mystery']",Atom Egoyan,"['Bruce Greenwood', 'Mia Kirshner', 'Elias Koteas']",0,0,0,,6.5,64,5.446832,103.0,en
9464,Buffalo '66,1998-01-20,1998.0,"['Romance', 'Comedy', 'Crime', 'Drama']",Vincent Gallo,"['Vincent Gallo', 'Christina Ricci', 'Ben Gazzara']",1500000,2375097,875097,58.3398,7.1,166,10.009994,110.0,en
49018,Insidious,2010-09-13,2010.0,"['Horror', 'Thriller']",James Wan,"['Patrick Wilson', 'Rose Byrne', 'Ty Simpkins']",1500000,97009150,95509150,6367.276666666667,6.8,1737,58.594852,103.0,en
13820,Repo Man,1984-02-20,1984.0,"['Comedy', 'Crime', 'Science Fiction', 'Thriller']",Alex Cox,"['Harry Dean Stanton', 'Emilio Estevez', 'Tracey Walter']",1500000,2300000,800000,53.333333333333336,6.7,144,11.35344,92.0,en
18079,Nine Queens,2000-08-31,2000.0,"['Crime', 'Drama', 'Thriller']",Fabián Bielinsky,"['Ricardo Darín', 'Gastón Pauls', 'Leticia Brédice']",1500000,0,-1500000,-100.0,7.4,153,8.589355,114.0,es
127918,The Gatekeepers,2012-07-09,2012.0,['Documentary'],Dror Moreh,"['Ami Ayalon', 'Avraham Shalom', 'Yaakov Peri']",0,0,0,,6.5,39,2.828303,101.0,en
17113,The Ballad of Jack and Rose,2005-03-25,2005.0,['Drama'],Rebecca Miller,"['Daniel Day-Lewis', 'Camilla Belle', 'Catherine Keener']",1500000,712294,-787706,-52.513733333333334,6.5,43,3.618646,111.0,en
129139,The To Do List,2013-07-24,2013.0,"['Comedy', 'Romance']",Maggie Carey,"['Aubrey Plaza', 'Johnny Simmons', 'Bill Hader']",1500000,3566225,2066225,137.74833333333333,5.5,342,15.017068,104.0,en
507,Killing Zoe,1993-10-01,1993.0,"['Action', 'Crime', 'Drama', 'Thriller']",Roger Avary,"['Eric Stoltz', 'Julie Delpy', 'Jean-Hugues Anglade']",1500000,418961,-1081039,-72.06926666666666,6.1,111,5.817519,96.0,en
4012,The Believer,2001-01-19,2001.0,['Drama'],Henry Bean,"['Ryan Gosling', 'Summer Phoenix', 'Theresa Russell']",1500000,416925,-1083075,-72.205,6.8,151,9.856826,98.0,en
14054,Snow Angels,2008-03-07,2008.0,"['Drama', 'Romance']",David Gordon Green,"['Kate Beckinsale', 'Sam Rockwell', 'Michael Angarano']",0,414404,414404,inf,6.5,48,4.262374,106.0,en
323271,Unsullied,2015-08-28,2015.0,"['Thriller', 'Action', 'Horror']",Simeon Rice,"['Rusty Joiner', 'Murray Gray', 'James Gaudioso']",0,0,0,,3.0,1,0.06124,93.0,en
10972,Session 9,2001-08-10,2001.0,"['Horror', 'Mystery']",Brad Anderson,"['Peter Mullan', 'David Caruso', 'Stephen Gevedon']",1500000,373967,-1126033,-75.06886666666666,6.2,251,11.064228,100.0,en
13066,I Want Someone to Eat Cheese With,2006-01-01,2006.0,"['Comedy', 'Romance']",Jeff Garlin,"['Jeff Garlin', 'Sarah Silverman', 'Bonnie Hunt']",0,0,0,,5.7,12,1.742383,80.0,en
66025,Mooz-lum,2011-02-11,2011.0,['Drama'],Qasim Basir,"['Nia Long', 'Danny Glover', 'Evan Ross']",0,330048,330048,inf,4.5,3,0.414754,95.0,en
11908,Hatchet,2006-04-27,2006.0,"['Comedy', 'Horror']",Adam Green,"['Joel David Moore', 'Tamara Feldman', 'Deon Richmond']",0,0,0,,5.7,159,12.677016,83.0,en
3082,Modern Times,1936-02-05,1936.0,"['Drama', 'Comedy']",Charlie Chaplin,"['Charlie Chaplin', 'Paulette Goddard', 'Henry Bergman']",1,8500000,8499999,849999900.0,8.1,856,28.27648,87.0,en
39541,Stolen Summer,2002-03-22,2002.0,"['Drama', 'Family', 'Comedy']",Pete Jones,"['Aidan Quinn', 'Bonnie Hunt', 'Kevin Pollak']",0,0,0,,6.4,9,0.87066,91.0,en
1961,My Name Is Bruce,2007-10-01,2007.0,"['Comedy', 'Horror']",Bruce Campbell,"['Bruce Campbell', 'Grace Thorsen', 'Ted Raimi']",1500000,173066,-1326934,-88.46226666666666,5.9,107,7.5591,86.0,en
51820,The Salon,2005-01-13,2005.0,['Comedy'],Mark Brown,"['Dondre Whitfield', 'Kym Whitley', 'Monica Calhoun']",1500000,0,-1500000,-100.0,3.5,1,2.02817,0.0,en
291362,Road Hard,2015-03-06,2015.0,['Comedy'],Adam Carolla,"['Adam Carolla', 'Diane Farr', 'Larry Miller']",1500000,0,-1500000,-100.0,6.6,8,0.859014,97.0,en
30082,Forty Shades of Blue,2005-12-07,2005.0,"['Drama', 'Romance']",Ira Sachs,"['Dina Korzun', 'Rip Torn', 'Darren E. Burrows']",1500000,0,-1500000,-100.0,6.0,2,0.071377,108.0,en
72913,Amigo,2010-07-14,2010.0,"['Drama', 'History', 'War']",John Sayles,"['Chris Cooper', 'DJ Qualls', 'Garret Dillahunt']",1200000,0,-1200000,-100.0,6.0,2,0.193172,128.0,en
23963,Pontypool,2009-03-06,2009.0,"['Horror', 'Mystery', 'Science Fiction']",Bruce McDonald,"['Stephen McHattie', 'Lisa Houle', 'Georgina Reilly']",1500000,32000,-1468000,-97.86666666666667,6.6,183,4.680206,93.0,en
29406,Trucker,2008-04-24,2008.0,['Drama'],James Mottern,"['Michelle Monaghan', 'Nathan Fillion', 'Joey Lauren Adams']",2000000,0,-2000000,-100.0,6.8,16,1.20173,90.0,en
361505,Me You and Five Bucks,2015-07-07,2015.0,"['Romance', 'Comedy', 'Drama']",,[],1,0,-1,-100.0,10.0,2,0.094105,90.0,en
104755,The Lords of Salem,2012-09-10,2012.0,"['Horror', 'Thriller']",Rob Zombie,"['Sheri Moon Zombie', 'Bruce Davison', 'Jeff Daniel Phillips']",1500000,1165882,-334118,-22.27453333333333,5.1,242,14.504326,101.0,en
253306,Housebound,2014-09-04,2014.0,"['Horror', 'Comedy', 'Thriller']",Gerard Johnstone,"[""Morgana O'Reilly"", 'Rima Te Wiata', 'Glen-Paul Waru']",0,0,0,,6.5,358,10.322858,109.0,en
29595,Wal-Mart: The High Cost of Low Price,2005-11-04,2005.0,['Documentary'],Robert Greenwald,"['Lee Scott', 'Don Hunter', 'Jon Hunter']",0,0,0,,6.9,24,1.404175,98.0,en
46729,Fetching Cody,2005-10-01,2005.0,"['Comedy', 'Drama', 'Fantasy', 'Romance', 'Science Fiction']",David Ray,"['Jay Baruchel', 'Sarah Lind', 'Jim Byrnes']",1,0,-1,-100.0,6.8,6,0.077876,87.0,en
294600,Last I Heard,2013-01-01,2013.0,"['Drama', 'Comedy']",David Rodriguez,"['Paul Sorvino', 'Chazz Palminteri', 'Michael Rapaport']",0,0,0,,6.0,1,0.35819,98.0,en
137347,Closer to the Moon,2013-11-29,2013.0,"['Comedy', 'Drama']",Nae Caranfil,"['Vera Farmiga', 'Mark Strong', 'Harry Lloyd']",9000000,0,-9000000,-100.0,6.4,13,9.159265,112.0,en
290370,Mutant World,2014-09-27,2014.0,['Science Fiction'],David Winning,"['Kim Coates', 'Holly Deveaux', 'Ashanti']",0,1500000,1500000,inf,2.6,9,1.893697,85.0,en
426469,Growing Up Smith,2017-02-03,2017.0,"['Comedy', 'Family', 'Drama']",Frank Lotito,"['Roni Akurati', 'Brighton Sharbino', 'Jason Lee']",0,0,0,,7.4,7,0.71087,102.0,en
356841,Checkmate,2015-07-03,2015.0,"['Thriller', 'Action', 'Crime']",Timothy Woodward Jr.,"['Danny Glover', 'Sean Astin', 'Vinnie Jones']",0,0,0,,4.2,13,1.105357,102.0,en
301325,#Horror,2015-11-20,2015.0,"['Drama', 'Mystery', 'Horror', 'Thriller']",Tara Subkoff,"['Taryn Manning', 'Natasha Lyonne', 'Chloë Sevigny']",1500000,0,-1500000,-100.0,3.3,52,2.815228,90.0,de
347755,Wind Walkers,2016-01-28,2016.0,"['Action', 'Horror', 'Thriller']",Russell Friedenberg,"['Zane Holtz', 'Glen Powell', 'Kiowa Gordon']",0,0,0,,7.5,6,0.446858,93.0,en
408,Snow White and the Seven Dwarfs,1937-12-20,1937.0,"['Fantasy', 'Animation', 'Family']",David Hand,"['Adriana Caselotti', 'Lucille La Verne', 'Harry Stockwell']",1488423,184925486,183437063,12324.256142239135,6.9,1914,80.171283,83.0,en
44413,The Holy Girl,2004-05-06,2004.0,"['Drama', 'Foreign']",Lucrecia Martel,"['María Alché', 'Mercedes Morán', 'Carlos Belloso']",1400000,0,-1400000,-100.0,6.8,10,0.684881,106.0,es
39209,Shalako,1968-11-06,1968.0,['Western'],Edward Dmytryk,"['Sean Connery', 'Brigitte Bardot', 'Jack Hawkins']",1455000,2620000,1165000,80.06872852233677,5.4,12,3.598457,113.0,en
48463,Incident at Loch Ness,2004-12-17,2004.0,"['Adventure', 'Comedy', 'Horror']",Zak Penn,"['Werner Herzog', 'Kitana Baker', 'Gabriel Beistain']",1,0,-1,-100.0,5.9,18,1.452152,94.0,en
394047,The Dog Lover,2016-07-08,2016.0,['Drama'],Alex Ranarivelo,"['Allison Paige', 'James Remar', 'Lea Thompson']",2000000,0,-2000000,-100.0,5.3,6,1.193219,101.0,en
312791,GirlHouse,2014-10-16,2014.0,"['Horror', 'Thriller']",Jon Knautz,"['Ali Cobrin', 'Erin Agostino', 'James Thomas']",3150000,0,-3150000,-100.0,5.2,97,8.039223,100.0,en
266034,The Blue Room,2014-05-16,2014.0,"['Drama', 'Crime', 'Thriller']",Mathieu Amalric,"['Mathieu Amalric', 'Léa Drucker', 'Stéphanie Cléau']",0,0,0,,6.2,32,2.486992,75.0,fr
280381,House at the End of the Drive,2014-01-11,2014.0,"['Thriller', 'Horror']",David Worth,"['James Oliver', 'Jonathan Mangum', 'Alison Raimondi']",0,0,0,,0.0,0,0.43049,91.0,en
2661,Batman,1966-07-30,1966.0,"['Family', 'Adventure', 'Comedy', 'Science Fiction', 'Crime']",Leslie H. Martinson,"['Adam West', 'Burt Ward', 'Lee Meriwether']",1377800,0,-1377800,-100.0,6.1,203,9.815394,105.0,en
100,"Lock, Stock and Two Smoking Barrels",1998-03-05,1998.0,"['Comedy', 'Crime']",Guy Ritchie,"['Jason Flemyng', 'Dexter Fletcher', 'Nick Moran']",1350000,3897569,2547569,188.70881481481482,7.5,1648,16.032594,105.0,en
218500,The Ballad of Gregorio Cortez,1983-08-19,1983.0,['Western'],Robert M. Young,"['Edward James Olmos', 'James Gammon', 'Tom Bower']",0,0,0,,0.0,0,0.592821,104.0,en
309,The Celebration,1998-05-20,1998.0,['Drama'],Thomas Vinterberg,"['Ulrich Thomsen', 'Henning Moritzen', 'Thomas Bo Larsen']",1300000,0,-1300000,-100.0,7.7,207,10.240917,105.0,da
27845,Trees Lounge,1996-10-11,1996.0,"['Comedy', 'Drama']",Steve Buscemi,"['Steve Buscemi', 'Chloë Sevigny', 'Carol Kane']",0,0,0,,6.7,51,3.443916,95.0,en
25784,Journey from the Fall,2006-02-22,2006.0,['Drama'],Ham Tran,"['Kiều Chinh', 'Long Nguyen', 'Diem Lien']",1300000,639000,-661000,-50.84615384615384,5.0,1,0.072066,135.0,vi
52790,The Basket,2000-05-05,2000.0,['Drama'],Rich Cowan,"['Peter Coyote', 'Karen Allen', 'Robert Burke']",0,619042,619042,inf,6.5,6,0.430758,105.0,en
100275,Eddie: The Sleepwalking Cannibal,2012-04-22,2012.0,"['Horror', 'Comedy']",Boris Rodriguez,"['Thure Lindhardt', 'Dylan Smith', 'Georgina Reilly']",0,1632,1632,inf,6.1,30,0.143784,79.0,en
295914,Queen of the Mountains,2014-08-22,2014.0,"['Drama', 'Action']",Sadyk Sher-Niyaz,"['Elina Abai Kyzy', 'Aziz Muradillayev', 'Nasira Mambetov']",0,0,0,,0.0,0,0.077873,135.0,ky
42033,Def-Con 4,1985-03-15,1985.0,['Science Fiction'],Paul Donovan,"['Lenore Zann', 'Maury Chaykin', 'Kate Lynch']",0,0,0,,2.8,10,0.319792,88.0,en
19187,The Hebrew Hammer,2003-01-01,2003.0,"['Action', 'Comedy']",Jonathan Kesselman,"['Adam Goldberg', 'Judy Greer', 'Andy Dick']",1000000,0,-1000000,-100.0,5.9,18,1.600797,85.0,en
46415,Neal 'n' Nikki,2005-12-09,2005.0,"['Comedy', 'Romance']",Arjun Sablok,"['Uday Chopra', 'Tanisha Mukherjee', 'Abhishek Bachchan']",0,0,0,,2.3,4,0.285131,122.0,en
38570,The 41–Year–Old Virgin Who Knocked Up Sarah Marshall and Felt Superbad About It,2010-06-08,2010.0,['Comedy'],Craig Moss,"['Bryan Callen', 'Noureen DeWulf', 'Mircea Monroe']",0,0,0,,3.2,34,5.628399,82.0,en
27588,Forget Me Not,2009-10-22,2009.0,"['Drama', 'Horror', 'Romance']",Tyler Oliver,"['Carly Schroeder', 'Cody Linley', 'Brie Gabrielle']",0,0,0,,5.0,66,5.065752,103.0,en
223,Rebecca,1940-04-12,1940.0,"['Drama', 'Mystery']",Alfred Hitchcock,"['Laurence Olivier', 'Joan Fontaine', 'George Sanders']",1288000,6000000,4712000,365.8385093167702,7.7,336,18.426825,130.0,en
9725,Friday the 13th Part 2,1981-05-01,1981.0,"['Horror', 'Thriller']",Steve Miner,"['Amy Steel', 'John Furey', 'Adrienne King']",1250000,21722776,20472776,1637.8220800000001,6.0,315,16.517777,87.0,en
28580,The Lost Weekend,1945-11-25,1945.0,['Drama'],Billy Wilder,"['Ray Milland', 'Jane Wyman', 'Phillip Terry']",1250000,11000000,9750000,780.0,7.4,112,6.903314,101.0,en
23730,C.H.U.D.,1984-08-31,1984.0,"['Horror', 'Science Fiction']",Douglas Cheek,"['John Heard', 'Daniel Stern', 'Christopher Curry']",1250000,3412497,2162497,172.99975999999998,5.3,62,4.45544,88.0,en
84197,Filly Brown,2013-04-19,2013.0,['Drama'],Michael D. Olmos,"['Resmine Atis', 'Baby Bash', 'David Bianchi']",0,0,0,,5.9,10,0.106949,100.0,en
46256,The Lion of Judah,2011-06-03,2011.0,"['Adventure', 'Animation', 'Comedy', 'Family']",Deryck Broom,"['Georgina Cordova', 'Ernest Borgnine', 'Michael Madsen']",15000000,0,-15000000,-100.0,5.8,2,0.165909,87.0,en
19997,Niagara,1953-01-21,1953.0,"['Crime', 'Drama', 'Thriller']",Henry Hathaway,"['Marilyn Monroe', 'Joseph Cotten', 'Jean Peters']",1250000,8500000,7250000,580.0,6.7,79,9.903992,92.0,en
43266,How Green Was My Valley,1941-10-28,1941.0,['Drama'],John Ford,"['Walter Pidgeon', ""Maureen O'Hara"", 'Roddy McDowall']",1250000,6000000,4750000,380.0,6.8,72,7.70019,118.0,en
278316,Da Sweet Blood of Jesus,2014-06-22,2014.0,"['Thriller', 'Comedy', 'Romance']",Spike Lee,"['Felicia Pearson', 'Zaraah Abrahams', 'Elvis Nolasco']",0,0,0,,4.1,13,4.480579,123.0,en
1412,"Sex, Lies, and Videotape",1989-08-18,1989.0,['Drama'],Steven Soderbergh,"['Andie MacDowell', 'Peter Gallagher', 'James Spader']",1200000,0,-1200000,-100.0,6.7,185,10.869492,100.0,en
176,Saw,2004-10-01,2004.0,"['Horror', 'Mystery', 'Crime']",James Wan,"['Cary Elwes', 'Danny Glover', 'Monica Potter']",1200000,103911669,102711669,8559.30575,7.2,2184,63.655973,103.0,en
39939,Super Troopers,2001-01-18,2001.0,"['Comedy', 'Crime', 'Mystery']",Jay Chandrasekhar,"['Jay Chandrasekhar', 'Steve Lemme', 'Kevin Heffernan']",3000000,18492362,15492362,516.4120666666666,6.6,362,16.312803,100.0,en
357834,The Algerian,2015-08-07,2015.0,[],Giovanni Zelko,"['Ben Youcef', 'Candice Coke', 'Harry Lennix']",1,0,-1,-100.0,0.0,0,0.025364,99.0,en
215924,The Amazing Catfish,2013-08-10,2013.0,"['Comedy', 'Drama']",Claudia Sainte-Luce,"['Lisa Owen', 'Ximena Ayala', 'Sonia Franco']",1300000,0,-1300000,-100.0,5.7,17,1.473405,87.0,es
480,Monsoon Wedding,2001-08-30,2001.0,"['Comedy', 'Drama', 'Romance']",Mira Nair,"['Naseeruddin Shah', 'Lillete Dubey', 'Vijay Raaz']",0,0,0,,6.8,57,8.109958,114.0,hi
14295,You Can Count on Me,2000-11-17,2000.0,"['Drama', 'Romance']",Kenneth Lonergan,"['Laura Linney', 'Mark Ruffalo', 'Matthew Broderick']",0,0,0,,6.8,88,7.142448,111.0,en
11219,The Trouble with Harry,1955-10-03,1955.0,"['Comedy', 'Mystery', 'Thriller']",Alfred Hitchcock,"['Edmund Gwenn', 'John Forsythe', 'Shirley MacLaine']",1200000,7000000,5800000,483.3333333333333,6.9,149,6.920873,99.0,en
20770,But I'm a Cheerleader,1999-09-12,1999.0,['Comedy'],Jamie Babbit,"['Natasha Lyonne', 'Brandt Wille', 'Bud Cort']",0,0,0,,6.5,101,4.826908,85.0,en
176124,Home Run,2013-04-19,2013.0,['Drama'],David Boyd,"['Scott Elrod', 'Dorian Brown', 'Charles Henry Wyson']",1200000,2861020,1661020,138.41833333333332,6.3,24,3.085411,114.0,en
500,Reservoir Dogs,1992-09-02,1992.0,"['Crime', 'Thriller']",Quentin Tarantino,"['Harvey Keitel', 'Tim Roth', 'Michael Madsen']",1200000,14661007,13461007,1121.7505833333335,8.0,3697,66.925866,99.0,en
60400,The Blue Bird,1940-01-19,1940.0,"['Drama', 'Family', 'Fantasy']",Walter Lang,"['Shirley Temple', 'Spring Byington', 'Nigel Bruce']",0,0,0,,6.4,8,1.280733,88.0,en
429,"The Good, the Bad and the Ugly",1966-12-23,1966.0,['Western'],Sergio Leone,"['Eli Wallach', 'Clint Eastwood', 'Lee Van Cleef']",1200000,6000000,4800000,400.0,8.1,2311,88.377076,161.0,it
310569,The Second Mother,2015-02-08,2015.0,['Drama'],Anna Muylaert,"['Regina Casé', 'Michel Joelsas', 'Camila Márdila']",0,0,0,,7.8,165,9.683622,110.0,pt
98369,Blue Like Jazz,2012-04-13,2012.0,"['Drama', 'Comedy']",Steve Taylor,"['Marshall Allman', 'Claire Holt', 'Tania Raymonde']",1250000,0,-1250000,-100.0,5.8,25,1.6116,106.0,en
114065,Down & Out With The Dolls,2003-03-20,2003.0,"['Comedy', 'Music']",,[],0,0,0,,0.0,0,0.002386,88.0,en
89750,"Pink Ribbons, Inc.",2011-09-11,2011.0,['Documentary'],Léa Pool,"['Samantha King', 'Barbara Brenner', 'Barbara Ehrenreich']",900000,25000,-875000,-97.22222222222221,6.8,6,0.097913,97.0,en
49951,Certifiably Jonathan,2007-03-01,2007.0,['Comedy'],James David Pasternak,"['Jonathan Winters', 'Robin Williams', 'Sarah Silverman']",1200000,0,-1200000,-100.0,0.0,0,0.047781,85.0,en
86331,Desire,2011-09-14,2011.0,"['Drama', 'Romance']",Laurent Bouhnik,"['Déborah Révy', 'Hélène Zimmer', 'Gowan Didi']",1344000,0,-1344000,-100.0,4.1,140,20.422246,103.0,fr
355629,The Blade of Don Juan,2013-10-27,2013.0,"['Drama', 'Comedy']",Tom Sanchez,"['Juan Carlos Montoya', 'Rodrigo Viaggio', 'Irma Maury']",0,0,0,,0.0,0,0.021678,98.0,en
16433,Grand Theft Parsons,2003-06-18,2003.0,"['Crime', 'Comedy', 'Drama', 'Adventure']",David Caffrey,"['Johnny Knoxville', 'Christina Applegate', 'Gabriel Macht']",0,0,0,,6.0,11,1.998557,88.0,en
15544,Extreme Movie,2008-12-05,2008.0,['Comedy'],Adam Jay Epstein,"['Patrick J. Adams', 'Ryan Pinkston', 'Denise Boutte']",0,0,0,,3.9,44,8.148187,88.0,en
43884,The Charge of the Light Brigade,1936-10-20,1936.0,"['Action', 'Adventure', 'Drama', 'War']",Michael Curtiz,"['Errol Flynn', 'Olivia de Havilland', 'Patric Knowles']",1200000,2736000,1536000,128.0,6.8,18,2.968235,115.0,en
107315,Below Zero,2011-10-22,2011.0,"['Thriller', 'Horror']",Justin Thomas Ostensen,"['Edward Furlong', 'Michael Berryman', 'Kristin Booth']",0,0,0,,4.4,12,1.36514,0.0,en
137955,Crowsnest,2012-01-01,2012.0,[],,[],1200000,0,-1200000,-100.0,4.8,12,0.057564,84.0,en
13064,Airborne,1993-09-17,1993.0,"['Action', 'Adventure', 'Comedy']",Rob Bowman,"['Shane McDermott', 'Seth Green', 'Brittney Powell']",2600000,2850263,250263,9.625499999999999,6.1,20,8.001156,91.0,en
59917,Cotton Comes to Harlem,1970-05-27,1970.0,"['Action', 'Adventure']",Ossie Davis,"['Godfrey Cambridge', 'Raymond St. Jacques', 'Calvin Lockhart']",1200000,0,-1200000,-100.0,6.7,13,1.079125,97.0,en
157422,The Wicked Within,2015-10-16,2015.0,['Horror'],Jay Alaimo,"['Sienna Guillory', 'Gianni Capaldi', 'Enzo Cilenti']",0,0,0,,4.2,26,1.906151,91.0,en
310933,Bleeding Hearts,2013-06-01,2013.0,['Horror'],Dylan Bank,"['Robert Loggia', 'Charles Durning', 'Tony Todd']",0,0,0,,2.0,1,0.100533,0.0,en
7553,Waiting...,2005-10-07,2005.0,['Comedy'],Rob McKittrick,"['Ryan Reynolds', 'Anna Faris', 'Justin Long']",3000000,18637690,15637690,521.2563333333334,6.2,237,10.230583,94.0,en
12877,Dead Man's Shoes,2004-09-29,2004.0,"['Drama', 'Thriller', 'Crime']",Shane Meadows,"['Paddy Considine', 'Gary Stretch', 'Toby Kebbell']",0,0,0,,7.2,151,12.818441,90.0,en
39895,From a Whisper to a Scream,1987-09-25,1987.0,"['Comedy', 'Horror']",Jeff Burr,"['Vincent Price', 'Clu Gulager', 'Terry Kiser']",1100000,1400000,300000,27.27272727272727,6.8,15,1.220072,99.0,en
102840,Sex With Strangers,2002-02-22,2002.0,['Documentary'],,[],0,0,0,,5.0,1,0.014406,0.0,en
55616,Dracula: Pages from a Virgin's Diary,2002-02-28,2002.0,['Horror'],Guy Maddin,"['Wei-Qiang Zhang', 'Tara Birtwhistle', 'David Moroni']",1596010,0,-1596010,-100.0,6.9,8,0.552361,75.0,en
29697,Faith Like Potatoes,2006-10-27,2006.0,['Drama'],Regardt van den Bergh,"['Frank Rautenbach', 'Jeanne Neilson', 'Hamilton Dlamini']",0,0,0,,6.0,9,0.147886,97.0,en
50037,Beyond the Black Rainbow,2010-12-03,2010.0,"['Fantasy', 'Science Fiction', 'Horror']",Panos Cosmatos,"['Michael Rogers', 'Scott Hylands', 'Marilyn Norry']",1100000,0,-1100000,-100.0,5.7,77,7.717237,110.0,en
94329,The Raid,2011-09-08,2011.0,"['Action', 'Thriller', 'Crime']",Gareth Evans,"['Iko Uwais', 'Joe Taslim', 'Donny Alamsyah']",1100000,4105187,3005187,273.1988181818182,7.3,1055,40.285095,101.0,id
53502,The Dead Undead,2010-05-13,2010.0,"['Horror', 'Science Fiction', 'Action']",Matthew R. Anderson,"['Luke Goss', 'Joshua Alba', 'Matthew R. Anderson']",0,0,0,,3.1,6,0.249457,90.0,en
202604,The Vatican Exorcisms,2013-05-29,2013.0,"['Horror', 'Documentary', 'Mystery']",Joe Marino,['Joe Marino'],0,0,0,,4.4,11,0.447166,0.0,en
289,Casablanca,1942-11-26,1942.0,"['Drama', 'Romance']",Michael Curtiz,"['Humphrey Bogart', 'Ingrid Bergman', 'Paul Henreid']",878000,10462500,9584500,1091.6287015945331,7.9,1422,43.729123,102.0,en
27374,Lake Mungo,2008-06-17,2008.0,"['Horror', 'Thriller']",Joel Anderson,"['Talia Zucker', 'Rosie Traynor', 'David Pledger']",0,0,0,,6.1,90,4.653047,84.0,en
26815,Rocket Singh: Salesman of the Year,2009-12-11,2009.0,"['Drama', 'Comedy', 'Romance']",Shimit Amin,"['Ranbir Kapoor', 'Sumeet Darshan Dobhal', 'Gauhar Khan']",1250000,0,-1250000,-100.0,7.0,27,3.000435,156.0,hi
811,Silent Running,1972-03-09,1972.0,"['Adventure', 'Drama', 'Science Fiction']",Douglas Trumbull,"['Bruce Dern', 'Cliff Potts', 'Ron Rifkin']",1000000,0,-1000000,-100.0,6.3,177,11.095414,89.0,en
1366,Rocky,1976-11-21,1976.0,['Drama'],John G. Avildsen,"['Sylvester Stallone', 'Talia Shire', 'Burt Young']",1000000,117235147,116235147,11623.5147,7.5,1791,72.19808,119.0,en
244776,The Sleepwalker,2014-01-20,2014.0,['Drama'],Mona Lerche,"['Christopher Abbott', 'Brady Corbet', 'Stephanie Ellis']",0,0,0,,4.1,7,0.926084,92.0,en
5769,Tom Jones,1963-10-06,1963.0,"['Adventure', 'Comedy', 'History', 'Romance']",Tony Richardson,"['Albert Finney', 'Susannah York', 'Hugh Griffith']",1000000,37600000,36600000,3660.0,6.1,39,2.833166,128.0,en
277685,Unfriended,2015-04-17,2015.0,"['Horror', 'Thriller']",Levan Gabriadze,"['Shelley Hennig', 'Moses Jacob Storm', 'Renee Olstead']",1000000,62882090,61882090,6188.209,5.5,1047,41.972329,82.0,en
103,Taxi Driver,1976-02-07,1976.0,"['Crime', 'Drama']",Martin Scorsese,"['Robert De Niro', 'Cybill Shepherd', 'Harvey Keitel']",1300000,28262574,26962574,2074.0441538461537,8.0,2535,58.845025,114.0,en
11298,The Howling,1981-04-03,1981.0,"['Drama', 'Horror']",Joe Dante,"['Patrick Macnee', 'Dennis Dugan', 'Christopher Stone']",1000000,17985893,16985893,1698.5893,6.4,161,6.532855,91.0,en
646,Dr. No,1962-10-04,1962.0,"['Adventure', 'Action', 'Thriller']",Terence Young,"['Sean Connery', 'Ursula Andress', 'Joseph Wiseman']",950000,59600000,58650000,6173.684210526316,6.9,940,48.901542,110.0,en
93856,Chernobyl Diaries,2012-05-24,2012.0,"['Horror', 'Thriller']",Bradley Parker,"['Jesse McCartney', 'Jonathan Sadowski', 'Olivia Taylor Dudley']",0,18112929,18112929,inf,4.9,483,20.649145,88.0,en
9003,Hellraiser,1987-09-11,1987.0,['Horror'],Clive Barker,"['Andrew Robinson', 'Clare Higgins', 'Ashley Laurence']",1000000,14564027,13564027,1356.4026999999999,6.9,449,22.583834,94.0,en
347126,God's Not Dead 2,2016-04-01,2016.0,['Drama'],Harold Cronk,"['Hayley Orrantia', 'Melissa Joan Hart', 'Jesse Metcalfe']",5000000,23507567,18507567,370.15134,5.7,72,6.96858,121.0,en
10092,Cry_Wolf,2005-09-16,2005.0,"['Horror', 'Thriller']",Jeff Wadlow,"['Julian Morris', 'Lindy Booth', 'Jared Padalecki']",1000000,10047674,9047674,904.7674000000001,5.6,126,6.926926,90.0,en
10643,Godzilla 2000,1999-12-11,1999.0,"['Adventure', 'Horror', 'Action', 'Science Fiction']",Takao Okawara,"['Takehiro Murata', 'Naomi Nishida', 'Mayu Suzuki']",1000000,10037390,9037390,903.739,5.9,43,3.322721,107.0,ja
46705,Blue Valentine,2010-12-27,2010.0,"['Drama', 'Romance']",Derek Cianfrance,"['Ryan Gosling', 'Michelle Williams', 'Mike Vogel']",3500000,16566240,13066240,373.32114285714283,6.9,890,26.881611,112.0,en
546,Transamerica,2005-12-23,2005.0,['Drama'],Duncan Tucker,"['Felicity Huffman', 'Kevin Zegers', 'Elizabeth Peña']",1000000,13350369,12350369,1235.0369,6.9,144,9.773398,103.0,en
76487,The Devil Inside,2012-01-06,2012.0,"['Thriller', 'Horror']",William Brent Bell,"['Fernanda Andrade', 'Simon Quarterman', 'Evan Helmuth']",1000000,101758490,100758490,10075.849,4.6,262,13.152822,83.0,en
5722,Beyond the Valley of the Dolls,1970-07-17,1970.0,"['Comedy', 'Drama', 'Thriller']",Russ Meyer,"['Dolly Read', 'Cynthia Myers', 'Marcia McBroom']",2090000,40000000,37910000,1813.8755980861245,6.6,53,4.289003,109.0,en
39833,Love Me Tender,1956-11-15,1956.0,"['Drama', 'Action', 'Western', 'Music', 'Romance']",Robert D. Webb,"['Richard Egan', 'Debra Paget', 'Elvis Presley']",1000000,9000000,8000000,800.0,5.5,21,1.444258,89.0,en
1781,An Inconvenient Truth,2006-01-24,2006.0,['Documentary'],Davis Guggenheim,"['Al Gore', 'Billy West', 'Ronald Reagan']",1000000,46243000,45243000,4524.3,6.7,251,14.139004,100.0,en
18712,Sands of Iwo Jima,1949-12-14,1949.0,"['Action', 'Drama', 'History', 'War']",Allan Dwan,"['John Wayne', 'John Agar', 'Adele Mara']",1000000,7800000,6800000,680.0,6.2,33,3.851,100.0,en
7944,Shine a Light,2008-02-07,2008.0,"['Documentary', 'Music']",Martin Scorsese,"['Mick Jagger', 'Keith Richards', 'Charlie Watts']",0,0,0,,7.2,44,2.162522,122.0,en
171424,The Green Inferno,2014-09-04,2014.0,"['Action', 'Adventure', 'Horror', 'Thriller']",Eli Roth,"['Lorenza Izzo', 'Ariel Levy', 'Sky Ferreira']",5000000,6833445,1833445,36.6689,5.0,349,17.845161,100.0,en
361475,Departure,2016-05-20,2016.0,"['Drama', 'Romance', 'Family']",Andrew Steggall,"['Juliet Stevenson', 'Alex Lawther', 'Phénix Brossard']",0,0,0,,7.5,12,0.42583,109.0,en
113947,The Sessions,2012-05-02,2012.0,"['Drama', 'Romance', 'Comedy']",Ben Lewin,"['John Hawkes', 'Helen Hunt', 'William H. Macy']",1000000,9138338,8138338,813.8337999999999,6.6,179,9.115486,98.0,en
18570,"Food, Inc.",2008-09-07,2008.0,['Documentary'],Robert Kenner,"['Michael Pollan', 'Eric Schlosser', 'Richard Lobb']",0,0,0,,7.4,217,15.017162,94.0,en
83860,October Baby,2011-10-30,2011.0,['Drama'],Andrew Erwin,"['Rachel Hendrix ', 'Jason Burkey', 'Robert Amaya ']",0,5355847,5355847,inf,6.8,35,1.86221,107.0,en
41469,Next Stop Wonderland,1998-08-21,1998.0,"['Comedy', 'Drama', 'Romance']",Brad Anderson,"['Hope Davis', 'Philip Seymour Hoffman', 'Holland Taylor']",0,0,0,,6.0,20,1.334481,96.0,en
244772,The Skeleton Twins,2014-01-18,2014.0,['Drama'],Craig Johnson,"['Kristen Wiig', 'Bill Hader', 'Luke Wilson']",0,5284309,5284309,inf,6.7,292,15.699363,90.0,en
50837,Martha Marcy May Marlene,2011-10-21,2011.0,"['Drama', 'Thriller']",Sean Durkin,"['Elizabeth Olsen', 'Hugh Dancy', 'John Hawkes']",0,3538446,3538446,inf,6.7,277,17.806082,101.0,en
248774,Obvious Child,2014-06-06,2014.0,"['Comedy', 'Romance']",Gillian Robespierre,"['Jenny Slate', 'Jake Lacy', 'Gaby Hoffmann']",0,3123963,3123963,inf,6.7,187,10.12895,83.0,en
10183,Frozen River,2008-08-01,2008.0,['Drama'],Courtney Hunt,"['Melissa Leo', 'Misty Upham', 'Charlie McDermott']",0,0,0,,6.7,99,4.805651,97.0,en
159014,20 Feet from Stardom,2013-06-14,2013.0,"['Documentary', 'Music']",Morgan Neville,"['Bette Midler', 'Mick Jagger', 'Sting']",1000000,0,-1000000,-100.0,7.4,85,5.247956,89.0,en
32456,Two Girls and a Guy,1997-09-07,1997.0,"['Drama', 'Romance']",James Toback,"['Robert Downey Jr.', 'Natasha Gregson Wagner', 'Heather Graham']",1000000,2057193,1057193,105.7193,5.4,24,4.86805,84.0,en
49963,Walking and Talking,1996-07-17,1996.0,"['Comedy', 'Drama', 'Romance']",Nicole Holofcener,"['Catherine Keener', 'Anne Heche', 'Liev Schreiber']",0,0,0,,6.6,7,0.367312,86.0,en
13508,Who Killed the Electric Car?,2006-08-04,2006.0,['Documentary'],Chris Paine,"['Martin Sheen', 'Mel Gibson', 'Tom Hanks']",1000000,1678874,678874,67.8874,7.2,59,5.323184,92.0,en
22597,The Broken Hearts Club: A Romantic Comedy,2000-02-01,2000.0,"['Comedy', 'Drama', 'Romance']",Greg Berlanti,"['Ben Weber', 'Timothy Olyphant', 'Matt McGrath']",1000000,1744858,744858,74.4858,6.3,25,3.424158,94.0,en
9707,Bubba Ho-tep,2002-06-09,2002.0,"['Comedy', 'Horror', 'Thriller', 'Mystery', 'Fantasy']",Don Coscarelli,"['Bruce Campbell', 'Ossie Davis', 'Ella Joyce']",1000000,0,-1000000,-100.0,6.7,191,9.954848,92.0,en
37532,Slam,1998-10-07,1998.0,['Drama'],Marc Levin,"['Saul Williams', 'Sonja Sohn', 'Bonz Malone']",1,0,-1,-100.0,6.7,7,0.29245,100.0,en
26791,Brigham City,2001-03-30,2001.0,"['Crime', 'Drama', 'Mystery', 'Thriller']",Richard Dutcher,"['Richard Dutcher', 'Matthew A. Brown', 'Wilford Brimley']",1000000,852206,-147794,-14.7794,7.3,4,0.280083,119.0,en
56666,Fiza,2000-09-08,2000.0,"['Drama', 'Foreign', 'Romance']",Khalid Mohammed,"['Hrithik Roshan', 'Karisma Kapoor', 'Jaya Bachchan']",1000000,623791,-376209,-37.6209,6.1,7,0.043023,170.0,hi
8675,Orgazmo,1997-09-06,1997.0,['Comedy'],Trey Parker,"['Trey Parker', 'Dian Bachar', 'Matt Stone']",1000000,0,-1000000,-100.0,6.2,115,5.06516,94.0,en
13132,All the Real Girls,2003-08-01,2003.0,"['Drama', 'Romance']",David Gordon Green,"['Paul Schneider', 'Zooey Deschanel', 'Danny McBride']",0,0,0,,5.9,30,3.65924,108.0,en
47686,Dream with the Fishes,1997-01-01,1997.0,['Comedy'],,"['David Arquette', 'Brad Hunt', 'Kathryn Erbe']",0,0,0,,7.7,10,0.948316,97.0,en
46989,Blue Car,2002-01-11,2002.0,['Drama'],Karen Moncrieff,"['Margaret Colin', 'Agnes Bruckner', 'David Strathairn']",1000000,464000,-536000,-53.6,6.7,13,0.672695,92.0,en
192132,Palo Alto,2014-05-09,2014.0,['Drama'],Gia Coppola,"['Emma Roberts', 'Jack Kilmer', 'Nat Wolff']",0,0,0,,6.4,348,16.570708,100.0,en
24424,Ajami,2009-09-17,2009.0,"['Crime', 'Drama']",Scandar Copti,"['Fouad Habash', 'Nisrine Rihan', 'Elias Saba']",0,0,0,,6.8,27,0.51799,120.0,he
13198,Wristcutters: A Love Story,2006-01-24,2006.0,"['Comedy', 'Drama', 'Fantasy', 'Romance']",Goran Dukic,"['Patrick Fugit', 'Shannyn Sossamon', 'Shea Whigham']",0,0,0,,6.7,160,8.542921,88.0,en
244267,I Origins,2014-07-18,2014.0,"['Science Fiction', 'Drama']",Mike Cahill,"['Michael Pitt', 'Brit Marling', 'Astrid Bergès-Frisbey']",0,336472,336472,inf,7.5,1063,37.555398,106.0,en
21413,The Battle of Shaker Heights,2003-08-22,2003.0,"['Comedy', 'Drama', 'Romance']",Kyle Rankin,"['Shia LaBeouf', 'Elden Henson', 'Amy Smart']",1000000,0,-1000000,-100.0,5.6,17,5.20209,79.0,en
123678,The Act of Killing,2012-08-31,2012.0,['Documentary'],Joshua Oppenheimer,"['Anwar Congo', 'Herman Koto', 'Syamsul Arifin']",1000000,444575,-555425,-55.5425,7.5,210,8.887411,115.0,id
13362,Taxi to the Dark Side,2007-04-30,2007.0,['Documentary'],Alex Gibney,"['Brian Keith Allen', 'Moazzam Begg', 'Christopher Beiring']",1000000,274661,-725339,-72.53389999999999,6.6,53,0.748565,106.0,en
39183,Once in a Lifetime: The Extraordinary Story of the New York Cosmos,2006-01-01,2006.0,['Documentary'],Paul Crowder,"['Pelé', 'Franz Beckenbauer', 'Carlos Alberto']",1000000,0,-1000000,-100.0,4.7,3,0.436148,97.0,en
62402,Guiana 1838,2004-09-24,2004.0,['Drama'],Rohit Jagessar,"['Aasheekaa Bathija', 'Thomas Garvey', 'Kumar Gaurav']",0,0,0,,2.8,3,0.030253,120.0,en
206412,Lisa Picard Is Famous,2000-05-14,2000.0,[],Griffin Dunne,"['Laura Kirk', 'Nat DeWolf', 'Griffin Dunne']",0,0,0,,4.0,1,0.690089,90.0,en
201132,Antarctica: A Year on Ice,2013-09-05,2013.0,"['Drama', 'Adventure', 'Documentary']",Anthony Powell,"['Genevieve Bachman', 'William Brotman', 'Michael Christiansen']",1000000,0,-1000000,-100.0,7.2,29,1.883947,92.0,en
251471,A LEGO Brickumentary,2015-07-31,2015.0,['Documentary'],Kief Davidson,"['Jason Bateman', 'Matthias Klie']",650000,0,-650000,-100.0,6.4,55,1.631274,93.0,en
112456,Hardflip,2012-06-01,2012.0,"['Drama', 'Action']",Johnny Remo,"['Randy Wayne', 'John Schneider', 'Rosanna Arquette']",1000000,0,-1000000,-100.0,4.7,5,0.341461,114.0,en
20296,Chocolate: Deep Dark Secrets,2005-09-16,2005.0,['Thriller'],Vivek Agnihotri,"['Anil Kapoor', 'Sunil Shetty', 'Arshad Warsi']",0,0,0,,3.4,6,0.887821,200.0,en
25983,The House of the Devil,2009-04-25,2009.0,"['Mystery', 'Horror']",Ti West,"['Jocelin Donahue', 'Mary Woronov', 'Greta Gerwig']",0,0,0,,6.0,197,8.628485,95.0,en
66195,The Perfect Host,2010-07-01,2010.0,"['Comedy', 'Thriller', 'Crime']",Nick Tomnay,"['David Hyde Pierce', 'Clayne Crawford', 'Nathaniel Parker']",0,14870,14870,inf,6.2,135,6.507094,93.0,en
16155,Safe Men,1998-08-17,1998.0,"['Comedy', 'Crime']",John Hamburg,"['Sam Rockwell', 'Steve Zahn', 'Paul Giamatti']",0,0,0,,6.3,16,1.190729,88.0,en
46727,Speedway Junky,1999-02-11,1999.0,"['Romance', 'Drama', 'Crime']",Nickolas Perry,"['Jesse Bradford', 'Jordan Brower', 'Jonathan Taylor Thomas']",1000000,0,-1000000,-100.0,5.2,7,0.340019,104.0,en
55180,The Last Big Thing,1998-09-23,1998.0,"['Comedy', 'Drama']",Dan Zukovic,"['Dan Zukovic', 'Mark Ruffalo', 'Sibel Ergener']",0,0,0,,6.0,3,0.678475,98.0,en
29015,The Specials,2000-09-22,2000.0,"['Action', 'Comedy']",Craig Mazin,"['Jordan Ladd', 'Rob Lowe', 'Jamie Kennedy']",0,0,0,,5.5,11,9.055447,82.0,en
91122,16 to Life,2009-09-19,2009.0,"['Comedy', 'Romance']",Becky Smith,"['Hallee Hirsh', 'Theresa Russell', 'Shiloh Fernandez']",0,0,0,,4.4,5,0.108468,118.0,en
18206,Alone With Her,2006-04-28,2006.0,"['Crime', 'Drama', 'Romance', 'Thriller']",Eric Nicholas,"['Colin Hanks', 'Ana Claudia Talancón', 'Jordana Spiro']",1000000,10018,-989982,-98.9982,6.2,20,2.175696,78.0,en
320146,Creative Control,2016-03-11,2016.0,"['Drama', 'Science Fiction']",Benjamin Dickinson,"['Benjamin Dickinson', 'Nora Zehetner', 'Dan Gill']",1000000,0,-1000000,-100.0,5.4,25,1.50211,97.0,en
13856,Special,2006-01-30,2006.0,"['Drama', 'Fantasy', 'Science Fiction']",Hal Haberman,"['Michael Rapaport', 'Josh Peck', 'Robert Baker']",1000000,7202,-992798,-99.2798,6.6,32,1.260314,81.0,en
219716,Sparkler,1999-03-19,1999.0,[],Darren Stein,"['Park Overall', 'Veronica Cartwright', 'Freddie Prinze Jr.']",0,0,0,,0.0,1,0.547654,96.0,en
43630,The Helix... Loaded,2005-01-01,2005.0,"['Action', 'Comedy', 'Science Fiction']",,[],0,0,0,,4.8,2,0.0206,97.0,en
56491,In Her Line of Fire,2006-04-21,2006.0,"['Drama', 'Action', 'Thriller']",Brian Trenchard-Smith,"['Mariel Hemingway', 'David Keith', 'David Millbern']",0,0,0,,3.3,9,0.429587,88.0,en
99826,The Jimmy Show,2002-01-16,2002.0,"['Comedy', 'Drama']",Frank Whaley,"['Frank Whaley', 'Carla Gugino', 'Ethan Hawke']",0,0,0,,8.0,1,0.098351,96.0,en
186935,Heli,2013-08-09,2013.0,"['Crime', 'Drama']",Amat Escalante,"['Armando Espitia', 'Andrea Vergara', 'Linda Gonzalez']",1000000,0,-1000000,-100.0,6.2,32,3.629777,105.0,es
357441,Karachi se Lahore,2015-07-31,2015.0,"['Family', 'Comedy']",,"['Shehzad Sheikh', 'Ayesha Omar', 'Yasir Hussain']",0,0,0,,8.0,1,0.060003,0.0,en
19344,Loving Annabelle,2006-03-08,2006.0,"['Drama', 'Romance']",Katherine Brooks,"['Erin Kelly', 'Diane Gaidry', 'Laura Breckenridge']",900000,0,-900000,-100.0,6.4,55,7.145832,76.0,en
242083,Hits,2014-01-21,2014.0,"['Drama', 'Comedy']",David Cross,"['Meredith Hagner', 'Matt Walsh', 'James Adomian']",1000000,0,-1000000,-100.0,4.9,23,3.638411,96.0,en
18869,Jimmy and Judy,2006-01-01,2006.0,"['Action', 'Crime', 'Drama', 'Thriller']",Randall Rubin,"['Edward Furlong', 'Rachael Bella', 'William Sadler']",0,0,0,,5.4,8,1.255771,99.0,en
26673,Frat Party,2009-01-01,2009.0,"['Comedy', 'Romance']",Robert Bennett,"['Randy Wayne', ""Caroline D'Amore"", 'Jareb Dauplaise']",0,0,0,,3.5,4,0.783842,84.0,en
41830,The Party's Over,1965-04-22,1965.0,['Drama'],Guy Hamilton,"['Oliver Reed', 'Clifford David', 'Ann Lynn']",0,0,0,,6.1,6,0.118324,94.0,en
37694,Proud,2004-07-02,2004.0,['Drama'],Mary Pat Kelly,"['Vernel Bagneris', 'Marcus Chait', 'Michael Ciesla']",0,0,0,,5.5,3,0.023681,87.0,en
63287,The Poker House,2008-06-20,2008.0,['Drama'],Lori Petty,"['Jennifer Lawrence', 'Selma Blair', 'Bokeem Woodbine']",0,0,0,,6.1,47,2.948576,93.0,en
335874,Childless,2015-04-03,2015.0,[],Charlie Levi,"['Barbara Hershey', 'Joe Mantegna', 'Diane Venora']",0,0,0,,4.5,2,0.243853,90.0,en
34592,ZMD: Zombies of Mass Destruction,2009-01-01,2009.0,['Horror'],Kevin Hamedani,"['Janette Armand', 'Doug Fahl', 'Cooper Hopkins']",0,0,0,,4.7,31,1.563711,92.0,en
92635,Snow White: A Deadly Summer,2012-03-16,2012.0,"['Horror', 'Thriller']",David DeCoteau,"['Shanley Caswell', 'Maureen McCormick', 'Eric Roberts']",1000000,0,-1000000,-100.0,4.8,11,0.653495,85.0,en
258755,Hidden Away,2014-10-03,2014.0,"['Romance', 'Drama']",Mikel Rueda,"['Germán Alcarazu', 'Adil Koukouh', 'Ana Wagener']",0,0,0,,7.6,26,1.233688,96.0,es
96534,My Last Day Without You,2011-06-11,2011.0,"['Comedy', 'Drama', 'Romance']",Stefan C. Schaefer,"['Ken Duken', 'Nicole Beharie', 'Reg E. Cathey']",1000000,0,-1000000,-100.0,5.7,3,0.153625,90.0,de
21283,Steppin: The Movie,2009-05-19,2009.0,"['Comedy', 'Romance']",Michael Taliferro,"['Wesley Jonathan', 'Chrystee Pharris', 'Anthony Anderson']",0,0,0,,5.0,4,0.328498,85.0,en
272724,Doc Holliday's Revenge,2014-06-01,2014.0,['Western'],David DeCoteau,"['Tom Berenger', 'Ashley Hayes', 'Eric Roberts']",1000000,0,-1000000,-100.0,3.2,3,0.4594,84.0,en
84178,Black Rock,2012-01-21,2012.0,"['Thriller', 'Horror']",Katie Aselton,"['Kate Bosworth', 'Lake Bell', 'Jay Paulson']",0,0,0,,4.9,78,7.207051,83.0,en
101179,Truth or Dare,2012-08-05,2012.0,"['Horror', 'Thriller', 'Mystery']",Robert Heath,"['Liam Boyle', 'Jack Gordon', 'Florence Hall']",0,0,0,,5.7,117,6.679954,95.0,en
52462,The Pet,2006-05-17,2006.0,"['Drama', 'Thriller']",D. Stevens,"['Pierre Dulat', 'Andrea Edmondson', 'Summer Nguyen']",0,0,0,,5.3,3,1.284741,94.0,en
269057,Bang Bang Baby,2014-09-08,2014.0,"['Science Fiction', 'Drama', 'Music']",Jeffrey St. Jules,"['Jane Levy', 'Peter Stormare', 'Justin Chatwin']",1000000,0,-1000000,-100.0,6.6,8,0.973323,90.0,en
287524,Fear Clinic,2014-10-31,2014.0,['Horror'],Robert Hall,"['Thomas Dekker', 'Robert Englund', 'Cleopatra Coleman']",1,0,-1,-100.0,4.0,42,1.859965,95.0,en
206213,Zombie Hunter,2013-07-25,2013.0,"['Comedy', 'Action', 'Science Fiction', 'Thriller']",Kevin King,"['Martin Copping', 'Danny Trejo', 'Clare Niederpruem']",0,0,0,,3.5,34,3.418372,93.0,en
248402,A Fine Step,2014-04-16,2014.0,['Drama'],Jonathan Meyers,"['Luke Perry', 'Anna Claire Sneed', 'Leonor Varela']",0,0,0,,4.1,7,0.65434,90.0,en
29146,Charly,1968-09-23,1968.0,"['Drama', 'Romance', 'Science Fiction']",Ralph Nelson,"['Cliff Robertson', 'Claire Bloom', 'Lilia Skala']",950000,814666,-135334,-14.245684210526315,6.6,28,0.178689,103.0,en
207769,Banshee Chapter,2013-08-26,2013.0,"['Horror', 'Thriller']",Blair Erickson,"['Ted Levine', 'Katia Winter', 'Michael McMillian']",950000,0,-950000,-100.0,5.7,92,7.310879,87.0,en
271185,Ask Me Anything,2014-04-19,2014.0,"['Drama', 'Mystery', 'Thriller']",Allison Burnett,"['Britt Robertson', 'Christian Slater', 'Justin Long']",950000,0,-950000,-100.0,5.5,155,8.976128,100.0,en
29731,And Then Came Love,2007-01-01,2007.0,"['Comedy', 'Romance']",Richard Schenkman,"['Kevin Daniels', 'Michael Boatman', 'Jeremy Gumbs']",0,0,0,,5.0,1,0.280829,90.0,en
292539,Food Chains,2014-04-26,2014.0,['Documentary'],Sanjay Rawal,[],913000,0,-913000,-100.0,7.4,8,0.795698,83.0,de
654,On the Waterfront,1954-06-22,1954.0,"['Crime', 'Drama']",Elia Kazan,"['Marlon Brando', 'Karl Malden', 'Lee J. Cobb']",910000,9600000,8690000,954.945054945055,8.0,357,16.015599,108.0,en
91070,L!fe Happens,2011-06-18,2011.0,['Comedy'],Kat Coiro,"['Krysten Ritter', 'Kate Bosworth', 'Rachel Bilson']",930000,30905,-899095,-96.6768817204301,5.3,66,5.974156,100.0,en
2009,"4 Months, 3 Weeks and 2 Days",2007-08-24,2007.0,['Drama'],Cristian Mungiu,"['Anamaria Marinca', 'Laura Vasiliu', 'Vlad Ivanov']",852510,1185783,333273,39.09314846746666,7.3,156,9.270133,113.0,ro
323270,The Horror Network Vol. 1,2015-10-27,2015.0,['Horror'],Joseph Graham,"['Nick Frangione', 'Artem Mishin', 'Jan Cornet']",0,0,0,,5.0,2,0.392658,0.0,en
2652,Hard Candy,2005-01-14,2005.0,"['Drama', 'Thriller']",David Slade,"['Patrick Wilson', 'Ellen Page', 'Sandra Oh']",950000,7022209,6072209,639.179894736842,6.8,701,25.918007,103.0,en
9813,The Quiet,2005-09-12,2005.0,"['Drama', 'Thriller']",Jamie Babbit,"['Elisha Cuthbert', 'Camilla Belle', 'Edie Falco']",900000,381420,-518580,-57.620000000000005,6.1,73,4.0971,96.0,en
60421,Circumstance,2011-08-26,2011.0,['Drama'],Maryam Keshavarz,"['Nikohl Boosheri', 'Sarah Kazemy', 'Reza Sixo Safai']",0,0,0,,7.4,23,2.34239,107.0,fa
157354,Fruitvale Station,2013-07-25,2013.0,['Drama'],Ryan Coogler,"['Michael B. Jordan', 'Octavia Spencer', 'Melonie Diaz']",0,17385830,17385830,inf,7.3,390,20.967146,85.0,en
127867,The Brass Teapot,2012-09-08,2012.0,"['Comedy', 'Fantasy', 'Thriller']",Ramaa Mosley,"['Juno Temple', 'Michael Angarano', 'Alexis Bledel']",0,0,0,,5.8,160,10.639774,100.0,en
3170,Bambi,1942-08-14,1942.0,"['Animation', 'Drama', 'Family']",David Hand,"['Donnie Dunagan', 'Peter Behn', 'Stan Alexander']",858000,267447150,266589150,31070.996503496503,6.8,1405,47.651878,70.0,en
14014,The Hammer,2007-04-01,2007.0,['Comedy'],Charles Herman-Wurmfeld,"['Adam Carolla', 'Oswaldo Castillo', 'Harold House Moore']",0,0,0,,6.5,15,0.957022,88.0,en
15708,Latter Days,2003-07-10,2003.0,"['Drama', 'Comedy', 'Romance']",C. Jay Cox,"['Steve Sandvoss', 'Wes Ramsey', 'Jacqueline Bisset']",850000,819939,-30061,-3.5365882352941176,6.7,56,5.424916,107.0,en
146882,Elza,2011-04-11,2011.0,['Drama'],Mariette Monpierre,"['Stana Roumillac', 'Vincent Byrd Le Sage', 'Christophe Cherki']",0,0,0,,0.0,0,0.007254,78.0,fr
215918,1982,2013-12-31,2013.0,['Drama'],Tommy Oliver,"['Bokeem Woodbine', 'Sharon Leal', 'Wayne Brady']",1000000,0,-1000000,-100.0,5.0,1,0.175885,90.0,en
84200,"For a Good Time, Call...",2012-08-31,2012.0,['Comedy'],Jamie Travis,"['Ari Graynor', 'Lauren Miller', 'Mark Webber']",850000,1243961,393961,46.348352941176465,5.8,110,14.238376,85.0,en
84184,Celeste & Jesse Forever,2012-08-03,2012.0,"['Comedy', 'Drama', 'Romance']",Lee Toland Krieger,"['Rashida Jones', 'Andy Samberg', 'Elijah Wood']",0,3094813,3094813,inf,6.4,163,9.436431,91.0,en
45767,Time Changer,2002-10-25,2002.0,"['Comedy', 'Drama', 'Family', 'Science Fiction']",Rich Christiano,"['D. David Morin', 'Gavin MacLeod', 'Hal Linden']",0,0,0,,5.2,9,0.339757,95.0,en
14823,London to Brighton,2006-12-01,2006.0,"['Crime', 'Drama', 'Thriller']",Paul Andrew Williams,"['Georgia Groome', 'Johnny Harris', 'Sam Spruell']",0,0,0,,6.5,34,3.060685,85.0,en
367551,American Hero,2015-12-11,2015.0,"['Action', 'Comedy', 'Science Fiction']",Nick Love,"['Stephen Dorff', 'Eddie Griffin', 'Bill Billions']",0,0,0,,5.0,62,5.023091,86.0,en
343409,Windsor Drive,2015-06-26,2015.0,"['Thriller', 'Mystery']",Natalie Bible',"['Samaire Armstrong', 'Anna Gurji', 'Matt Cohen']",0,0,0,,2.0,1,0.504251,90.0,en
60243,A Separation,2011-03-15,2011.0,['Drama'],Asghar Farhadi,"['Leila Hatami', 'Kimia Hosseini', 'Merila Zarei']",800000,0,-800000,-100.0,7.7,469,12.049373,123.0,fa
57294,Crying with Laughter,2009-06-01,2009.0,"['Comedy', 'Drama', 'Thriller']",Justin Molotnikov,"['Stephen McCole', 'Malcolm Shields', 'Andrew Neil']",0,0,0,,7.0,1,0.108135,93.0,en
11446,Welcome to the Dollhouse,1995-05-24,1995.0,"['Comedy', 'Drama']",Todd Solondz,"['Heather Matarazzo', 'Victoria Davis', 'Christina Brucato']",0,0,0,,6.9,103,5.870319,88.0,en
47889,Ruby in Paradise,1993-10-08,1993.0,"['Drama', 'Romance']",Victor Nunez,"['Ashley Judd', 'Todd Field', 'Bentley Mitchum']",800000,1001437,201437,25.179625,5.6,10,0.59424,114.0,en
25461,Raising Victor Vargas,2002-05-16,2002.0,"['Drama', 'Romance']",Peter Sollett,"['Victor Rasuk', 'Judy Marte', 'Melonie Diaz']",800000,2816116,2016116,252.0145,7.8,13,3.643662,88.0,en
905,Pandora's Box,1929-01-30,1929.0,"['Drama', 'Thriller', 'Romance']",G.W. Pabst,"['Louise Brooks', 'Fritz Kortner', 'Francis Lederer']",0,0,0,,7.6,45,1.824184,109.0,de
279759,Harrison Montgomery,2008-01-01,2008.0,[],,[],0,0,0,,0.0,0,0.006943,0.0,en
78705,Live-In Maid,2004-09-21,2004.0,"['Drama', 'Foreign']",Jorge Gaggero,"['Norma Aleandro', 'Norma Argentina ', 'Marcos Mundstock']",0,0,0,,7.8,3,0.038706,83.0,en
25212,Deterrence,2000-03-10,2000.0,"['Action', 'Drama', 'Mystery', 'Thriller']",Rod Lurie,"['Kevin Pollak', 'Timothy Hutton', 'Sheryl Lee Ralph']",0,0,0,,6.1,7,2.171288,101.0,en
26899,The Mudge Boy,2003-01-17,2003.0,['Drama'],Michael Burke,"['Emile Hirsch', 'Tom Guiry', 'Richard Jenkins']",800000,62852,-737148,-92.1435,7.3,23,5.292536,94.0,en
146269,The Young Unknowns,2000-03-12,2000.0,['Drama'],Catherine Jelski,"['Devon Gummersall', 'Arly Jover', 'Eion Bailey']",0,0,0,,0.0,0,0.004922,87.0,en
292483,Not Cool,2014-09-23,2014.0,['Comedy'],Shane Dawson,"['Shane Dawson', 'Cherami Leigh', 'Drew Monson']",0,0,0,,3.7,25,1.186971,90.0,en
14451,Dead Snow,2009-01-09,2009.0,"['Horror', 'Comedy']",Tommy Wirkola,"['Charlotte Frogner', 'Stig Frode Henriksen', 'Vegar Hoel']",800000,1984662,1184662,148.08275,6.1,311,11.205726,91.0,no
10105,Saints and Soldiers,2003-09-11,2003.0,"['Action', 'Adventure', 'Drama', 'History', 'War']",Ryan Little,"['Larry Bagby', 'Alexander Polinsky', 'Kirby Heyborne']",780000,0,-780000,-100.0,6.6,98,6.003418,90.0,en
211557,Vessel,2012-10-28,2012.0,"['Horror', 'Science Fiction']",Clark Baker,"['Brandon Bales', 'Brandy Maasch', 'Julie Mintz']",0,0,0,,5.9,8,0.322553,14.0,en
838,American Graffiti,1973-08-01,1973.0,"['Comedy', 'Drama']",George Lucas,"['Richard Dreyfuss', 'Ron Howard', 'Paul Le Mat']",777000,140000000,139223000,17918.018018018018,6.9,324,19.326115,110.0,en
40862,Iraq for Sale: The War Profiteers,2006-01-01,2006.0,['Documentary'],Robert Greenwald,['Shereef Akeel'],0,0,0,,8.0,6,1.517771,75.0,en
13158,Aqua Teen Hunger Force Colon Movie Film for Theaters,2007-04-13,2007.0,"['Animation', 'Comedy']",Dave Willis,"['Dana Snyder', 'Carey Means', 'Dave Willis']",0,0,0,,6.5,35,1.453146,86.0,en
84332,Safety Not Guaranteed,2012-06-08,2012.0,"['Comedy', 'Romance', 'Science Fiction', 'Drama']",Colin Trevorrow,"['Aubrey Plaza', 'Mark Duplass', 'Jake Johnson']",750000,4007792,3257792,434.37226666666663,6.8,556,25.186002,85.0,en
74510,Kevin Hart: Laugh at My Pain,2011-09-09,2011.0,"['Comedy', 'Documentary']",Tim Story,"['Kevin Hart', ""Na'im Lynn""]",0,0,0,,7.7,43,5.498834,89.0,en
74725,Kill List,2011-09-02,2011.0,"['Horror', 'Thriller', 'Crime']",Ben Wheatley,"['Neil Maskell', 'MyAnna Buring', 'Harry Simpson']",500000,171760,-328240,-65.648,6.0,210,12.203041,95.0,en
58428,The Innkeepers,2011-12-01,2011.0,"['Horror', 'Thriller']",Ti West,"['Sara Paxton', 'Pat Healy', 'Kelly McGillis']",750000,78396,-671604,-89.5472,5.4,219,14.386807,102.0,en
8416,The Conformist,1970-10-21,1970.0,['Drama'],Bernardo Bertolucci,"['Jean-Louis Trintignant', 'Stefania Sandrelli', 'Gastone Moschin']",750000,0,-750000,-100.0,7.6,127,8.429295,107.0,it
36584,Interview with the Assassin,2002-05-09,2002.0,"['Drama', 'Thriller']",Neil Burger,"['Dylan Haggerty', 'Renee Faia', 'Dennis Lau']",500000,0,-500000,-100.0,5.6,5,0.471264,88.0,en
13429,Donkey Punch,2008-07-18,2008.0,"['Horror', 'Drama', 'Thriller', 'Crime']",Olly Blackburn,"['Nichola Burley', 'Sian Breckin', 'Jaime Winstone']",0,0,0,,4.5,52,3.283886,99.0,en
9022,All the Boys Love Mandy Lane,2008-02-15,2008.0,"['Horror', 'Mystery', 'Thriller']",Jonathan Levine,"['Amber Heard', 'Anson Mount', 'Michael Welch']",750000,0,-750000,-100.0,5.7,209,12.284939,90.0,en
22530,Bled,2008-01-01,2008.0,['Horror'],Christopher Hutson,"['Sarah Farooqui', 'Chris Ivan Cevic', 'Alex Petrovitch']",0,0,0,,3.8,4,1.039149,95.0,en
288,High Noon,1952-03-27,1952.0,['Western'],Fred Zinnemann,"['Gary Cooper', 'Grace Kelly', 'Thomas Mitchell']",730000,8000000,7270000,995.890410958904,7.6,334,18.644023,85.0,en
14275,Hoop Dreams,1994-09-12,1994.0,['Documentary'],Steve James,"['William Gates', 'Arthur Agee', 'Steve James']",700000,7830611,7130611,1018.6587142857143,7.7,87,9.188431,171.0,en
2287,Rize,2005-01-15,2005.0,['Documentary'],David LaChapelle,"['Christopher Toler', 'Tommy the Clown', 'Miss Prissy']",0,0,0,,5.9,13,1.623769,86.0,en
18734,L.I.E.,2001-01-20,2001.0,['Drama'],Michael Cuesta,"['Paul Dano', 'Bruce Altman', 'Brian Cox']",700000,1667192,967192,138.1702857142857,6.7,31,7.731064,97.0,en
206197,The Sisterhood of Night,2015-04-10,2015.0,"['Mystery', 'Drama', 'Thriller']",Caryn Waechter,"['Kara Hayward', 'Georgie Henley', 'Olivia DeJonge']",0,0,0,,6.5,31,2.868942,104.0,en
26837,B-Girl,2009-07-29,2009.0,"['Crime', 'Drama', 'Music']",Emily Dell,"[""Julie 'Jules' Urich"", 'Missy Yager', 'Wesley Jonathan']",0,0,0,,5.5,7,0.631571,84.0,en
7859,Half Nelson,2006-08-11,2006.0,['Drama'],Ryan Fleck,"['Ryan Gosling', 'Jeff Lima', 'Shareeka Epps']",700000,4911725,4211725,601.675,6.5,240,12.378031,107.0,en
302579,Naturally Native,1999-10-08,1999.0,['Drama'],Valerie Red-Horse,"['Valerie Red-Horse', 'Yvonne Russo', 'Irene Bedard']",700000,10508,-689492,-98.49885714285715,0.0,0,0.578798,107.0,en
51955,Hav Plenty,1997-09-11,1997.0,"['Action', 'Comedy', 'Romance', 'Science Fiction', 'Thriller']",Christopher Scott Cherot,"['Christopher Scott Cherot', 'Chenoa Maxwell', 'Tammi Katherine Jones']",0,0,0,,0.0,0,0.003142,92.0,en
376004,Adulterers,2016-01-05,2016.0,"['Thriller', 'Crime', 'Drama']",H.M. Coakley,"['Sean Faris', 'Danielle Savre', 'Mehcad Brooks']",750000,0,-750000,-100.0,5.2,16,1.471139,80.0,en
158752,Escape from Tomorrow,2013-10-11,2013.0,"['Horror', 'Fantasy']",Randy Moore,"['Roy Abramsohn', 'Elena Schuber', 'Katelynn Rodriguez']",650,0,-650,-100.0,4.8,87,1.352222,90.0,en
40658,Starsuckers,2009-09-30,2009.0,"['Documentary', 'Foreign']",Chris Atkins,"['Ellis Cashmore', 'Max Clifford', 'Richard Curtis']",0,0,0,,6.2,5,0.429083,103.0,en
296943,The Hadza:  Last of the First,2014-10-31,2014.0,['Documentary'],Bill Benenson,[],0,0,0,,0.0,0,0.045648,70.0,en
118612,After,2012-08-27,2012.0,"['Mystery', 'Thriller']",Ryan Smith,"['Steven Strait', 'Karolina Wydra', 'Sandra Ellis Lafferty']",0,0,0,,5.6,63,4.596157,90.0,en
138976,Treachery,2013-05-16,2013.0,['Drama'],Travis Romero,"['Matthew Ziff', 'Michael Biehn', 'Sarah Butler']",625000,0,-625000,-100.0,4.8,5,0.283059,68.0,en
323967,Walter,2015-03-13,2015.0,"['Drama', 'Comedy']",Anna Mastro,"['Andrew J. West', 'Justin Kirk', 'Virginia Madsen']",700000,0,-700000,-100.0,5.3,26,2.659006,87.0,en
3080,Top Hat,1935-09-06,1935.0,"['Comedy', 'Music', 'Romance']",Mark Sandrich,"['Fred Astaire', 'Ginger Rogers', 'Edward Everett Horton']",609000,3202000,2593000,425.7799671592775,7.4,59,3.898498,101.0,en
2667,The Blair Witch Project,1999-07-14,1999.0,"['Horror', 'Mystery']",Daniel Myrick,"['Michael C. Williams', 'Heather Donahue', 'Joshua Leonard']",60000,248000000,247940000,413233.3333333333,6.3,1055,41.690578,81.0,en
9459,Woodstock,1970-03-26,1970.0,"['History', 'Documentary', 'Music']",Michael Wadleigh,"['Joe Cocker', 'Richie Havens', 'Joan Baez']",600000,34505110,33905110,5650.8516666666665,7.1,66,3.409764,225.0,en
11598,The Kentucky Fried Movie,1977-08-10,1977.0,['Comedy'],John Landis,"['Evan C. Kim', 'Bong Soo Han', 'Marilyn Joi']",600000,0,-600000,-100.0,6.4,66,10.861167,83.0,en
26916,Mercy Streets,2000-10-31,2000.0,"['Action', 'Adventure', 'Drama']",Jon Gunn,"['Eric Roberts', 'David A.R. White', 'Cynthia Watros']",0,0,0,,5.5,2,0.099902,106.0,en
181940,Carousel of Revenge,2007-07-20,2007.0,"['Thriller', 'Mystery']",Gene Teigland,"['Erik Allen', 'Randy Baranczyk', 'Chris Carlson']",0,0,0,,0.0,0,0.006069,103.0,en
125263,Broken Vessels,1998-04-18,1998.0,['Drama'],Scott Ziehl,"['Todd Field', 'Jason London', 'Roxana Zal']",0,0,0,,6.0,2,0.069277,90.0,en
263503,Water & Power,2014-05-02,2014.0,"['Crime', 'Drama']",Richard Montoya,"['Enrique Murciano', 'Nicholas Gonzalez', 'Clancy Brown']",0,0,0,,3.0,1,0.350557,0.0,en
324322,They Will Have to Kill Us First,2015-10-13,2015.0,"['Music', 'Documentary']",Johanna Schwartz,"['Aliou Touré', 'Oumar Touré', 'Garba Touré']",522360,0,-522360,-100.0,5.0,1,0.071349,105.0,fr
331493,Light from the Darkroom,2014-01-01,2014.0,[],,[],0,0,0,,0.0,0,0.012942,0.0,en
375950,The Country Doctor,2016-03-23,2016.0,"['Drama', 'Comedy']",Thomas Lilti,"['François Cluzet', 'Marianne Denicourt', 'Isabelle Sadoyan']",0,0,0,,6.0,63,2.651304,102.0,fr
278348,The Maid's Room,2014-08-08,2014.0,['Thriller'],Michael Walker,"['Paula Garcés', 'Annabella Sciorra', 'Bill Camp']",0,0,0,,4.8,4,1.501688,98.0,en
704,A Hard Day's Night,1964-07-06,1964.0,"['Comedy', 'Music']",Richard Lester,"['John Lennon', 'Paul McCartney', 'George Harrison']",560000,12299668,11739668,2096.3692857142855,7.3,168,10.730056,88.0,en
70875,The Harvest (La Cosecha),2011-07-29,2011.0,['Documentary'],U. Roberto Romano,[],56000,0,-56000,-100.0,0.0,0,0.010909,80.0,en
75986,Love Letters,1983-04-01,1983.0,"['Drama', 'Thriller']",Amy Holden Jones,"['Jamie Lee Curtis', 'Bonnie Bartlett', 'Matt Clark']",550000,0,-550000,-100.0,4.6,4,0.001586,98.0,en
385636,Juliet and Alfa Romeo,2015-09-17,2015.0,"['Comedy', 'Drama']",Blaž Završnik,"['Dario Nožić Serini', 'Jan Gerl Korenc', 'Špela Colja']",0,0,0,,6.0,1,0.061248,83.0,sl
14438,Fireproof,2008-09-26,2008.0,['Drama'],Alex Kendrick,"['Kirk Cameron', 'Erin Bethea', 'Ken Bevel']",500000,33456317,32956317,6591.2634,7.0,100,6.093989,122.0,en
211086,Faith Connections,2013-11-21,2013.0,"['Documentary', 'Drama']",Pan Nalin,"['Bhole Baba', 'Hatha Yogi Baba', 'Pant Shirt Baba']",550000,0,-550000,-100.0,4.2,3,0.48088,115.0,hi
23069,Benji,1974-10-17,1974.0,"['Adventure', 'Family', 'Romance']",Joe Camp,"['Patsy Garrett', 'Allen Fiuzat', 'Cynthia Smith']",0,0,0,,6.1,35,2.651418,86.0,en
83,Open Water,2004-08-06,2004.0,"['Drama', 'Thriller']",Chris Kentis,"['Blanchard Ryan', 'Daniel Travis', 'Saul Stein']",130000,54667954,54537954,41952.27230769231,5.4,315,15.611857,79.0,en
89857,High Road,2012-03-06,2012.0,['Comedy'],Matt Walsh,"['Kathryn Burns', 'Lizzy Caplan', 'Michael Coleman']",0,0,0,,5.8,22,1.292948,87.0,en
30315,Kingdom of the Spiders,1977-08-24,1977.0,"['Horror', 'Science Fiction']",John 'Bud' Cardos,"['William Shatner', 'Tiffany Bolling', 'Woody Strode']",500000,17000000,16500000,3300.0,5.7,30,2.537032,97.0,en
14358,Mad Hot Ballroom,2005-05-13,2005.0,"['Documentary', 'Family']",Marilyn Agrelo,[],0,0,0,,7.2,8,0.772668,105.0,en
2056,The Station Agent,2003-01-26,2003.0,"['Drama', 'Comedy']",Tom McCarthy,"['Peter Dinklage', 'Patricia Clarkson', 'Bobby Cannavale']",500000,8679814,8179814,1635.9628,7.4,210,11.578545,88.0,en
41144,To Save A Life,2009-11-05,2009.0,['Drama'],Brian Baugh,"['Randy Wayne', 'Deja Kreutzberg', 'Joshua Weigel']",0,0,0,,6.2,21,0.05021,120.0,en
35199,Wordplay,2006-06-26,2006.0,['Documentary'],Patrick Creadon,"['Will Shortz', 'Merl Reagle', 'Tyler Hinman']",0,0,0,,7.3,10,0.906096,94.0,en
14271,Beyond the Mat,1999-10-22,1999.0,['Documentary'],Barry W. Blaustein,"['Mick Foley', 'Terry Funk', 'Vince McMahon']",2053648,500000,-1553648,-75.65308173552624,7.8,17,2.778633,102.0,en
16653,The Singles Ward,2002-01-30,2002.0,"['Comedy', 'Drama', 'Family', 'Romance']",Kurt Hale,"['Will Swenson', 'Connie Young', 'Daryn Tufts']",0,0,0,,7.5,4,0.920591,102.0,en
14757,Osama,2003-05-20,2003.0,['Drama'],Siddiq Barmak,"['Marina Golbahari', 'Arif Herati', 'Zubaida Sahar']",46000,0,-46000,-100.0,6.3,32,1.447734,83.0,ps
84401,Sholem Aleichem: Laughing In The Darkness,2012-02-24,2012.0,['Documentary'],Joseph Dorman,"['Rachel Dratch', 'Hillel Halkin', 'Jason Kravitz']",500000,845188,345188,69.0376,7.0,2,0.109579,93.0,en
23655,Groove,2000-06-08,2000.0,"['Drama', 'Music', 'Romance']",Greg Harrison,"['Hamish Linklater', 'Denny Kirkwood', 'Mackenzie Firgens']",0,0,0,,5.6,6,1.09454,86.0,en
36825,The R.M.,2003-01-31,2003.0,"['Comedy', 'Crime', 'Family']",Kurt Hale,['Kirby Heyborne'],0,0,0,,4.8,4,0.082978,101.0,en
33430,Twin Falls Idaho,1999-07-30,1999.0,"['Drama', 'Romance']",Michael Polish,"['Mark Polish', 'Michael Polish', 'Michele Hicks']",0,0,0,,7.0,11,0.619136,111.0,en
12281,Mean Creek,2004-01-15,2004.0,"['Crime', 'Drama']",Jacob Aaron Estes,"['Rory Culkin', 'Scott Mechlowicz', 'Trevor Morgan']",500000,603943,103943,20.7886,6.9,106,8.519202,90.0,en
125052,Hurricane Streets,1997-01-21,1997.0,"['Romance', 'Crime', 'Drama']",Morgan J. Freeman,"['Brendan Sexton III', 'Antoine McLean', 'Mtume Gant']",0,0,0,,4.8,4,0.36447,86.0,en
96238,Never Again,2002-07-12,2002.0,"['Comedy', 'Romance']",Eric Schaeffer,"['Jeffrey Tambor', 'Jill Clayburgh', 'Caroline Aaron']",0,0,0,,4.0,3,0.039077,98.0,en
30246,Civil Brand,2003-08-29,2003.0,"['Crime', 'Drama', 'Thriller']",Neema Barnette,"['LisaRaye McCoy', ""N'Bushe Wright"", 'Monica Calhoun']",0,0,0,,5.3,4,0.665512,95.0,en
7301,Lonesome Jim,2005-11-16,2005.0,"['Comedy', 'Drama', 'Romance']",Steve Buscemi,"['Casey Affleck', 'Kevin Corrigan', 'Liv Tyler']",0,0,0,,6.4,26,3.433625,91.0,en
172533,Drinking Buddies,2013-08-23,2013.0,"['Romance', 'Drama']",Joe Swanberg,"['Olivia Wilde', 'Jake Johnson', 'Anna Kendrick']",0,343341,343341,inf,6.0,356,17.378455,90.0,en
180383,Deceptive Practice: The Mysteries and Mentors of Ricky Jay,2012-10-04,2012.0,['Documentary'],Molly Bernstein,"['Ricky Jay', 'Dick Cavett', 'Winston Simon']",500000,0,-500000,-100.0,7.1,17,0.425195,88.0,en
346,Seven Samurai,1954-04-26,1954.0,"['Action', 'Drama']",Akira Kurosawa,"['Toshirō Mifune', 'Takashi Shimura', 'Yoshio Inaba']",2000000,271841,-1728159,-86.40795,8.2,878,39.756748,207.0,ja
84318,The Other Dream Team,2012-09-28,2012.0,['Documentary'],Marius Markevicius,"['Greg Speirs', 'Jim Lampley', 'Bill Walton']",0,0,0,,6.9,7,0.388401,89.0,en
45145,Johnny Suede,1991-08-18,1991.0,"['Comedy', 'Romance']",Tom DiCillo,"['Brad Pitt', 'Calvin Levels', 'Catherine Keener']",500000,0,-500000,-100.0,4.7,13,1.354816,97.0,en
13983,Finishing The Game,2007-01-21,2007.0,['Comedy'],Justin Lin,"['Roger Fan', 'Sung Kang', 'Monique Gabriela Curnen']",0,0,0,,4.9,8,0.459625,84.0,en
45649,Rubber,2010-07-09,2010.0,"['Comedy', 'Drama', 'Fantasy', 'Horror', 'Mystery']",Quentin Dupieux,"['Thomas F. Duffy', 'David Bowe', 'Stephen Spinella']",500000,98017,-401983,-80.39659999999999,5.7,251,9.108949,85.0,en
19844,Kiss the Bride,2007-01-01,2007.0,"['Drama', 'Comedy', 'Romance']",C. Jay Cox,"['Tori Spelling', 'Les Williams']",0,0,0,,4.2,11,1.65426,100.0,en
21801,The Slaughter Rule,2002-01-01,2002.0,['Drama'],Alex Smith,"['Ryan Gosling', 'David Morse', 'Clea DuVall']",0,0,0,,6.2,9,1.390909,112.0,en
43933,Monsters,2010-06-18,2010.0,"['Drama', 'Thriller', 'Science Fiction']",Gareth Edwards,"['Whitney Able', 'Scoot McNairy', 'Annalee Jefferies']",500000,4242978,3742978,748.5956,6.2,587,26.406001,94.0,en
73511,The Californians,2005-10-21,2005.0,"['Drama', 'Comedy']",Jonathan Parker,"['Noah Wyle', 'Illeana Douglas', 'Kate Mara']",0,0,0,,4.0,1,0.218736,91.0,en
43653,The Living Wake,2007-01-01,2007.0,['Comedy'],Sol Tryon,"['Jesse Eisenberg', ""Mike O'Connell"", 'Jim Gaffigan']",0,0,0,,5.0,1,0.383442,91.0,en
139715,Detention of the Dead,2012-04-27,2012.0,"['Comedy', 'Horror']",Alex Craig Mann,"['Jacob Zachar', 'Alexa Nikolas', 'Christa Brittany  Allen']",500000,0,-500000,-100.0,4.5,34,2.391847,87.0,en
45380,Crazy Stone,2006-01-01,2006.0,"['Action', 'Comedy']",Ning Hao,"['Guo Tao', 'Liu Hua', 'Liu Gang']",0,0,0,,6.9,22,1.68502,98.0,zh
30867,Scott Walker: 30 Century Man,2006-10-31,2006.0,"['Documentary', 'Music']",Stephen Kijak,"['Scott Walker', 'Damon Albarn', 'David Bowie']",0,0,0,,7.0,8,0.607782,95.0,en
81220,Everything Put Together,2001-11-02,2001.0,['Drama'],Marc Forster,"['Radha Mitchell', 'Megan Mullally', 'Catherine Lloyd Burns']",500000,0,-500000,-100.0,5.0,2,0.046903,87.0,en
253626,Good Kill,2015-04-09,2015.0,"['Action', 'Drama', 'Thriller']",Andrew Niccol,"['Ethan Hawke', 'January Jones', 'Zoë Kravitz']",0,316472,316472,inf,5.9,208,10.924273,104.0,en
294550,The Outrageous Sophie Tucker,2014-05-02,2014.0,[],William Gazecki,[],0,0,0,,0.0,0,0.021419,96.0,en
90369,Now Is Good,2012-05-25,2012.0,"['Drama', 'Romance']",Ol Parker,"['Dakota Fanning', 'Jeremy Irvine', 'Kaya Scodelario']",0,0,0,,7.3,371,14.142073,103.0,en
117942,Girls Gone Dead,2012-03-28,2012.0,"['Horror', 'Comedy']",Michael Hoffman Jr.,"['Katie Peterson', 'Shea Stewart', 'Brandy Whitford']",500000,0,-500000,-100.0,3.5,14,1.600171,104.0,en
380097,America Is Still the Place,,,[],,[],0,0,0,,0.0,0,0.0,0.0,en
322194,Subconscious,2015-03-10,2015.0,"['Action', 'Thriller', 'Mystery']",Georgia Hilton,"['Tim Abell', 'Naomi Brockwell', 'Aleisha Force']",0,0,0,,3.4,4,0.397323,110.0,en
98568,Enter Nowhere,2011-10-22,2011.0,"['Mystery', 'Science Fiction', 'Thriller']",Jack Heller,"['Katherine Waterston', 'Scott Eastwood', 'Sara Paxton']",0,0,0,,6.5,49,3.637857,90.0,en
119657,El Rey de Najayo,2012-03-01,2012.0,"['Crime', 'Drama']",Fernando Baez Mella,"['Manny Pérez', 'Luz Garcia', 'Sergio Carlo']",500,0,-500,-100.0,0.0,0,0.080105,101.0,en
380733,Fight to the Finish,2016-02-02,2016.0,"['Romance', 'Action']",Warren Sheppard,"['Jennifer Hale', 'Evan Hannemann', 'Tonya Kay']",0,0,0,,5.2,3,0.251828,94.0,en
285743,Alleluia! The Devil's Carnival,2016-03-29,2016.0,"['Music', 'Horror']",Darren Lynn Bousman,"['Terrance Zdunich', 'Paul Sorvino', 'Marc Senter']",0,0,0,,6.0,2,0.674398,0.0,en
362765,The Sound and the Shadow,2014-10-19,2014.0,"['Thriller', 'Comedy', 'Mystery']",Justin Paul Miller,"['Joseph E. Murray', 'Alex Anfanger', 'Rhomeyn Johnson']",0,0,0,,0.0,0,0.072359,90.0,en
379532,Rodeo Girl,2016-01-05,2016.0,['Family'],Joel Paul Reisig,"['Kevin Sorbo', 'Sophie Bolen', 'Derek Brandon']",0,0,0,,5.5,1,0.087574,108.0,en
253261,Born to Fly: Elizabeth Streb vs. Gravity,2014-03-08,2014.0,['Documentary'],Catherine Gund,"['Elizabeth Streb', 'Fabio Tavares', 'Sarah Callan']",0,0,0,,5.0,1,0.069244,82.0,en
297100,The Little Ponderosa Zoo,2014-09-11,2014.0,[],,[],500000,0,-500000,-100.0,2.0,1,0.073079,84.0,en
15239,The Toxic Avenger,1984-05-01,1984.0,"['Science Fiction', 'Action', 'Comedy', 'Horror']",Lloyd Kaufman,"['Mitch Cohen', 'Andree Maranda', 'Jennifer Prichard']",0,0,0,,6.3,113,6.672008,82.0,en
94072,Straight Out of Brooklyn,1991-06-13,1991.0,['Drama'],Matty Rich,[],0,0,0,,4.3,4,0.161517,0.0,en
4107,Bloody Sunday,2002-01-16,2002.0,"['Action', 'Adventure', 'Drama', 'History']",Paul Greengrass,"['James Nesbitt', 'Allan Gildea', 'Gerard Crossan']",0,773228,773228,inf,7.2,53,7.330691,107.0,en
325579,Diamond Ruff,2015-01-01,2015.0,[],,[],0,0,0,,2.4,4,0.165257,0.0,en
15624,Conversations with Other Women,2006-06-07,2006.0,"['Drama', 'Romance']",Hans Canosa,"['Helena Bonham Carter', 'Aaron Eckhart', 'Yury Tsykun']",450000,973525,523525,116.33888888888887,6.2,38,4.442355,84.0,en
17287,Poultrygeist: Night of the Chicken Dead,2006-12-26,2006.0,"['Horror', 'Comedy']",Lloyd Kaufman,"['Jason Yachanin', 'Kate Graham', 'Allyson Sereboff']",0,0,0,,5.9,41,3.905877,103.0,en
198370,Mutual Friends,2014-04-15,2014.0,[],Matthew Watts,"['Caitlin Fitzgerald', 'Cheyenne Jackson', 'Peter Scanavino']",0,0,0,,0.0,0,0.136721,0.0,en
3062,42nd Street,1933-02-02,1933.0,"['Music', 'Comedy', 'Romance']",Lloyd Bacon,"['Warner Baxter', 'Bebe Daniels', 'George Brent']",439000,2281000,1842000,419.5899772209567,6.1,37,1.933366,89.0,en
328307,Rise of the Entrepreneur: The Search for a Better Way,2014-11-20,2014.0,[],,[],0,0,0,,8.0,1,0.052942,0.0,en
15389,Metropolitan,1990-08-03,1990.0,"['Comedy', 'Drama']",Whit Stillman,"['Edward Clements', 'Chris Eigeman', 'Taylor Nichols']",225000,0,-225000,-100.0,7.0,38,1.014966,98.0,en
464,As It Is in Heaven,2004-09-03,2004.0,"['Romance', 'Drama', 'Comedy', 'Music']",Kay Pollak,"['Michael Nyqvist', 'Frida Hallgren', 'Helen Sjöholm']",0,0,0,,6.9,42,4.321249,132.0,sv
308467,Roadside,2013-03-01,2013.0,"['Horror', 'Drama']",Eric England,"['Ace Marrero', 'Katie Stegeman']",0,0,0,,4.2,5,0.160234,90.0,en
8193,Napoleon Dynamite,2004-06-11,2004.0,['Comedy'],Jared Hess,"['Jon Heder', 'Aaron Ruell', 'Jon Gries']",400000,46118097,45718097,11429.52425,6.7,554,23.603514,95.0,en
188166,Blue Ruin,2014-04-25,2014.0,"['Crime', 'Thriller']",Jeremy Saulnier,"['Macon Blair', 'Devin Ratray', 'Amy Hargreaves']",0,258384,258384,inf,6.9,462,25.349758,90.0,en
23827,Paranormal Activity,2007-09-14,2007.0,"['Horror', 'Mystery']",Oren Peli,"['Katie Featherston', 'Micah Sloat', 'Mark Fredrichs']",15000,193355800,193340800,1288938.6666666667,5.9,1316,47.456823,86.0,en
1282,Dogtown and Z-Boys,2001-01-18,2001.0,['Documentary'],Stacy Peralta,"['Sean Penn', 'Jay Adams', 'Henry Rollins']",0,0,0,,7.2,52,3.291609,91.0,en
762,Monty Python and the Holy Grail,1975-03-13,1975.0,"['Adventure', 'Comedy', 'Fantasy']",Terry Gilliam,"['Graham Chapman', 'John Cleese', 'Terry Gilliam']",400000,5028948,4628948,1157.2369999999999,7.8,1708,64.782984,91.0,en
64499,Quinceañera,2006-06-05,2006.0,['Drama'],Richard Glatzer,"['Emily Rios', 'Jesse Garcia', 'Chalo González']",0,0,0,,7.0,7,0.034135,90.0,it
281189,Gory Gory Hallelujah,2003-11-05,2003.0,[],Sue Corcoran,[],0,0,0,,1.0,1,0.033883,0.0,en
1435,Tarnation,2003-10-19,2003.0,"['Documentary', 'Drama']",Jonathan Caouette,"['Renee Leblanc', 'Adolph Davis', 'Jonathan Caouette']",218,1162014,1161796,532933.9449541284,7.5,22,1.063439,91.0,en
47546,I Want Your Money,2010-07-06,2010.0,['Documentary'],,[],0,0,0,,3.8,5,0.084344,92.0,en
189711,Love in the Time of Monsters,2014-03-08,2014.0,"['Horror', 'Comedy']",Matt Jackson,"['Kane Hodder', 'Doug Jones', 'Gena Shaw']",0,0,0,,5.0,2,0.133619,0.0,en
19204,The Beyond,1981-04-22,1981.0,['Horror'],Lucio Fulci,"['Catriona MacColl', 'David Warbeck', 'Cinzia Monreale']",0,0,0,,6.6,117,8.022122,87.0,it
9029,What Happens in Vegas,2008-05-07,2008.0,"['Comedy', 'Romance']",Tom Vaughan,"['Ashton Kutcher', 'Cameron Diaz', 'Lake Bell']",35000000,170000000,135000000,385.7142857142857,5.8,923,38.100488,99.0,da
18045,The Dark Hours,2005-03-11,2005.0,"['Horror', 'Science Fiction', 'Thriller']",Paul Fox,"['Kate Greenhouse', 'Aidan Devine', 'Gordon Currie']",500000,0,-500000,-100.0,5.5,22,1.428483,80.0,en
11240,My Beautiful Laundrette,1985-09-07,1985.0,"['Romance', 'Drama', 'Comedy']",Stephen Frears,"['Gordon Warnecke', 'Daniel Day-Lewis', 'Roshan Seth']",860000,2451545,1591545,185.06337209302325,6.6,51,3.703005,97.0,en
43743,Fabled,2002-01-01,2002.0,"['Drama', 'Mystery', 'Thriller']",,[],0,0,0,,0.0,0,0.003352,84.0,en
157909,Show Me,2004-09-23,2004.0,"['Drama', 'Thriller']",Cassandra Nicolaou,"['Michelle Nolden', 'Katharine Isabelle', 'Kett Turton']",0,0,0,,5.6,4,0.231297,97.0,en
10238,Cries and Whispers,1972-12-21,1972.0,['Drama'],Ingmar Bergman,"['Harriet Andersson', 'Ingrid Thulin', 'Kari Sylwan']",0,0,0,,7.8,115,11.347855,91.0,sv
3059,Intolerance,1916-09-04,1916.0,['Drama'],D.W. Griffith,"['Lillian Gish', 'Mae Marsh', 'Robert Harron']",385907,8394751,8008844,2075.330066570443,7.4,60,3.232447,197.0,en
15800,Trekkies,1997-10-18,1997.0,['Documentary'],Roger Nygard,"['Denise Crosby', 'Barbara Adams', 'Majel Barrett']",0,0,0,,6.3,22,2.77754,86.0,en
65203,The Broadway Melody,1929-02-08,1929.0,"['Drama', 'Music', 'Romance']",Harry Beaumont,"['Charles King', 'Anita Page', 'Bessie Love']",379000,4358000,3979000,1049.8680738786281,5.0,19,0.968865,100.0,en
764,The Evil Dead,1981-10-15,1981.0,['Horror'],Sam Raimi,"['Bruce Campbell', 'Ellen Sandweiss', 'Richard DeManincor']",350000,29400000,29050000,8300.0,7.3,894,35.037625,85.0,en
103620,Maniac,2012-12-26,2012.0,['Horror'],Franck Khalfoun,"['Elijah Wood', 'America Olivo', 'Nora Arnezeder']",6000000,31081,-5968919,-99.48198333333333,6.0,316,19.331884,89.0,en
319069,Censored Voices,2015-01-24,2015.0,"['History', 'Documentary']",Mor Loushy,['Amos Oz'],0,0,0,,5.1,8,0.59458,84.0,en
14278,Murderball,2005-07-22,2005.0,['Documentary'],Henry Alex Rubin,"['Joe Bishop', 'Keith Cavill', 'Andy Cohn']",300000,1750211,1450211,483.4036666666667,6.9,23,1.085909,88.0,en
25678,American Ninja 2: The Confrontation,1987-05-01,1987.0,"['Action', 'Adventure', 'Drama']",Sam Firstenberg,"['Michael Dudikoff', 'Steve James', 'Larry Poindexter']",0,0,0,,4.9,49,5.061107,90.0,en
79161,51 Birch Street,2006-10-18,2006.0,['Documentary'],Doug Block,"['Carol Block', 'Doug Block', 'Ellen Block']",0,0,0,,6.8,6,0.049921,90.0,en
371690,Rotor DR1,2015-10-20,2015.0,"['Science Fiction', 'Family']",Chad Kapper,"['Christian Kapper', 'Natalie Welch', 'Tom E. Nicholson']",350000,0,-350000,-100.0,4.7,3,0.249561,98.0,en
389,12 Angry Men,1957-03-25,1957.0,['Drama'],Sidney Lumet,"['Henry Fonda', 'Martin Balsam', 'John Fiedler']",350000,1000000,650000,185.71428571428572,8.2,2078,59.259204,96.0,en
52032,My Dog Tulip,2009-01-01,2009.0,"['Animation', 'Comedy', 'Drama']",Paul Fierlinger,"['Christopher Plummer', 'Lynn Redgrave', 'Isabella Rossellini']",0,246574,246574,inf,7.6,9,1.170257,83.0,en
3078,It Happened One Night,1934-02-22,1934.0,"['Comedy', 'Romance']",Frank Capra,"['Clark Gable', 'Claudette Colbert', 'Walter Connolly']",325000,4500000,4175000,1284.6153846153848,7.7,275,11.871424,105.0,en
38810,Dogtooth,2009-06-01,2009.0,['Drama'],Yorgos Lanthimos,"['Hristos Passalis', 'Angeliki Papoulia', 'Mary Tsoni']",0,110197,110197,inf,6.9,332,28.858238,94.0,el
21525,Tupac: Resurrection,2003-01-23,2003.0,"['Music', 'Documentary']",Lauren Lazin,['Tupac Amaru Shakur'],300000,7808524,7508524,2502.8413333333333,8.0,26,1.314576,112.0,en
55123,Tumbleweeds,1999-11-28,1999.0,"['Comedy', 'Drama']",Gavin O'Connor,"['Janet McTeer', 'Kimberly J. Brown', 'Jennifer Paige']",312000,1281176,969176,310.6333333333333,6.2,11,1.505703,102.0,en
11980,The Prophecy,1995-09-01,1995.0,"['Fantasy', 'Horror', 'Thriller']",Gregory Widen,"['Christopher Walken', 'Elias Koteas', 'Virginia Madsen']",8,16,8,100.0,6.4,138,11.818333,98.0,en
11956,When the Cat's Away,1996-04-03,1996.0,['Comedy'],Cédric Klapisch,"['Garance Clavel', 'Zinedine Soualem', 'Renée Le Calm']",0,0,0,,6.1,16,1.410387,91.0,fr
1550,Pieces of April,2003-01-19,2003.0,"['Comedy', 'Drama']",Peter Hedges,"['Katie Holmes', 'Derek Luke', 'Patricia Clarkson']",300000,0,-300000,-100.0,6.4,64,4.270596,81.0,en
162396,The Big Swap,1998-06-11,1998.0,[],Niall Johnson,"['Mark Adams', 'Mark Caven', 'Allison Egan']",0,0,0,,0.0,0,0.627763,0.0,en
26518,Old Joy,2006-01-01,2006.0,['Drama'],Kelly Reichardt,"['Daniel London', 'Will Oldham', 'Tanya Smith']",300000,0,-300000,-100.0,6.3,36,1.673208,73.0,en
8942,Wendy and Lucy,2008-05-22,2008.0,['Drama'],Kelly Reichardt,"['Michelle Williams', 'Will Patton', 'Will Oldham']",200000,0,-200000,-100.0,6.4,64,0.713906,80.0,en
68412,3 Backyards,2010-01-01,2010.0,['Drama'],Eric Mendelsohn,"['Edie Falco', 'Embeth Davidtz', 'Elias Koteas']",0,0,0,,4.8,4,0.17817,88.0,en
2786,Pierrot le Fou,1965-08-29,1965.0,"['Drama', 'Thriller']",Jean-Luc Godard,"['Jean-Paul Belmondo', 'Anna Karina', 'Graziella Galvani']",300000,0,-300000,-100.0,7.6,127,7.791898,110.0,fr
87943,Sisters in Law,2005-09-03,2005.0,['Documentary'],Kim Longinotto,[],0,0,0,,7.3,2,0.025211,104.0,en
73981,Ayurveda: Art of Being,2001-09-20,2001.0,['Documentary'],Pan Nalin,[],300000,2074000,1774000,591.3333333333333,5.5,3,0.055868,101.0,en
91721,Nothing But a Man,1964-01-01,1964.0,['Drama'],Michael Roemer,"['Ivan Dixon', 'Abbey Lincoln', 'Julius Harris']",0,0,0,,7.0,2,0.008453,95.0,en
118452,"First Love, Last Rites",1998-08-07,1998.0,['Drama'],Jesse Peretz,"['Giovanni Ribisi', 'Natasha Gregson Wagner', 'Donal Logue']",300000,40542,-259458,-86.48599999999999,3.0,1,0.374291,94.0,en
47534,Fighting Tommy Riley,2005-05-06,2005.0,"['Action', 'Adventure', 'Drama']",Eddie O'Flaherty,"['J.P. Davis', 'Eddie Jones', 'Christina Chambers']",0,0,0,,5.3,4,0.045429,0.0,en
40914,Royal Kill,2009-04-10,2009.0,"['Action', 'Thriller']",Babar Ahmed,"['Pat Morita', 'Eric Roberts', 'Gail Kim']",0,0,0,,2.8,6,1.088501,90.0,en
365052,The Looking Glass,2015-10-23,2015.0,[],John D. Hancock,"['Dorothy Tristan', 'Jace Casey', 'Jace Casey']",0,0,0,,7.0,1,0.062979,110.0,en
13282,Death Race 2000,1975-04-27,1975.0,"['Action', 'Comedy', 'Science Fiction']",Paul Bartel,"['David Carradine', 'Simone Griffeth', 'Sylvester Stallone']",300000,8000000,7700000,2566.666666666667,5.9,124,6.473667,80.0,en
250184,Locker 13,2014-03-29,2014.0,"['Horror', 'Drama', 'Thriller']",Jason Marsden,"['Ricky Schroder', 'Jon Gries', 'Tatyana Ali']",0,0,0,,6.8,3,1.905197,90.0,en
426067,Midnight Cabaret,1990-01-01,1990.0,['Horror'],Pece Dingo,"['Lisa Hart Carroll', 'Michael Des Barres', 'Paul Drake']",0,0,0,,0.0,0,0.001389,94.0,en
324352,Anderson's Cross,2010-05-20,2010.0,"['Romance', 'Comedy', 'Drama']",Jerome Elston Scott,"['Joanna Cassidy', 'Joyce Guy', 'Bill Moseley']",300000,0,-300000,-100.0,0.0,0,0.006323,98.0,en
318040,Bizarre,2015-02-07,2015.0,"['Drama', 'Romance']",Étienne Faure,"['Pierre Prieur', 'Adrian James', 'Raquel Nave']",0,0,0,,6.2,11,0.583446,99.0,en
27420,Graduation Day,1981-05-01,1981.0,['Horror'],Herb Freed,"['Christopher George', 'Billy Hufsey', 'Patch Mackenzie']",0,0,0,,5.0,22,1.452199,96.0,en
80468,Some Guy Who Kills People,2011-04-14,2011.0,"['Comedy', 'Horror', 'Thriller']",Jack Perez,"['Kevin Corrigan', 'Barry Bostwick', 'Karen Black']",300000,0,-300000,-100.0,5.7,45,2.733725,97.0,en
84188,Compliance,2012-08-23,2012.0,"['Drama', 'Thriller', 'Crime']",Craig Zobel,"['Ann Dowd', 'Dreama Walker', 'Pat Healy']",0,319285,319285,inf,6.3,221,8.942203,90.0,en
2255,Chasing Amy,1997-04-04,1997.0,"['Comedy', 'Drama', 'Romance']",Kevin Smith,"['Ben Affleck', 'Joey Lauren Adams', 'Jason Lee']",250000,12021272,11771272,4708.5088,6.7,433,20.601483,113.0,en
50035,Lovely & Amazing,2001-08-31,2001.0,"['Comedy', 'Drama', 'Romance']",Nicole Holofcener,"['Catherine Keener', 'Brenda Blethyn', 'Emily Mortimer']",250000,4186931,3936931,1574.7724,6.3,23,1.45917,91.0,en
300327,Death Calls,2010-09-01,2010.0,[],,[],0,0,0,,0.0,0,0.005883,0.0,en
14290,Better Luck Tomorrow,2002-01-12,2002.0,"['Crime', 'Drama']",Justin Lin,"['Parry Shen', 'Jason Tobin', 'Sung Kang']",0,0,0,,6.5,27,3.877036,101.0,en
29371,The Incredibly True Adventure of Two Girls In Love,1995-06-16,1995.0,"['Comedy', 'Drama', 'Romance']",Maria Maggenti,"['Laurel Holloman', 'Maggie Moore', 'Kate Stafford']",0,0,0,,5.7,13,1.70819,94.0,en
44490,Chuck & Buck,2000-01-21,2000.0,"['Comedy', 'Drama']",Miguel Arteta,"['Mike White', 'Chris Weitz', 'Lupe Ontiveros']",0,0,0,,5.7,16,0.812855,96.0,en
32222,American Desi,2001-01-01,2001.0,"['Drama', 'Comedy', 'Romance']",Piyush Dinker Pandya,"['Kal Penn', 'Purva Bedi', 'Deep Katdare']",250000,0,-250000,-100.0,5.0,4,0.126304,100.0,en
378237,Amidst the Devil's Wings,2014-12-01,2014.0,"['Drama', 'Action', 'Crime']",,[],300000,0,-300000,-100.0,0.0,0,0.018087,90.0,en
431,Cube,1997-09-09,1997.0,"['Thriller', 'Science Fiction', 'Mystery']",Vincenzo Natali,"['Nicole de Boer', 'Nicky Guadagni', 'David Hewlett']",250000,501818,251818,100.7272,6.9,1069,44.656151,90.0,en
76996,Love and Other Catastrophes,1996-08-01,1996.0,"['Comedy', 'Romance']",Emma-Kate Croghan,"['Matt Day', 'Matthew Dyktynski', 'Alice Garner']",0,0,0,,5.8,9,0.619348,78.0,it
51942,I Married a Strange Person!,1998-08-28,1998.0,"['Drama', 'Comedy', 'Animation']",Bill Plympton,"['Charis Michelsen', 'Tom Larson', 'Richard Spore']",250,203,-47,-18.8,7.5,12,0.293649,72.0,en
1424,November,2004-07-22,2004.0,"['Drama', 'Mystery', 'Thriller']",Greg Harrison,"['Courteney Cox', 'James Le Gros', 'Michael Ealy']",0,0,0,,4.9,11,5.742359,73.0,en
60420,Like Crazy,2011-10-28,2011.0,"['Drama', 'Romance']",Drake Doremus,"['Anton Yelchin', 'Felicity Jones', 'Jennifer Lawrence']",250000,3542353,3292353,1316.9412,6.4,381,21.825564,90.0,en
325123,Teeth and Blood,2015-03-10,2015.0,['Horror'],,"['Glenn Plummer', 'Michelle Van Der Water', 'Danielle Vega']",0,0,0,,3.0,1,0.055325,96.0,en
142132,Sugar Town,1999-09-17,1999.0,['Comedy'],Allison Anders,"['John Taylor', 'Michael Des Barres', 'Martin Kemp']",0,0,0,,5.5,2,0.375423,92.0,en
20520,The Motel,2005-01-01,2005.0,"['Drama', 'Comedy']",Michael Kang,"['Jeffrey Chyau', 'Sung Kang', 'Jade Wu']",0,0,0,,7.0,3,0.120505,75.0,en
109729,The Canyons,2013-07-29,2013.0,"['Thriller', 'Drama']",Paul Schrader,"['Lindsay Lohan', 'James Deen', 'Gus Van Sant']",250000,56825,-193175,-77.27000000000001,4.1,75,6.978907,99.0,en
78307,On the Outs,2004-09-11,2004.0,['Drama'],Lori Silverbush,"['Judy Marte', 'Paola Mendoza', 'Flaco Navaja']",0,0,0,,5.9,6,0.493223,86.0,en
12247,Shotgun Stories,2007-10-01,2007.0,"['Drama', 'Thriller']",Jeff Nichols,"['Michael Shannon', 'Glenda Pannell', 'Lynnsee Provence']",0,0,0,,6.9,57,5.251143,92.0,en
29917,Exam,2009-06-19,2009.0,"['Thriller', 'Mystery']",Stuart Hazeldine,"['Luke Mably', 'Adar Beck', 'Chris Carey']",0,0,0,,6.6,523,20.265518,101.0,en
70687,The Sticky Fingers of Time,1997-06-06,1997.0,"['Science Fiction', 'Drama']",Hilary Brougher,"['Terumi Matthews', 'Nicole Zaray', 'Belinda Becker']",250000,0,-250000,-100.0,4.8,3,0.130169,90.0,en
60463,Sunday School Musical,2008-10-21,2008.0,['Music'],Rachel Goldenberg,"['Chris Chatman', 'Candise Lakota', 'Krystle Connor']",0,0,0,,5.5,4,0.46049,93.0,en
46252,Rust,2010-10-07,2010.0,['Drama'],Corbin Bernsen,"['Corbin Bernsen', 'Frank Gallacher', 'Lloyd Warner']",0,0,0,,0.0,0,0.399491,94.0,en
24869,Ink,2009-01-23,2009.0,"['Action', 'Fantasy']",Jamin Winans,"['Chris Kelly', 'Jessica Duffy', 'Quinn Hunchar']",250000,0,-250000,-100.0,6.4,101,5.217002,106.0,en
77934,The Christmas Bunny,2010-11-28,2010.0,"['Drama', 'Family']",Tom Seidman ,"['Sophie Bolen', 'Madeline Vail ', 'Colby French']",250000,0,-250000,-100.0,5.7,7,0.065103,96.0,en
34697,Butterfly,1982-02-05,1982.0,"['Crime', 'Drama']",Matt Cimber,"['Stacy Keach', 'Pia Zadora', 'Orson Welles']",0,0,0,,5.0,12,1.063615,107.0,en
320435,UnDivided,2013-02-01,2013.0,[],,[],0,0,0,,0.0,0,0.010607,0.0,en
150211,The Frozen,2012-10-10,2012.0,"['Horror', 'Thriller']",Andrew Hyatt,"['Brit Morgan', 'Noah Segan']",0,0,0,,4.2,14,1.084387,0.0,en
306667,Horse Camp,2015-01-10,2015.0,"['Family', 'Drama']",Joel Paul Reisig,"['Jordan Trovillion', 'Dean Cain', 'Sherryl Despres']",0,0,0,,5.5,2,0.172299,108.0,en
274758,Give Me Shelter,2014-06-24,2014.0,['Documentary'],Kristin Rizzo,"['Katie Cleary', 'Robert Davi', 'Carole Davis']",0,0,0,,0.0,0,0.278981,90.0,en
3060,The Big Parade,1925-11-05,1925.0,"['Drama', 'Romance', 'War']",King Vidor,"['John Gilbert', 'Renée Adorée', 'Hobart Bosworth']",245000,22000000,21755000,8879.591836734695,7.0,21,0.785744,151.0,en
40963,Little Big Top,2006-01-01,2006.0,['Comedy'],,"['Sid Haig', 'Richard Riehle', 'Mel England']",0,0,0,,10.0,1,0.0921,0.0,en
173224,Along the Roadside,2013-02-28,2013.0,"['Romance', 'Comedy', 'Music']",Zoran Lisinac,"['Michael Madsen', 'Iman Crosson', 'Lazar Ristovski']",250,0,-250,-100.0,7.7,3,0.166655,118.0,en
18533,Bronson,2008-10-09,2008.0,"['Drama', 'Action', 'Crime']",Nicolas Winding Refn,"['Tom Hardy', 'Matt King', 'James Lance']",230000,2260712,2030712,882.9182608695652,6.9,733,18.450613,92.0,en
376010,Western Religion,2015-10-09,2015.0,['Western'],James O'Brien,"['Peter Shinkoda', 'Merik Tadros', 'Peter Sherayko']",0,0,0,,0.0,0,0.58954,106.0,en
139948,Burn,2012-11-01,2012.0,"['Foreign', 'Documentary']",Tom Putnam,"['Donald Austin', 'Brendan ""Doogie"" Milewski', 'Dave Parnell']",225000,111300,-113700,-50.53333333333333,6.9,6,0.126676,86.0,en
77332,Urbania,2000-01-24,2000.0,"['Romance', 'Drama']",Jon Matthews,"['Dan Futterman', 'Matt Keeslar', 'Samuel Ball']",0,0,0,,5.2,10,0.065155,103.0,en
70478,The Stewardesses,1969-07-25,1969.0,['Comedy'],Al Silliman Jr.,"['Christina Hart', 'Ronald South', 'William Condos']",100000,27000000,26900000,26900.0,4.3,5,1.183892,69.0,en
35073,"The Beast from 20,000 Fathoms",1953-06-13,1953.0,"['Adventure', 'Horror', 'Science Fiction']",Eugène Lourié,"['Paul Hubschmid', 'Paula Raymond', 'Cecil Kellaway']",210000,5000000,4790000,2280.952380952381,6.7,41,2.043661,80.0,en
9659,Mad Max,1979-04-12,1979.0,"['Adventure', 'Action', 'Thriller', 'Science Fiction']",George Miller,"['Mel Gibson', 'Joanne Samuel', 'Hugh Keays-Byrne']",400000,100000000,99600000,24900.0,6.6,1213,33.142185,93.0,en
10218,Swingers,1996-10-18,1996.0,"['Comedy', 'Romance']",Doug Liman,"['Jon Favreau', 'Vince Vaughn', 'Ron Livingston']",200000,4505922,4305922,2152.9610000000002,6.8,253,13.971674,94.0,en
391,A Fistful of Dollars,1964-09-12,1964.0,['Western'],Sergio Leone,"['Clint Eastwood', 'Marianne Koch', 'Gian Maria Volonté']",200000,14500000,14300000,7150.0,7.6,883,38.771062,99.0,it
43595,She Done Him Wrong,1933-02-09,1933.0,['Comedy'],Lowell Sherman,"['Mae West', 'Cary Grant', 'Owen Moore']",200000,2200000,2000000,1000.0,5.1,27,0.622752,66.0,en
194588,Short Cut to Nirvana: Kumbh Mela,2004-05-11,2004.0,[],,[],0,0,0,,0.0,0,0.004998,85.0,en
54897,The Grace Card,2011-02-25,2011.0,['Drama'],David Evans ,"['Michael Joiner', 'Michael Higgenbottom', 'Louis Gossett, Jr.']",200000,2295733,2095733,1047.8664999999999,6.5,10,0.616283,101.0,en
83588,Middle of Nowhere,2012-10-12,2012.0,['Drama'],Ava DuVernay,"['David Oyelowo', 'Maya Gilbert', 'Sharon Lawrence']",0,0,0,,6.6,7,2.836537,101.0,en
53256,Three,2010-12-23,2010.0,"['Romance', 'Drama', 'Comedy']",Tom Tykwer,"['Sophie Rois', 'Sebastian Schipper', 'Devid Striesow']",0,2611555,2611555,inf,6.3,31,5.937602,119.0,de
40920,The Business of Fancydancing,2002-01-14,2002.0,"['Music', 'Drama']",Sherman Alexie,"['Evan Adams', 'Michelle St. John', 'Gene Tagaban']",200000,0,-200000,-100.0,8.0,2,0.06104,103.0,en
287815,Call + Response,2008-10-10,2008.0,['Documentary'],Justin Dillon,[],0,0,0,,8.0,1,0.062089,86.0,en
54702,Malevolence,2004-09-10,2004.0,"['Crime', 'Horror', 'Thriller']",Stevan Mena,"['Samantha Dark', 'Heather Magee', 'Richard Glover']",450000,0,-450000,-100.0,4.9,14,1.077321,90.0,en
176074,Reality Show,2015-01-01,2015.0,[],Adam Rifkin,"['Adam Rifkin', 'Kelley Menighan Hensley', 'Kendra Sue Waldman']",0,0,0,,5.5,2,0.472123,92.0,en
69270,Super Hybrid,2010-01-01,2010.0,['Horror'],Eric Valette,"['Shannon Beckner', 'Oded Fehr', 'Ryan Kennedy']",13000000,0,-13000000,-100.0,4.6,24,4.009379,95.0,en
5759,Baghead,2008-01-21,2008.0,"['Drama', 'Comedy', 'Horror']",Jay Duplass,"['Ross Partridge', 'Steve Zissis', 'Greta Gerwig']",0,0,0,,5.8,23,3.299345,84.0,en
402515,American Beast,2014-10-21,2014.0,['Horror'],Livingston Oden,"['Armin Habibovich', 'Victoria Lachelle', 'Livingston Oden']",0,0,0,,0.0,0,0.018716,89.0,pt
126141,The Case of the Grinning Cat,2004-12-05,2004.0,['Documentary'],Chris Marker,[],0,0,0,,7.7,3,0.092562,59.0,en
48035,Ordet,1955-01-09,1955.0,['Drama'],Carl Theodor Dreyer,"['Birgitte Federspiel', 'Preben Lerdorff Rye', 'Henrik Malberg']",0,0,0,,7.8,65,3.225189,126.0,da
14758,Good Dick,2008-10-03,2008.0,"['Comedy', 'Drama', 'Romance']",Marianna Palka,"['Marianna Palka', 'Jason Ritter', 'Eric Edelstein']",0,0,0,,6.1,34,1.948435,86.0,en
13363,The Man from Earth,2007-06-10,2007.0,"['Science Fiction', 'Drama']",Richard Schenkman,"['David Lee Smith', 'Tony Todd', 'John Billingsley']",0,0,0,,7.7,687,31.339015,87.0,en
37985,The Trials Of Darryl Hunt,2007-06-15,2007.0,['Documentary'],Ricki Stern,[],0,0,0,,6.8,4,0.15066,106.0,en
25786,Samantha: An American Girl Holiday,2004-11-23,2004.0,"['Drama', 'Family']",Nadia Tass,"['Mia Farrow', 'AnnaSophia Robb', 'Olivia Ballantyne']",0,0,0,,4.6,9,4.980585,86.0,en
36549,Yesterday Was a Lie,2008-01-01,2008.0,"['Drama', 'Mystery', 'Science Fiction', 'Thriller']",James Kerwin,"['Chase Masterson', 'John Newton', 'Kipleigh Brown']",0,0,0,,6.0,4,0.145014,89.0,en
361398,Theresa Is a Mother,2015-09-25,2015.0,"['Music', 'Comedy', 'Drama']",Darren Press,"['Edie McClurg', 'C. Fraser Press', 'Richard Poe']",0,0,0,,0.0,0,0.036532,105.0,en
289180,H.,2014-08-28,2014.0,"['Thriller', 'Drama', 'Science Fiction']",Rania Attieh,"['Robin Bartlett', 'Rebecca Dayan', 'Will Janowitz']",0,0,0,,6.5,4,1.045623,93.0,en
288927,Archaeology of a Woman,2014-09-12,2014.0,['Drama'],Sharon Greytak,"['Sally Kirkland', 'Victoria Clark', 'James Murtaugh']",0,0,0,,0.0,0,0.254659,94.0,en
21334,Children of Heaven,1997-08-01,1997.0,"['Drama', 'Comedy', 'Family']",Majid Majidi,"['Mohammad Amir Naji', 'Amir Farrokh Hashemian', 'Bahare Seddiqi']",180000,900000,720000,400.0,7.8,112,7.072118,89.0,fa
79120,Weekend,2011-09-22,2011.0,"['Drama', 'Romance']",Andrew Haigh,"['Tom Cullen', 'Chris New', 'Jonathan Race']",8000,469947,461947,5774.3375,7.4,163,1.041254,96.0,en
27995,She's Gotta Have It,1986-08-08,1986.0,"['Comedy', 'Romance']",Spike Lee,"['Tracy Camilla Johns', 'Tommy Redmond Hicks', 'John Canada Terrell']",0,0,0,,6.1,25,6.722213,84.0,en
253290,Butterfly Girl,2014-03-10,2014.0,['Documentary'],Cary Bell,[],0,0,0,,0.0,0,0.015189,77.0,en
344466,The World Is Mine,2015-06-05,2015.0,['Drama'],Nicolae Constantin Tanase,"['Ana Maria Guran', 'Iulia Ciochina', 'Oana Rusu']",0,0,0,,0.0,0,0.327622,104.0,ro
55420,Another Earth,2011-07-22,2011.0,"['Drama', 'Science Fiction']",Mike Cahill,"['William Mapother', 'Brit Marling', 'Matthew-Lee Erlbach']",100000,1776935,1676935,1676.935,6.8,527,25.402697,92.0,en
5822,Sweet Sweetback's Baadasssss Song,1971-04-23,1971.0,"['Action', 'Drama', 'Romance']",Melvin Van Peebles,"['Simon Chuckster', 'Melvin Van Peebles', 'Hubert Scales']",150000,15200000,15050000,10033.333333333332,4.6,18,0.132878,97.0,en
408429,Perfect Cowboy,2014-07-13,2014.0,['Drama'],Ken Roht,"['Ken Roht', 'Jeffrey Watkins', 'William Nicol']",200,0,-200,-100.0,5.0,1,0.050978,109.0,en
39141,Tadpole,2002-11-01,2002.0,"['Comedy', 'Drama', 'Romance']",Gary Winick,"['Aaron Stanford', 'Kate Mara', 'Bebe Neuwirth']",150000,2891288,2741288,1827.5253333333333,5.5,19,8.570328,78.0,en
5723,Once,2007-03-23,2007.0,"['Drama', 'Music', 'Romance']",John Carney,"['Glen Hansard', 'Markéta Irglová', 'Hugh Walsh']",160000,20710513,20550513,12844.070625,7.3,453,19.052179,85.0,en
28666,The Woman Chaser,1999-10-08,1999.0,['Drama'],Robinson Devor,"['Patrick Warburton', 'Eugene Roche', 'Ron Morgan']",0,0,0,,4.9,4,0.619979,90.0,en
30979,The Horse Boy,2009-11-25,2009.0,['Documentary'],Michel O. Scott,"['Simon Baron-Cohen', 'Temple Grandin', 'Roy Richard Grinker']",0,0,0,,5.5,2,0.465404,93.0,en
50497,When the Lights Went Out,2012-01-31,2012.0,"['Thriller', 'Drama', 'Horror']",Pat Holden,"['Kate Ashfield', 'Jo Hartley', 'Martin Compston']",0,0,0,,5.8,49,2.805351,86.0,en
354624,Heroes of Dirt,2015-09-04,2015.0,"['Action', 'Drama']",Eric Bugbee,"['Joel Moody', 'William Martinez', 'Vivienne VanHorn']",0,0,0,,0.0,0,0.076647,98.0,en
13187,A Charlie Brown Christmas,1965-12-09,1965.0,"['Animation', 'Family', 'Comedy', 'TV Movie']",Bill Melendez,"['Ann Altieri', 'Chris Doran', 'Sally Dryer']",0,0,0,,7.5,153,8.701183,25.0,en
335244,Antarctic Edge: 70° South,2015-04-17,2015.0,['Documentary'],Dena Seidel,[],0,0,0,,0.0,0,0.021392,72.0,en
178862,Aroused,2013-02-20,2013.0,['Documentary'],Deborah Anderson,"['Lisa Ann', 'Kayden Kross', 'Belladonna']",0,0,0,,7.2,11,2.557258,73.0,en
331745,Top Spin,2014-11-15,2014.0,['Documentary'],Sara Newens,[],0,0,0,,6.8,6,0.523122,80.0,en
1779,Roger & Me,1989-09-01,1989.0,"['Documentary', 'History']",Michael Moore,"['Michael Moore', 'Roger B. Smith', 'Rhonda Britton']",160000,6706368,6546368,4091.48,7.4,90,3.284903,91.0,en
282128,An American in Hollywood,2014-07-18,2014.0,[],Sai Varadan,"['J.D. Williams', 'Hassan Johnson', 'Anil Raman']",0,0,0,,0.0,0,0.015697,89.0,en
86812,Sound of My Voice,2011-01-22,2011.0,"['Science Fiction', 'Drama', 'Mystery']",Zal Batmanglij,"['Brit Marling', 'Christopher Denham', 'Nicole Vicius']",0,0,0,,6.3,108,6.192383,85.0,en
38786,The Blood of My Brother: A Story of Death in Iraq,2005-11-25,2005.0,[],,[],0,0,0,,0.0,0,0.005256,90.0,en
84355,Your Sister's Sister,2011-09-11,2011.0,"['Drama', 'Comedy']",Lynn Shelton,"['Mark Duplass', 'Emily Blunt', 'Rosemarie DeWitt']",125000,3200000,3075000,2460.0,6.5,137,12.833247,90.0,en
18632,A Dog's Breakfast,2007-03-03,2007.0,['Comedy'],David Hewlett,"['David Hewlett', 'Kate Hewlett', 'Paul McGillion']",120000,0,-120000,-100.0,5.9,24,2.213889,88.0,en
40652,The Married Woman,1964-12-04,1964.0,"['Drama', 'Romance']",Jean-Luc Godard,"['Macha Méril', 'Bernard Noël', 'Philippe Leroy']",120000,0,-120000,-100.0,7.1,20,1.112792,95.0,fr
339408,The Birth of a Nation,2016-09-09,2016.0,['Drama'],Nate Parker,"['Nate Parker', 'Armie Hammer', 'Aja Naomi King']",8500000,15861566,7361566,86.60665882352941,6.5,178,9.452808,120.0,en
266857,The Work and The Story,2003-01-01,2003.0,['Comedy'],Nathan Smith Jones,"['Kirby Heyborne', 'Christopher Robin Miller', 'Eric Artell']",0,0,0,,0.0,0,0.002388,70.0,en
18925,Facing the Giants,2006-09-29,2006.0,['Drama'],Alex Kendrick,"['James Blackwell', 'Alex Kendrick', 'Shannen Fields']",100000,10178331,10078331,10078.331,6.6,64,4.563698,111.0,en
299245,The Gallows,2015-07-10,2015.0,"['Horror', 'Thriller']",Travis Cluff,"['Cassidy Gifford', 'Ryan Shoos', 'Pfeifer Brown']",100000,42664410,42564410,42564.409999999996,4.9,361,18.045782,87.0,en
985,Eraserhead,1977-03-19,1977.0,"['Drama', 'Fantasy', 'Horror', 'Science Fiction']",David Lynch,"['Jack Nance', 'Charlotte Stewart', 'Allen Joseph']",10000,7000000,6990000,69900.0,7.5,485,20.399578,89.0,en
34101,Hollywood Shuffle,1987-03-20,1987.0,['Comedy'],Robert Townsend,"['Robert Townsend', 'Craigus R. Johnson', 'Helen Martin']",0,0,0,,5.7,19,2.353483,78.0,en
9821,The Mighty,1998-10-23,1998.0,"['Comedy', 'Drama']",Peter Chelsom,"['Sharon Stone', 'Elden Henson', 'Kieran Culkin']",0,0,0,,7.1,51,5.497682,100.0,en
65448,Penitentiary,1979-12-01,1979.0,"['Action', 'Drama']",Jamaa Fanaka,"[""Wilbur 'Hi-Fi' White"", 'Leon Isaac Kennedy', 'Thommy Pollard ']",0,0,0,,4.9,8,0.001117,99.0,en
18841,The Lost Skeleton of Cadavra,2001-09-12,2001.0,"['Comedy', 'Horror', 'Science Fiction']",Larry Blamire,"['Fay Masterson', 'Andrew Parks', 'Susan McConnell']",0,0,0,,6.5,30,1.680525,90.0,en
272726,Dude Where's My Dog?,2014-06-12,2014.0,['Family'],Stephen Langford,"['Gabriela Castillo', 'Trish Cook', 'Alexander G. Eckert']",0,0,0,,0.0,0,0.28397,0.0,en
175291,Cheap Thrills,2013-03-08,2013.0,"['Drama', 'Comedy', 'Crime']",E.L. Katz,"['Pat Healy', 'Ethan Embry', 'Sara Paxton']",0,0,0,,6.3,155,10.826253,85.0,en
80215,Indie Game: The Movie,2012-05-18,2012.0,['Documentary'],Lisanne Pajot,"['Jonathan Blow', 'Phil Fish', 'Edmund McMillen']",0,0,0,,7.4,203,7.676677,96.0,en
13538,Straightheads,2007-04-27,2007.0,['Thriller'],Dan Reed,"['Gillian Anderson', 'Danny Dyer', 'Adam Rayner']",0,0,0,,5.2,40,8.302951,88.0,en
51130,Open Secret,1948-02-14,1948.0,"['Crime', 'Mystery', 'Thriller']",John Reinhardt,"['John Ireland', 'Jane Randolph', 'Sheldon Leonard']",0,0,0,,7.0,2,0.186401,68.0,en
270554,Echo Dr.,2013-11-08,2013.0,"['Thriller', 'Action', 'Drama', 'Science Fiction']",Patrick Ryan Sims,"['Johnathan Hurley', 'Jordan Savage', 'Dane Bowman']",0,0,0,,5.0,1,0.053755,85.0,en
72086,The Night Visitor,1971-01-01,1971.0,"['Crime', 'Horror']",László Benedek,"['Max von Sydow', 'Trevor Howard', 'Liv Ullmann']",0,0,0,,7.3,6,0.074005,106.0,en
268917,The Past Is a Grotesque Animal,2014-06-15,2014.0,"['Documentary', 'Music']",Jason Miller,"['Dottie Alexander', 'Derek Almstead', 'David Barnes']",100,0,-100,-100.0,5.5,2,0.394575,77.0,en
64973,"Peace, Propaganda & the Promised Land",2005-01-28,2005.0,['Documentary'],Sut Jhally,[],0,0,0,,6.4,4,0.020168,80.0,en
473,Pi,1998-07-10,1998.0,"['Mystery', 'Drama', 'Thriller']",Darren Aronofsky,"['Sean Gullette', 'Mark Margolis', 'Ben Shenkman']",60000,3221152,3161152,5268.586666666667,7.1,586,27.788067,84.0,en
90414,"I Love You, Don't Touch Me!",1997-01-21,1997.0,"['Comedy', 'Romance']",Julie Davis,"['Marla Schaffel', 'Mitchell Whitfield', 'Michael Harris']",0,0,0,,6.0,1,0.020839,86.0,fr
111794,20 Dates,1998-01-01,1998.0,"['Romance', 'Comedy']",Myles Berkowitz,"['Myles Berkowitz', 'Tia Carrere', 'Elisabeth Wagner']",0,0,0,,3.7,3,0.408073,87.0,en
360188,Queen Crab,2015-09-29,2015.0,['Science Fiction'],Brett Piper,"['Michelle Simone Miller', 'Kathryn Metz', 'A.J. DeLucia']",75000,0,-75000,-100.0,3.3,3,0.140989,90.0,en
9372,Super Size Me,2004-01-17,2004.0,"['Documentary', 'Comedy', 'Drama']",Morgan Spurlock,"['Morgan Spurlock', 'Daryl Isaacs', 'Lisa Ganjhu']",65000,28575078,28510078,43861.65846153846,6.6,506,10.400603,100.0,en
85860,The FP,2011-03-13,2011.0,['Comedy'],Brandon Trost,"['Jason Trost', 'Lee Valmassy', 'Art Hsu']",0,0,0,,4.5,11,0.838957,82.0,en
244534,Happy Christmas,2014-06-26,2014.0,"['Comedy', 'Drama']",Joe Swanberg,"['Anna Kendrick', 'Melanie Lynskey', 'Mark Webber']",0,0,0,,5.2,58,7.052422,82.0,en
33468,The Brain That Wouldn't Die,1962-02-25,1962.0,"['Horror', 'Science Fiction']",Joseph Green,"['Jason Evers', 'Virginia Leith', 'Doris Brent']",62000,0,-62000,-100.0,4.4,32,2.407048,82.0,en
294086,Tiger Orange,2014-07-26,2014.0,['Drama'],Wade Gasque,"['Mark Strano', 'Frankie Valenti', 'Johnny Hazzard']",0,0,0,,6.4,4,0.176377,75.0,en
139998,Supporting Characters,2012-01-23,2012.0,"['Drama', 'Comedy']",Daniel Schechter,"['Alex Karpovsky', 'Tarik Lowe', 'Arielle Kebbel']",0,0,0,,6.7,10,0.620554,87.0,en
74777,Absentia,2011-03-03,2011.0,"['Mystery', 'Horror', 'Thriller']",Mike Flanagan,"['Katie Parker', 'Courtney Bell', 'Morgan Peter Brown']",70000,0,-70000,-100.0,5.8,121,6.328665,92.0,en
16388,The Brothers McMullen,1995-08-09,1995.0,"['Comedy', 'Drama', 'Romance']",Edward Burns,"['Shari Albert', 'Maxine Bahns', 'Catharine Bolz']",0,0,0,,6.3,23,1.578903,98.0,en
159770,The Dirties,2013-10-04,2013.0,['Drama'],Matt Johnson,"['Matt Johnson', 'Owen Williams', 'Krista Madison']",0,0,0,,6.0,42,0.833937,83.0,en
42109,Gabriela,1983-03-24,1983.0,"['Drama', 'Romance']",Bruno Barreto,"['Sônia Braga', 'Marcello Mastroianni', 'Antonio Cantafora']",0,0,0,,6.0,2,0.557602,99.0,pt
47607,Tiny Furniture,2010-11-12,2010.0,"['Romance', 'Comedy', 'Drama']",Lena Dunham,"['Lena Dunham', 'Laurie Simmons', 'Grace Dunham']",65000,416498,351498,540.7661538461539,5.6,59,2.380332,99.0,en
193603,Hayride,2012-10-13,2012.0,"['Thriller', 'Horror']",Terron R. Parsons,"['Richard Tyson', 'Sherri Eakin', 'Jeremy Ivy']",60000,0,-60000,-100.0,5.1,6,0.412342,93.0,en
84659,The Naked Ape,2006-09-16,2006.0,"['Drama', 'Comedy', 'Family']",Daniel Mellitz,"['Josh Wise', 'Chelse Swain', 'Sean Shanks']",0,0,0,,5.0,1,0.077577,110.0,en
322745,Counting,2015-02-09,2015.0,['Documentary'],Jem Cohen,[],50000,0,-50000,-100.0,8.3,3,0.293587,111.0,en
20981,The Call of Cthulhu,2005-01-01,2005.0,"['Horror', 'Thriller', 'Fantasy']",Andrew Leman,"['Matt Foyer', 'John Bolen', 'Ralph Lucas']",50000,0,-50000,-100.0,6.9,41,1.777148,47.0,en
174362,Bending Steel,2013-04-20,2013.0,['Documentary'],Dave Carroll,[],0,0,0,,5.0,1,0.048726,93.0,en
242095,The Signal,2014-03-15,2014.0,"['Thriller', 'Science Fiction']",William Eubank,"['Brenton Thwaites', 'Olivia Cooke', 'Beau Knapp']",4000000,600896,-3399104,-84.9776,5.8,631,27.662696,95.0,en
250902,The Image Revolution,2013-11-21,2013.0,['Documentary'],Patrick Meaney,"['Todd McFarlane', 'Rob Liefeld', 'Jim Lee']",50000,0,-50000,-100.0,5.7,3,0.54562,81.0,en
158895,This Is Martin Bonner,2013-06-28,2013.0,['Drama'],Chad Hartigan,"['Paul Eenhoorn', 'Richmond Arquette', 'Sam Buchanan']",0,0,0,,6.6,4,0.76368,83.0,en
222250,A True Story,2013-09-20,2013.0,['Comedy'],Malcolm Goodwin,"['Katrina Bowden', 'Jon Gries', 'Malcolm Goodwin']",0,0,0,,6.8,2,0.970351,96.0,en
18292,George Washington,2000-10-01,2000.0,['Drama'],David Gordon Green,"['Candace Evanofski', 'Donald Holden', 'Damian Jewan Lee']",0,0,0,,6.4,36,2.058834,89.0,en
125537,Smiling Fish & Goat On Fire,1999-09-16,1999.0,"['Comedy', 'Romance']",Kevin Jordan,"['Derick Martini', 'Amy Hathaway', 'Steven Martini']",0,0,0,,7.0,1,0.00734,90.0,en
326576,Dawn of the Crescent Moon,2014-04-05,2014.0,"['Thriller', 'Drama', 'Science Fiction']",Kirk Loudon,"['Barry Corbin', 'Brooke Coleman', 'Kurt Cole']",0,0,0,,2.0,1,0.049469,95.0,en
228550,Raymond Did It,2011-03-27,2011.0,['Horror'],Travis Legge,"['Kyle Hoskins', 'Elissa Dowling', 'Linda Cieslik']",0,0,0,,3.2,8,0.160779,83.0,en
13963,The Last Waltz,1978-05-01,1978.0,"['Documentary', 'Music']",Martin Scorsese,"['Robbie Robertson', 'Rick Danko', 'Levon Helm']",0,321952,321952,inf,7.9,64,3.277287,117.0,en
290391,"Run, Hide, Die",2015-09-01,2015.0,"['Thriller', 'Horror']",Collin Joseph Neal,"['Alison Monda', 'Alicia Mendez', 'Ivey Bronwen']",50000,0,-50000,-100.0,3.5,2,0.595809,75.0,en
44770,The Exploding Girl,2009-04-22,2009.0,"['Drama', 'Romance']",Bradley Rust Gray,"['Zoe Kazan', 'Mark Rendall', 'Maryann Urbano']",0,0,0,,6.4,15,0.611081,80.0,en
69382,The Legend of God's Gun,2007-07-08,2007.0,"['Action', 'Western']",Mike Bruce,"['Robert Bones', 'Kirpatrick Thomas', 'Dave Koenig']",0,0,0,,0.0,0,0.003582,78.0,en
40769,Mutual Appreciation,2005-03-01,2005.0,"['Drama', 'Comedy']",Andrew Bujalski,"['Justin Rice', 'Rachel Clift', 'Andrew Bujalski']",500000,0,-500000,-100.0,6.1,8,0.123068,109.0,en
220490,Her Cry: La Llorona Investigation,2013-04-19,2013.0,['Horror'],Damir Catic,"['Nichole Ceballos', 'James Ezrin', 'Everardo Guzman']",0,0,0,,0.0,0,0.056459,89.0,en
42151,Down Terrace,2009-09-01,2009.0,"['Drama', 'Action', 'Comedy']",Ben Wheatley,"['Robert Hill', 'Robin Hill', 'Julia Deakin']",31192,10000,-21192,-67.94049756347782,6.3,26,1.330379,89.0,en
2292,Clerks,1994-09-13,1994.0,['Comedy'],Kevin Smith,"[""Brian O'Halloran"", 'Jeff Anderson', 'Jason Mewes']",27000,3151130,3124130,11570.851851851852,7.4,755,19.748658,92.0,en
42497,Pink Narcissus,1971-01-01,1971.0,"['Drama', 'Romance']",James Bidgood,"['Bobby Kendall', 'Donald L. Brooks', 'Charles Ludlam']",27000,0,-27000,-100.0,6.0,9,0.027811,64.0,en
33693,Funny Ha Ha,2002-09-20,2002.0,"['Drama', 'Comedy']",Andrew Bujalski,"['Kate Dollenmayer', 'Mark Herlehy', 'Christian Rudder']",0,76901,76901,inf,6.3,8,0.362633,85.0,en
14585,In the Company of Men,1997-01-19,1997.0,"['Comedy', 'Drama']",Neil LaBute,"['Aaron Eckhart', 'Stacy Edwards', 'Matt Malloy']",0,0,0,,6.8,44,2.634007,97.0,en
185465,Manito,2002-01-15,2002.0,['Drama'],Eric Eason,"['Franky G', 'Leo Minaya', 'Manuel Cabral']",0,0,0,,5.5,2,0.039264,78.0,en
38780,Rampage,2009-08-14,2009.0,"['Action', 'Drama', 'Crime', 'Thriller']",Uwe Boll,"['Brendan Fletcher', 'Shaun Sipos', 'Michael Paré']",0,0,0,,6.0,131,7.101197,85.0,en
14022,Slacker,1990-07-27,1990.0,['Comedy'],Richard Linklater,"['Richard Linklater', 'Mark James']",0,0,0,,6.4,77,3.320622,97.0,en
366967,Dutch Kills,2015-10-02,2015.0,"['Thriller', 'Crime', 'Drama']",Joseph Mazzella,"['R.L. Mann', 'Tama Filianga', 'Mikaal Bates']",0,0,0,,0.0,0,0.038143,90.0,en
255266,Dry Spell,2013-02-14,2013.0,"['Comedy', 'Romance']",Travis Legge,"['Suzi Lorraine', 'Jared Degado', 'Heather Dorff']",22000,0,-22000,-100.0,6.0,1,0.048948,90.0,en
17345,Flywheel,2003-01-01,2003.0,"['Drama', 'Family']",Alex Kendrick,['Alex Kendrick'],0,0,0,,6.8,19,1.048524,120.0,en
226458,Backmask,2015-01-16,2015.0,"['Thriller', 'Horror']",Marcus Nispel,"['Stephen Lang', 'Kelly Blatz', 'Brittany Curran']",0,0,0,,4.7,79,3.619167,91.0,en
24055,The Puffy Chair,2005-01-17,2005.0,"['Drama', 'Comedy', 'Romance']",Jay Duplass,"['Mark Duplass', 'Katie Aselton', 'Rhett Wilkins']",0,0,0,,6.2,15,1.243955,85.0,en
287625,Stories of Our Lives,2014-09-05,2014.0,['Drama'],Jim Chuchu,"['Louis Brooke', 'Allan Bryan Weku', 'Judy Gichohi']",0,0,0,,0.0,0,0.327794,60.0,en
44990,Breaking Upwards,2009-03-14,2009.0,"['Comedy', 'Romance']",Daryl Wein,"['Zoe Lister-Jones', 'Daryl Wein', 'Julie White']",0,0,0,,5.6,12,0.67457,88.0,en
86304,All Superheroes Must Die,2011-10-26,2011.0,"['Science Fiction', 'Thriller']",Jason Trost,"['Jason Trost', 'Lucas Till', 'James Remar']",0,0,0,,4.2,13,3.545991,78.0,en
692,Pink Flamingos,1972-03-12,1972.0,"['Horror', 'Comedy', 'Crime']",John Waters,"['Divine', 'David Lochary', 'Mary Vivian Pearce']",12000,6000000,5988000,49900.0,6.2,110,4.553644,93.0,en
39851,Clean,2004-09-01,2004.0,['Drama'],Olivier Assayas,"['Maggie Cheung', 'Nick Nolte', 'Béatrice Dalle']",0,0,0,,6.7,17,1.464566,111.0,en
13898,The Circle,2000-09-08,2000.0,"['Drama', 'Foreign']",Jafar Panahi,"['Nargess Mamizadeh', 'Maryiam Palvin Almani', 'Mojgan Faramarzi']",0,0,0,,6.6,17,1.193779,90.0,fa
157185,Tin Can Man,2007-01-01,2007.0,['Horror'],Ivan Kavanagh,"['Michael Parle', 'Emma Eliza Regan', ""Patrick O'Donnell""]",13,0,-13,-100.0,2.0,1,0.332679,84.0,en
36095,Cure,1997-11-06,1997.0,"['Crime', 'Horror', 'Mystery', 'Thriller']",Kiyoshi Kurosawa,"['Koji Yakusho', 'Masato Hagiwara', 'Tsuyoshi Ujiki']",20000,99000,79000,395.0,7.4,63,0.212443,111.0,ja
182291,On The Downlow,2004-04-11,2004.0,['Drama'],Tadeo Garcia,"['Tony Sancho', 'Michael Cortez', 'Donato Cruz']",0,0,0,,6.0,2,0.029757,90.0,en
286939,Sanctuary: Quite a Conundrum,2012-01-20,2012.0,"['Thriller', 'Horror', 'Comedy']",Thomas L. Phillips,"['Sasha Ramos', 'Erin Cline', 'Emily Rogers']",0,0,0,,0.0,0,0.166513,82.0,en
124606,Bang,1995-09-09,1995.0,['Drama'],Ash Baron-Cohen,"['Darling Narita', 'Peter Greene', 'Michael Newland']",0,0,0,,6.0,1,0.918116,98.0,en
14337,Primer,2004-10-08,2004.0,"['Science Fiction', 'Drama', 'Thriller']",Shane Carruth,"['Shane Carruth', 'David Sullivan', 'Casey Gooden']",7000,424760,417760,5968.0,6.9,658,23.307949,77.0,en
67238,Cavite,2005-03-12,2005.0,"['Foreign', 'Thriller']",Neill Dela Llana,[],0,0,0,,7.5,2,0.022173,80.0,en
9367,El Mariachi,1992-09-04,1992.0,"['Action', 'Crime', 'Thriller']",Robert Rodriguez,"['Carlos Gallardo', 'Jaime de Hoyos', 'Peter Marquardt']",220000,2040920,1820920,827.6909090909091,6.6,238,14.269792,81.0,es
72766,Newlyweds,2011-12-26,2011.0,"['Comedy', 'Romance']",Edward Burns,"['Edward Burns', 'Kerry Bishé', 'Marsha Dietlein']",9000,0,-9000,-100.0,5.9,5,0.642552,85.0,en
231617,"Signed, Sealed, Delivered",2013-10-13,2013.0,"['Comedy', 'Drama', 'Romance', 'TV Movie']",Scott Smith,"['Eric Mabius', 'Kristin Booth', 'Crystal Lowe']",0,0,0,,7.0,6,1.444476,120.0,en
126186,Shanghai Calling,2012-05-03,2012.0,[],Daniel Hsia,"['Daniel Henney', 'Eliza Coupe', 'Bill Paxton']",0,0,0,,5.7,7,0.857008,98.0,en
25975,My Date with Drew,2005-08-05,2005.0,['Documentary'],Brian Herzlinger,"['Drew Barrymore', 'Brian Herzlinger', 'Corey Feldman']",0,0,0,,6.3,16,1.929883,90.0,en
